layout_id,seed,family,error_mode,rounding,case_id,BASE,PARALLAX,ADAPT_SHARED,ADAPT_GATED,PAIR_GATED,ADAPT_SHADOW,ADAPT_VALUE_GATE,ADAPT_ENTRY
cluster_0cc29f41ef7b2fa6,191082,cluster,negative,bounded,cluster_0cc29f41ef7b2fa6__negative__bounded,6521.778195,6280.989139,6330.584904,6313.210924,6186.539517,6313.210924,6313.210924,6313.210924
cluster_0cc29f41ef7b2fa6,191082,cluster,negative,pre_round_stress,cluster_0cc29f41ef7b2fa6__negative__pre_round_stress,6521.88573,6281.043379,6330.723642,6313.312715,6186.718924,6313.312715,6313.312715,6313.312715
cluster_0cc29f41ef7b2fa6,191082,cluster,positive,bounded,cluster_0cc29f41ef7b2fa6__positive__bounded,6282.780311,6338.586004,6294.227806,6279.449047,6221.386404,6279.449047,6268.747953,6279.449047
cluster_0cc29f41ef7b2fa6,191082,cluster,positive,pre_round_stress,cluster_0cc29f41ef7b2fa6__positive__pre_round_stress,6282.638036,6338.800613,6294.184075,6279.363376,6221.308146,6279.363376,6268.662282,6279.363376
cluster_0cc29f41ef7b2fa6,191082,cluster,smooth,bounded,cluster_0cc29f41ef7b2fa6__smooth__bounded,6253.871251,6290.303826,6280.684284,6246.934046,6171.441012,6246.934046,6236.321121,6246.934046
cluster_0cc29f41ef7b2fa6,191082,cluster,smooth,pre_round_stress,cluster_0cc29f41ef7b2fa6__smooth__pre_round_stress,6253.871251,6290.303826,6280.687207,6246.934046,6171.441012,6246.934046,6236.321121,6246.934046
cluster_0cc29f41ef7b2fa6,191082,cluster,spatial_hash,bounded,cluster_0cc29f41ef7b2fa6__spatial_hash__bounded,6292.588363,6337.408613,6359.0822,6289.209684,6210.879614,6289.209684,6289.209684,6289.209684
cluster_0cc29f41ef7b2fa6,191082,cluster,spatial_hash,pre_round_stress,cluster_0cc29f41ef7b2fa6__spatial_hash__pre_round_stress,6292.588363,6337.408613,6359.0822,6289.209684,6210.879614,6289.209684,6289.209684,6289.209684
cluster_16bc5cb78169284b,191058,cluster,negative,bounded,cluster_16bc5cb78169284b__negative__bounded,6749.673486,6557.931557,6090.432806,6060.799275,5992.055708,6060.799275,6054.945385,6043.443047
cluster_16bc5cb78169284b,191058,cluster,negative,pre_round_stress,cluster_16bc5cb78169284b__negative__pre_round_stress,6732.768522,6555.908829,6090.227512,6060.589832,5992.050266,6060.589832,6054.738477,6043.213269
cluster_16bc5cb78169284b,191058,cluster,positive,bounded,cluster_16bc5cb78169284b__positive__bounded,6383.473584,6363.419954,6004.587514,5985.926831,6055.744936,5985.926831,5979.142013,5985.926831
cluster_16bc5cb78169284b,191058,cluster,positive,pre_round_stress,cluster_16bc5cb78169284b__positive__pre_round_stress,6383.454,6363.474521,6004.724663,5986.019324,6055.748143,5986.019324,5979.232363,5986.019324
cluster_16bc5cb78169284b,191058,cluster,smooth,bounded,cluster_16bc5cb78169284b__smooth__bounded,6374.035416,6367.294339,6023.849929,6006.566106,6010.536542,6006.566106,6006.566106,6006.566106
cluster_16bc5cb78169284b,191058,cluster,smooth,pre_round_stress,cluster_16bc5cb78169284b__smooth__pre_round_stress,6374.035416,6367.294339,6023.849929,6006.566106,6010.539226,6006.566106,6006.566106,6006.566106
cluster_16bc5cb78169284b,191058,cluster,spatial_hash,bounded,cluster_16bc5cb78169284b__spatial_hash__bounded,6363.998401,6180.360921,6019.084626,5999.374335,6049.015166,5999.374335,5992.820714,5999.374335
cluster_16bc5cb78169284b,191058,cluster,spatial_hash,pre_round_stress,cluster_16bc5cb78169284b__spatial_hash__pre_round_stress,6363.998401,6180.360921,6019.084626,5999.374335,6049.015166,5999.374335,5992.820714,5999.374335
cluster_31296b5033722470,191112,cluster,negative,bounded,cluster_31296b5033722470__negative__bounded,5768.797872,5581.038852,5610.410099,5523.512518,5481.75267,5523.512518,5523.512518,5523.512518
cluster_31296b5033722470,191112,cluster,negative,pre_round_stress,cluster_31296b5033722470__negative__pre_round_stress,5768.651243,5581.078876,5610.413823,5523.516242,5481.732919,5523.516242,5523.516242,5523.516242
cluster_31296b5033722470,191112,cluster,positive,bounded,cluster_31296b5033722470__positive__bounded,5628.811781,5515.087589,5495.48335,5507.595795,5555.605182,5507.595795,5507.595795,5507.595795
cluster_31296b5033722470,191112,cluster,positive,pre_round_stress,cluster_31296b5033722470__positive__pre_round_stress,5628.813212,5515.208292,5495.537985,5507.649686,5555.596185,5507.649686,5507.649686,5507.649686
cluster_31296b5033722470,191112,cluster,smooth,bounded,cluster_31296b5033722470__smooth__bounded,5752.28233,5541.889404,5500.008298,5493.524971,5530.272714,5493.524971,5493.524971,5493.524971
cluster_31296b5033722470,191112,cluster,smooth,pre_round_stress,cluster_31296b5033722470__smooth__pre_round_stress,5752.284828,5541.844928,5499.967064,5493.483737,5530.229998,5493.483737,5493.483737,5493.483737
cluster_31296b5033722470,191112,cluster,spatial_hash,bounded,cluster_31296b5033722470__spatial_hash__bounded,5625.338763,5505.615907,5789.385227,5480.270109,5548.45264,5480.270109,5480.270109,5480.270109
cluster_31296b5033722470,191112,cluster,spatial_hash,pre_round_stress,cluster_31296b5033722470__spatial_hash__pre_round_stress,5625.338763,5505.615907,5789.385227,5480.270109,5548.45264,5480.270109,5480.270109,5480.270109
cluster_31f2044651973a7a,191076,cluster,negative,bounded,cluster_31f2044651973a7a__negative__bounded,5861.47006,5869.040564,5861.710466,5825.902448,5841.781997,5825.902448,5825.902448,5825.902448
cluster_31f2044651973a7a,191076,cluster,negative,pre_round_stress,cluster_31f2044651973a7a__negative__pre_round_stress,5861.507966,5869.101625,5861.630541,5825.814773,5841.621897,5825.814773,5825.814773,5825.814773
cluster_31f2044651973a7a,191076,cluster,positive,bounded,cluster_31f2044651973a7a__positive__bounded,6313.063237,6340.950735,6305.897772,6315.597288,6282.287088,6315.597288,6315.597288,6315.597288
cluster_31f2044651973a7a,191076,cluster,positive,pre_round_stress,cluster_31f2044651973a7a__positive__pre_round_stress,6313.345205,6341.313536,6306.145258,6315.862513,6282.499791,6315.862513,6315.862513,6315.862513
cluster_31f2044651973a7a,191076,cluster,smooth,bounded,cluster_31f2044651973a7a__smooth__bounded,6067.45111,6095.678633,6000.374598,6038.549621,6032.988306,6038.549621,6038.549621,6038.549621
cluster_31f2044651973a7a,191076,cluster,smooth,pre_round_stress,cluster_31f2044651973a7a__smooth__pre_round_stress,6067.45111,6095.678633,6000.374598,6038.549621,6032.988306,6038.549621,6038.549621,6038.549621
cluster_31f2044651973a7a,191076,cluster,spatial_hash,bounded,cluster_31f2044651973a7a__spatial_hash__bounded,5958.210293,6031.533292,5927.684003,5929.897436,5904.915272,5929.897436,5928.176847,5929.897436
cluster_31f2044651973a7a,191076,cluster,spatial_hash,pre_round_stress,cluster_31f2044651973a7a__spatial_hash__pre_round_stress,5958.210293,6031.533292,5927.684003,5929.897436,5904.915272,5929.897436,5928.176847,5929.897436
cluster_37a7f070473c076e,191046,cluster,negative,bounded,cluster_37a7f070473c076e__negative__bounded,5917.299008,5717.243145,5576.362728,5491.255026,5467.745106,5486.255026,5543.460864,5489.683948
cluster_37a7f070473c076e,191046,cluster,negative,pre_round_stress,cluster_37a7f070473c076e__negative__pre_round_stress,5923.982912,5678.447495,5576.391824,5491.232481,5467.703344,5486.232481,5543.385267,5489.669041
cluster_37a7f070473c076e,191046,cluster,positive,bounded,cluster_37a7f070473c076e__positive__bounded,5617.635094,5536.695824,5607.077129,5497.504635,5459.941078,5497.504635,5473.465277,5497.504635
cluster_37a7f070473c076e,191046,cluster,positive,pre_round_stress,cluster_37a7f070473c076e__positive__pre_round_stress,5617.915034,5536.708832,5607.03294,5497.481999,5459.926547,5497.481999,5473.443605,5497.481999
cluster_37a7f070473c076e,191046,cluster,smooth,bounded,cluster_37a7f070473c076e__smooth__bounded,4828.678308,4734.201532,5139.161682,4852.411802,4752.302443,4852.411802,4851.828586,4819.521267
cluster_37a7f070473c076e,191046,cluster,smooth,pre_round_stress,cluster_37a7f070473c076e__smooth__pre_round_stress,4828.675357,4734.198248,5139.163942,4852.380538,4752.281597,4852.380538,4851.797322,4819.490003
cluster_37a7f070473c076e,191046,cluster,spatial_hash,bounded,cluster_37a7f070473c076e__spatial_hash__bounded,3568.654528,3215.70243,5046.53614,5021.466305,5009.84146,5021.466305,5637.964359,5120.162842
cluster_37a7f070473c076e,191046,cluster,spatial_hash,pre_round_stress,cluster_37a7f070473c076e__spatial_hash__pre_round_stress,3568.654528,3215.70243,5046.53614,5021.466305,5009.84146,5021.466305,5637.964359,5120.162842
cluster_3855463a57c8dba6,191100,cluster,negative,bounded,cluster_3855463a57c8dba6__negative__bounded,6059.333102,6119.567912,5766.826191,6135.156386,6111.548515,6135.156386,6135.156386,6135.156386
cluster_3855463a57c8dba6,191100,cluster,negative,pre_round_stress,cluster_3855463a57c8dba6__negative__pre_round_stress,6068.85845,6119.640657,5766.786541,6133.455826,6118.810497,6133.455826,6133.455826,6133.455826
cluster_3855463a57c8dba6,191100,cluster,positive,bounded,cluster_3855463a57c8dba6__positive__bounded,5941.674191,5952.328288,5746.423342,5937.669857,5905.999938,5937.669857,5937.669857,5937.669857
cluster_3855463a57c8dba6,191100,cluster,positive,pre_round_stress,cluster_3855463a57c8dba6__positive__pre_round_stress,5941.762149,5952.404128,5746.577308,5937.637702,5905.982506,5937.637702,5937.637702,5937.637702
cluster_3855463a57c8dba6,191100,cluster,smooth,bounded,cluster_3855463a57c8dba6__smooth__bounded,6038.300032,6102.746336,5770.466779,6115.977351,6085.46146,6115.977351,6115.977351,6115.977351
cluster_3855463a57c8dba6,191100,cluster,smooth,pre_round_stress,cluster_3855463a57c8dba6__smooth__pre_round_stress,6038.280241,6102.730969,5770.630894,6115.961984,6085.441669,6115.961984,6115.961984,6115.961984
cluster_3855463a57c8dba6,191100,cluster,spatial_hash,bounded,cluster_3855463a57c8dba6__spatial_hash__bounded,6026.538426,6097.291917,5790.69414,6107.549565,6056.307544,6107.549565,6107.549565,6107.549565
cluster_3855463a57c8dba6,191100,cluster,spatial_hash,pre_round_stress,cluster_3855463a57c8dba6__spatial_hash__pre_round_stress,6026.538426,6097.291917,5790.69414,6107.549565,6056.307544,6107.549565,6107.549565,6107.549565
cluster_3eff2dd5cd69ec42,191070,cluster,negative,bounded,cluster_3eff2dd5cd69ec42__negative__bounded,3990.564717,3890.259443,3848.45255,3832.951162,3847.621496,3832.951162,3846.077959,3832.951162
cluster_3eff2dd5cd69ec42,191070,cluster,negative,pre_round_stress,cluster_3eff2dd5cd69ec42__negative__pre_round_stress,3990.74417,3890.543511,3848.506457,3833.117178,3847.422988,3833.117178,3846.314562,3833.117178
cluster_3eff2dd5cd69ec42,191070,cluster,positive,bounded,cluster_3eff2dd5cd69ec42__positive__bounded,3991.176795,3957.872762,3840.040852,3809.655032,3819.579089,3809.655032,3809.655032,3809.655032
cluster_3eff2dd5cd69ec42,191070,cluster,positive,pre_round_stress,cluster_3eff2dd5cd69ec42__positive__pre_round_stress,3990.946179,3957.964402,3839.776773,3809.513001,3819.372258,3809.513001,3809.513001,3809.513001
cluster_3eff2dd5cd69ec42,191070,cluster,smooth,bounded,cluster_3eff2dd5cd69ec42__smooth__bounded,3925.51501,3965.423422,3847.938706,3819.027967,3814.638618,3819.027967,3819.027967,3819.027967
cluster_3eff2dd5cd69ec42,191070,cluster,smooth,pre_round_stress,cluster_3eff2dd5cd69ec42__smooth__pre_round_stress,3925.51501,3965.423422,3847.938706,3819.027967,3814.638618,3819.027967,3819.027967,3819.027967
cluster_3eff2dd5cd69ec42,191070,cluster,spatial_hash,bounded,cluster_3eff2dd5cd69ec42__spatial_hash__bounded,3969.950635,3880.990167,3849.855822,3823.674259,3846.453012,3823.674259,3826.533543,3823.674259
cluster_3eff2dd5cd69ec42,191070,cluster,spatial_hash,pre_round_stress,cluster_3eff2dd5cd69ec42__spatial_hash__pre_round_stress,3969.950635,3880.990167,3849.855822,3823.674259,3846.453012,3823.674259,3826.533543,3823.674259
cluster_4089d728543aa374,191094,cluster,negative,bounded,cluster_4089d728543aa374__negative__bounded,6934.985707,6712.682994,6626.205474,6621.205474,6759.310517,6614.205474,6621.205474,6621.205474
cluster_4089d728543aa374,191094,cluster,negative,pre_round_stress,cluster_4089d728543aa374__negative__pre_round_stress,6946.00961,6713.079171,6626.619733,6621.619733,6775.340949,6614.619733,6621.619733,6621.619733
cluster_4089d728543aa374,191094,cluster,positive,bounded,cluster_4089d728543aa374__positive__bounded,7434.741447,7485.762536,6643.129985,6644.511107,7264.623861,6644.511107,6644.511107,6644.511107
cluster_4089d728543aa374,191094,cluster,positive,pre_round_stress,cluster_4089d728543aa374__positive__pre_round_stress,7435.852088,7485.774326,6643.312729,6644.691529,7265.058923,6644.691529,6644.691529,6644.691529
cluster_4089d728543aa374,191094,cluster,smooth,bounded,cluster_4089d728543aa374__smooth__bounded,7057.168648,7655.353868,6716.748818,6742.285798,6754.831132,6742.285798,6742.285798,7108.19224
cluster_4089d728543aa374,191094,cluster,smooth,pre_round_stress,cluster_4089d728543aa374__smooth__pre_round_stress,7057.168648,7655.353868,6716.748818,6742.285798,6754.831132,6742.285798,6742.285798,7108.19224
cluster_4089d728543aa374,191094,cluster,spatial_hash,bounded,cluster_4089d728543aa374__spatial_hash__bounded,7156.794783,7772.716366,6678.681733,6678.681733,7073.129978,6673.681733,6678.681733,6678.681733
cluster_4089d728543aa374,191094,cluster,spatial_hash,pre_round_stress,cluster_4089d728543aa374__spatial_hash__pre_round_stress,7156.794783,7772.716366,6678.681733,6678.681733,7073.129978,6673.681733,6678.681733,6678.681733
cluster_4b0c6be378a1fb7a,191028,cluster,negative,bounded,cluster_4b0c6be378a1fb7a__negative__bounded,6028.399723,6252.724909,6021.741482,6019.96018,6027.815252,6019.96018,6019.96018,6019.96018
cluster_4b0c6be378a1fb7a,191028,cluster,negative,pre_round_stress,cluster_4b0c6be378a1fb7a__negative__pre_round_stress,6028.299594,6252.942227,6021.809117,6020.036798,6027.939092,6020.036798,6020.036798,6020.036798
cluster_4b0c6be378a1fb7a,191028,cluster,positive,bounded,cluster_4b0c6be378a1fb7a__positive__bounded,5971.228191,6106.658632,6089.979798,6085.918894,5962.705161,6085.918894,6085.918894,6070.83608
cluster_4b0c6be378a1fb7a,191028,cluster,positive,pre_round_stress,cluster_4b0c6be378a1fb7a__positive__pre_round_stress,5971.282004,6106.719423,6090.000053,6085.962465,5962.74924,6085.962465,6085.962465,6070.879651
cluster_4b0c6be378a1fb7a,191028,cluster,smooth,bounded,cluster_4b0c6be378a1fb7a__smooth__bounded,5966.260539,6098.0697,5977.3959,5967.494334,5947.041448,5967.494334,5967.494334,5966.190243
cluster_4b0c6be378a1fb7a,191028,cluster,smooth,pre_round_stress,cluster_4b0c6be378a1fb7a__smooth__pre_round_stress,5966.16521,6097.9651,5977.29399,5967.389734,5946.946119,5967.389734,5967.389734,5966.085643
cluster_4b0c6be378a1fb7a,191028,cluster,spatial_hash,bounded,cluster_4b0c6be378a1fb7a__spatial_hash__bounded,5998.02333,6085.287867,5977.246155,5976.226338,5971.228806,5976.226338,5976.226338,5976.226338
cluster_4b0c6be378a1fb7a,191028,cluster,spatial_hash,pre_round_stress,cluster_4b0c6be378a1fb7a__spatial_hash__pre_round_stress,5998.02333,6085.287867,5977.246155,5976.226338,5971.228806,5976.226338,5976.226338,5976.226338
cluster_4d156bbcc25ba03a,191040,cluster,negative,bounded,cluster_4d156bbcc25ba03a__negative__bounded,6144.577675,5750.795427,5826.514577,5738.524939,6929.764166,5738.524939,5740.980031,5738.524939
cluster_4d156bbcc25ba03a,191040,cluster,negative,pre_round_stress,cluster_4d156bbcc25ba03a__negative__pre_round_stress,6142.802559,5750.337464,5827.008959,5738.469237,6927.933152,5738.469237,5741.36889,5738.469237
cluster_4d156bbcc25ba03a,191040,cluster,positive,bounded,cluster_4d156bbcc25ba03a__positive__bounded,7361.976619,7050.327106,8393.833383,7151.521567,8454.952915,7151.521567,7154.624632,8189.019644
cluster_4d156bbcc25ba03a,191040,cluster,positive,pre_round_stress,cluster_4d156bbcc25ba03a__positive__pre_round_stress,7362.062875,7049.710628,8414.332769,7150.901436,8455.053241,7150.901436,7154.553907,8189.940436
cluster_4d156bbcc25ba03a,191040,cluster,smooth,bounded,cluster_4d156bbcc25ba03a__smooth__bounded,6127.67159,5764.866863,5721.378606,5765.453063,7447.022563,5765.453063,5724.178172,5767.86121
cluster_4d156bbcc25ba03a,191040,cluster,smooth,pre_round_stress,cluster_4d156bbcc25ba03a__smooth__pre_round_stress,6127.67159,5764.866863,5721.378606,5765.453063,7447.022563,5765.453063,5724.178172,5767.86121
cluster_4d156bbcc25ba03a,191040,cluster,spatial_hash,bounded,cluster_4d156bbcc25ba03a__spatial_hash__bounded,7188.687814,7265.108415,7543.409838,7527.876677,7348.683501,7522.876677,7523.747942,7439.313266
cluster_4d156bbcc25ba03a,191040,cluster,spatial_hash,pre_round_stress,cluster_4d156bbcc25ba03a__spatial_hash__pre_round_stress,7188.687814,7265.108415,7543.409838,7527.876677,7348.683501,7522.876677,7523.747942,7439.313266
cluster_5299d21116b46601,191034,cluster,negative,bounded,cluster_5299d21116b46601__negative__bounded,3852.643301,3883.933375,3822.056801,3776.203671,3796.181295,3776.203671,3776.203671,3776.203671
cluster_5299d21116b46601,191034,cluster,negative,pre_round_stress,cluster_5299d21116b46601__negative__pre_round_stress,3852.574402,3892.380855,3821.941021,3776.148327,3800.901388,3776.148327,3776.148327,3776.148327
cluster_5299d21116b46601,191034,cluster,positive,bounded,cluster_5299d21116b46601__positive__bounded,3474.15781,2507.991565,2443.884171,2395.828151,2421.617097,2395.828151,2395.828151,2395.828151
cluster_5299d21116b46601,191034,cluster,positive,pre_round_stress,cluster_5299d21116b46601__positive__pre_round_stress,3486.745283,2508.066446,2443.910931,2395.856578,2421.487891,2395.856578,2395.856578,2395.856578
cluster_5299d21116b46601,191034,cluster,smooth,bounded,cluster_5299d21116b46601__smooth__bounded,2769.985296,2426.336814,2465.307551,2393.37942,2369.749314,2393.37942,2393.37942,2393.37942
cluster_5299d21116b46601,191034,cluster,smooth,pre_round_stress,cluster_5299d21116b46601__smooth__pre_round_stress,2770.022318,2426.375961,2465.335997,2393.420889,2369.789599,2393.420889,2393.420889,2393.420889
cluster_5299d21116b46601,191034,cluster,spatial_hash,bounded,cluster_5299d21116b46601__spatial_hash__bounded,2622.1495,2547.096656,2472.518511,2398.158067,2371.369231,2398.158067,2398.158067,2398.158067
cluster_5299d21116b46601,191034,cluster,spatial_hash,pre_round_stress,cluster_5299d21116b46601__spatial_hash__pre_round_stress,2622.1495,2547.096656,2472.518511,2398.158067,2371.369231,2398.158067,2398.158067,2398.158067
cluster_5f04f4147959c5b0,191010,cluster,negative,bounded,cluster_5f04f4147959c5b0__negative__bounded,6518.728796,6377.065437,5613.012761,6357.242741,6270.747912,6357.242741,6357.242741,6717.395192
cluster_5f04f4147959c5b0,191010,cluster,negative,pre_round_stress,cluster_5f04f4147959c5b0__negative__pre_round_stress,6518.635793,6377.037584,5613.018716,6357.174721,6270.751612,6357.174721,6357.174721,6717.325547
cluster_5f04f4147959c5b0,191010,cluster,positive,bounded,cluster_5f04f4147959c5b0__positive__bounded,7169.513549,7298.058338,6826.287933,7406.43807,6921.587923,7406.43807,7406.43807,7576.964841
cluster_5f04f4147959c5b0,191010,cluster,positive,pre_round_stress,cluster_5f04f4147959c5b0__positive__pre_round_stress,7169.388631,7297.905689,6826.290914,7401.127892,6921.534304,7401.127892,7401.127892,7580.110492
cluster_5f04f4147959c5b0,191010,cluster,smooth,bounded,cluster_5f04f4147959c5b0__smooth__bounded,6460.345314,6323.762849,6092.766214,6319.223578,6256.622632,6319.223578,6319.223578,6743.692119
cluster_5f04f4147959c5b0,191010,cluster,smooth,pre_round_stress,cluster_5f04f4147959c5b0__smooth__pre_round_stress,6460.345314,6323.762849,6092.766214,6319.223578,6256.622632,6319.223578,6319.223578,6743.692119
cluster_5f04f4147959c5b0,191010,cluster,spatial_hash,bounded,cluster_5f04f4147959c5b0__spatial_hash__bounded,6506.475486,6399.873564,5637.84948,5638.446782,5836.28293,5638.446782,5638.446782,5629.936383
cluster_5f04f4147959c5b0,191010,cluster,spatial_hash,pre_round_stress,cluster_5f04f4147959c5b0__spatial_hash__pre_round_stress,6506.475486,6399.873564,5637.84948,5638.446782,5836.28293,5638.446782,5638.446782,5629.936383
cluster_6e055d5f2ff53696,191118,cluster,negative,bounded,cluster_6e055d5f2ff53696__negative__bounded,6201.443305,6918.986056,6930.697005,6924.791723,6207.248972,6924.791723,6924.791723,6581.101161
cluster_6e055d5f2ff53696,191118,cluster,negative,pre_round_stress,cluster_6e055d5f2ff53696__negative__pre_round_stress,6201.46794,6919.015906,6930.710911,6924.804771,6207.256805,6924.804771,6924.804771,6581.114209
cluster_6e055d5f2ff53696,191118,cluster,positive,bounded,cluster_6e055d5f2ff53696__positive__bounded,6122.671304,6161.504306,6176.615013,6170.655966,6138.111069,6170.655966,6170.655966,6170.655966
cluster_6e055d5f2ff53696,191118,cluster,positive,pre_round_stress,cluster_6e055d5f2ff53696__positive__pre_round_stress,6122.626895,6169.006314,6184.120176,6178.162036,6138.06929,6178.162036,6178.162036,6178.162036
cluster_6e055d5f2ff53696,191118,cluster,smooth,bounded,cluster_6e055d5f2ff53696__smooth__bounded,6122.419215,6130.044845,6143.966153,6137.943585,6136.793641,6137.943585,6137.943585,6137.943585
cluster_6e055d5f2ff53696,191118,cluster,smooth,pre_round_stress,cluster_6e055d5f2ff53696__smooth__pre_round_stress,6122.373474,6129.99873,6143.920038,6137.89747,6136.7479,6137.89747,6137.89747,6137.89747
cluster_6e055d5f2ff53696,191118,cluster,spatial_hash,bounded,cluster_6e055d5f2ff53696__spatial_hash__bounded,6133.738573,6169.595155,6173.902067,6169.276414,6141.648814,6169.276414,6169.276414,6169.276414
cluster_6e055d5f2ff53696,191118,cluster,spatial_hash,pre_round_stress,cluster_6e055d5f2ff53696__spatial_hash__pre_round_stress,6133.738573,6169.595155,6173.902067,6169.276414,6141.648814,6169.276414,6169.276414,6169.276414
cluster_90516f1575f8c145,191052,cluster,negative,bounded,cluster_90516f1575f8c145__negative__bounded,5882.859592,5790.17934,5742.841818,5794.338846,5902.497144,5794.338846,5794.338846,5794.338846
cluster_90516f1575f8c145,191052,cluster,negative,pre_round_stress,cluster_90516f1575f8c145__negative__pre_round_stress,5882.967767,5790.242892,5742.927476,5794.386597,5902.564089,5794.386597,5794.386597,5794.386597
cluster_90516f1575f8c145,191052,cluster,positive,bounded,cluster_90516f1575f8c145__positive__bounded,5899.947201,5824.171414,5768.966012,5826.715969,5924.823002,5826.715969,5826.715969,5826.715969
cluster_90516f1575f8c145,191052,cluster,positive,pre_round_stress,cluster_90516f1575f8c145__positive__pre_round_stress,5899.814661,5824.508508,5768.904058,5827.022018,5924.739602,5827.022018,5827.022018,5827.022018
cluster_90516f1575f8c145,191052,cluster,smooth,bounded,cluster_90516f1575f8c145__smooth__bounded,5835.053284,5779.868088,5868.155446,5816.271848,5877.861513,5816.271848,5816.271848,5816.271848
cluster_90516f1575f8c145,191052,cluster,smooth,pre_round_stress,cluster_90516f1575f8c145__smooth__pre_round_stress,5835.053284,5779.868088,5868.155446,5816.271848,5877.861513,5816.271848,5816.271848,5816.271848
cluster_90516f1575f8c145,191052,cluster,spatial_hash,bounded,cluster_90516f1575f8c145__spatial_hash__bounded,5830.74632,5821.001891,5902.466113,5840.945891,5869.879341,5840.945891,5840.945891,5840.945891
cluster_90516f1575f8c145,191052,cluster,spatial_hash,pre_round_stress,cluster_90516f1575f8c145__spatial_hash__pre_round_stress,5830.74632,5821.001891,5902.466113,5840.945891,5869.879341,5840.945891,5840.945891,5840.945891
cluster_92dd59e9edfe9c83,191004,cluster,negative,bounded,cluster_92dd59e9edfe9c83__negative__bounded,6427.567901,6849.381714,6973.633052,6909.805665,6402.634443,6874.805665,6890.298762,7394.959524
cluster_92dd59e9edfe9c83,191004,cluster,negative,pre_round_stress,cluster_92dd59e9edfe9c83__negative__pre_round_stress,6427.509931,6849.323691,6973.643212,6909.815828,6402.561382,6874.815828,6890.317203,7394.971636
cluster_92dd59e9edfe9c83,191004,cluster,positive,bounded,cluster_92dd59e9edfe9c83__positive__bounded,6331.796223,6347.225801,6359.399167,6353.399167,6362.255926,6353.399167,6353.399167,6353.399167
cluster_92dd59e9edfe9c83,191004,cluster,positive,pre_round_stress,cluster_92dd59e9edfe9c83__positive__pre_round_stress,6331.76605,6347.210612,6359.336339,6353.336339,6362.181373,6353.336339,6353.336339,6353.336339
cluster_92dd59e9edfe9c83,191004,cluster,smooth,bounded,cluster_92dd59e9edfe9c83__smooth__bounded,6309.826722,6314.429317,6336.542469,6324.543198,6329.675843,6324.543198,6324.543198,6324.543198
cluster_92dd59e9edfe9c83,191004,cluster,smooth,pre_round_stress,cluster_92dd59e9edfe9c83__smooth__pre_round_stress,6309.826722,6314.429317,6336.542469,6324.543198,6329.675843,6324.543198,6324.543198,6324.543198
cluster_92dd59e9edfe9c83,191004,cluster,spatial_hash,bounded,cluster_92dd59e9edfe9c83__spatial_hash__bounded,6332.737229,6321.566924,6339.649379,6324.548278,6358.767919,6324.548278,6324.548278,6324.548278
cluster_92dd59e9edfe9c83,191004,cluster,spatial_hash,pre_round_stress,cluster_92dd59e9edfe9c83__spatial_hash__pre_round_stress,6332.737229,6321.566924,6339.649379,6324.548278,6358.767919,6324.548278,6324.548278,6324.548278
cluster_9352f4b8535a6ccc,191106,cluster,negative,bounded,cluster_9352f4b8535a6ccc__negative__bounded,6236.921222,6180.137126,6194.702351,6180.137126,6236.921222,6180.137126,6184.943227,6180.137126
cluster_9352f4b8535a6ccc,191106,cluster,negative,pre_round_stress,cluster_9352f4b8535a6ccc__negative__pre_round_stress,6236.927199,6180.141267,6194.714295,6180.141267,6236.927199,6180.141267,6184.934543,6180.141267
cluster_9352f4b8535a6ccc,191106,cluster,positive,bounded,cluster_9352f4b8535a6ccc__positive__bounded,6235.11721,6157.217432,6173.945381,6157.217432,6235.11721,6157.217432,6167.406445,6157.217432
cluster_9352f4b8535a6ccc,191106,cluster,positive,pre_round_stress,cluster_9352f4b8535a6ccc__positive__pre_round_stress,6242.683645,6141.037878,6157.735925,6141.037878,6242.683645,6141.037878,6151.058371,6141.037878
cluster_9352f4b8535a6ccc,191106,cluster,smooth,bounded,cluster_9352f4b8535a6ccc__smooth__bounded,6240.444315,6164.718105,6178.606157,6158.348874,6214.85104,6158.348874,6157.122839,6158.348874
cluster_9352f4b8535a6ccc,191106,cluster,smooth,pre_round_stress,cluster_9352f4b8535a6ccc__smooth__pre_round_stress,6240.444315,6164.714499,6178.607951,6158.345268,6214.85104,6158.345268,6157.122839,6158.345268
cluster_9352f4b8535a6ccc,191106,cluster,spatial_hash,bounded,cluster_9352f4b8535a6ccc__spatial_hash__bounded,6225.033924,6173.192601,6189.554337,6173.192601,6225.033924,6173.192601,6164.742191,6173.192601
cluster_9352f4b8535a6ccc,191106,cluster,spatial_hash,pre_round_stress,cluster_9352f4b8535a6ccc__spatial_hash__pre_round_stress,6225.033924,6173.192601,6189.554337,6173.192601,6225.033924,6173.192601,6164.742191,6173.192601
cluster_ca7b6cec4068bae9,191022,cluster,negative,bounded,cluster_ca7b6cec4068bae9__negative__bounded,5900.628119,5887.926581,5827.991581,5728.681012,5747.908895,5728.681012,5728.681012,5728.681012
cluster_ca7b6cec4068bae9,191022,cluster,negative,pre_round_stress,cluster_ca7b6cec4068bae9__negative__pre_round_stress,5889.292176,5888.359057,5827.897174,5728.713762,5747.939323,5728.713762,5728.713762,5728.713762
cluster_ca7b6cec4068bae9,191022,cluster,positive,bounded,cluster_ca7b6cec4068bae9__positive__bounded,5863.853427,5759.055137,5769.947938,5719.291937,5675.028011,5719.291937,5719.291937,5719.291937
cluster_ca7b6cec4068bae9,191022,cluster,positive,pre_round_stress,cluster_ca7b6cec4068bae9__positive__pre_round_stress,5869.856853,5759.40961,5769.898032,5719.244461,5681.096902,5719.244461,5719.244461,5719.244461
cluster_ca7b6cec4068bae9,191022,cluster,smooth,bounded,cluster_ca7b6cec4068bae9__smooth__bounded,5868.353672,5767.80471,5795.107912,5720.271869,5682.457274,5720.271869,5720.271869,5720.271869
cluster_ca7b6cec4068bae9,191022,cluster,smooth,pre_round_stress,cluster_ca7b6cec4068bae9__smooth__pre_round_stress,5868.353672,5767.80471,5795.10985,5720.273797,5682.457274,5720.273797,5720.273797,5720.273797
cluster_ca7b6cec4068bae9,191022,cluster,spatial_hash,bounded,cluster_ca7b6cec4068bae9__spatial_hash__bounded,5822.537453,5888.267007,6218.339226,5742.969345,5691.565091,5742.969345,5742.969345,5742.969345
cluster_ca7b6cec4068bae9,191022,cluster,spatial_hash,pre_round_stress,cluster_ca7b6cec4068bae9__spatial_hash__pre_round_stress,5822.537453,5888.267007,6218.339226,5742.969345,5691.565091,5742.969345,5742.969345,5742.969345
cluster_d837d665edcfee5a,191064,cluster,negative,bounded,cluster_d837d665edcfee5a__negative__bounded,5647.79149,5631.910978,5708.948596,5652.750844,5719.427955,5652.750844,5652.750844,5652.750844
cluster_d837d665edcfee5a,191064,cluster,negative,pre_round_stress,cluster_d837d665edcfee5a__negative__pre_round_stress,5647.765032,5631.869813,5708.749905,5652.615466,5719.475429,5652.615466,5652.615466,5652.615466
cluster_d837d665edcfee5a,191064,cluster,positive,bounded,cluster_d837d665edcfee5a__positive__bounded,5603.769905,5612.302669,5743.162269,5667.149339,5687.510113,5667.149339,5667.149339,5667.149339
cluster_d837d665edcfee5a,191064,cluster,positive,pre_round_stress,cluster_d837d665edcfee5a__positive__pre_round_stress,5603.836099,5612.368045,5743.317679,5667.360267,5687.536137,5667.360267,5667.360267,5667.360267
cluster_d837d665edcfee5a,191064,cluster,smooth,bounded,cluster_d837d665edcfee5a__smooth__bounded,5602.650516,5602.650516,5711.290258,5648.960292,5678.925753,5648.960292,5648.960292,5648.960292
cluster_d837d665edcfee5a,191064,cluster,smooth,pre_round_stress,cluster_d837d665edcfee5a__smooth__pre_round_stress,5602.660934,5602.660934,5711.290471,5648.960505,5678.925966,5648.960505,5648.960505,5648.960505
cluster_d837d665edcfee5a,191064,cluster,spatial_hash,bounded,cluster_d837d665edcfee5a__spatial_hash__bounded,5619.971676,5643.466422,5703.213456,5658.439465,5684.859702,5658.439465,5658.439465,5658.439465
cluster_d837d665edcfee5a,191064,cluster,spatial_hash,pre_round_stress,cluster_d837d665edcfee5a__spatial_hash__pre_round_stress,5619.971676,5643.466422,5703.213456,5658.439465,5684.859702,5658.439465,5658.439465,5658.439465
cluster_ec1968d94e145a14,191088,cluster,negative,bounded,cluster_ec1968d94e145a14__negative__bounded,6936.542326,6901.812617,7375.215363,6496.187002,7761.385492,6496.187002,6510.988559,6496.187002
cluster_ec1968d94e145a14,191088,cluster,negative,pre_round_stress,cluster_ec1968d94e145a14__negative__pre_round_stress,6932.37086,6901.858634,7372.410748,6496.094127,7763.211622,6496.094127,6510.894234,6496.094127
cluster_ec1968d94e145a14,191088,cluster,positive,bounded,cluster_ec1968d94e145a14__positive__bounded,7399.753408,6987.28015,6448.003614,6460.836517,7248.660479,6460.836517,6457.342368,6460.836517
cluster_ec1968d94e145a14,191088,cluster,positive,pre_round_stress,cluster_ec1968d94e145a14__positive__pre_round_stress,7399.765898,6987.490618,6448.079877,6460.891055,7248.863095,6460.891055,6457.394772,6460.891055
cluster_ec1968d94e145a14,191088,cluster,smooth,bounded,cluster_ec1968d94e145a14__smooth__bounded,7375.196591,7069.893079,6746.405264,7088.774137,7176.660189,7088.774137,7015.309915,7402.264516
cluster_ec1968d94e145a14,191088,cluster,smooth,pre_round_stress,cluster_ec1968d94e145a14__smooth__pre_round_stress,7375.196892,7070.059543,6746.579736,7088.941903,7176.667936,7088.941903,7015.310956,7402.432282
cluster_ec1968d94e145a14,191088,cluster,spatial_hash,bounded,cluster_ec1968d94e145a14__spatial_hash__bounded,6945.641139,6503.317771,6440.495618,6523.604113,6824.342812,6523.604113,6526.943781,6513.014717
cluster_ec1968d94e145a14,191088,cluster,spatial_hash,pre_round_stress,cluster_ec1968d94e145a14__spatial_hash__pre_round_stress,6945.641139,6503.317771,6440.495618,6523.604113,6824.342812,6523.604113,6526.943781,6513.014717
cluster_f96c5c9bfcbe45ad,191016,cluster,negative,bounded,cluster_f96c5c9bfcbe45ad__negative__bounded,6074.113151,6086.456371,5956.176836,5941.187364,5916.831205,5941.187364,5941.187364,5941.187364
cluster_f96c5c9bfcbe45ad,191016,cluster,negative,pre_round_stress,cluster_f96c5c9bfcbe45ad__negative__pre_round_stress,6073.875741,6086.242211,5956.182012,5941.165168,5905.591978,5941.165168,5941.165168,5941.165168
cluster_f96c5c9bfcbe45ad,191016,cluster,positive,bounded,cluster_f96c5c9bfcbe45ad__positive__bounded,6156.079064,5955.2596,5918.272515,5919.814952,5886.440976,5919.814952,5919.814952,5919.814952
cluster_f96c5c9bfcbe45ad,191016,cluster,positive,pre_round_stress,cluster_f96c5c9bfcbe45ad__positive__pre_round_stress,6155.586073,5955.383483,5918.217503,5919.66487,5886.385365,5919.66487,5919.66487,5919.66487
cluster_f96c5c9bfcbe45ad,191016,cluster,smooth,bounded,cluster_f96c5c9bfcbe45ad__smooth__bounded,6054.521388,6086.247138,5933.549985,5897.703317,5878.784489,5897.703317,5897.703317,5897.703317
cluster_f96c5c9bfcbe45ad,191016,cluster,smooth,pre_round_stress,cluster_f96c5c9bfcbe45ad__smooth__pre_round_stress,6054.577623,6086.299289,5933.583739,5897.711346,5878.792699,5897.711346,5897.711346,5897.711346
cluster_f96c5c9bfcbe45ad,191016,cluster,spatial_hash,bounded,cluster_f96c5c9bfcbe45ad__spatial_hash__bounded,6016.067319,6081.79627,5947.176813,5919.13749,5887.767012,5919.13749,5919.13749,5919.13749
cluster_f96c5c9bfcbe45ad,191016,cluster,spatial_hash,pre_round_stress,cluster_f96c5c9bfcbe45ad__spatial_hash__pre_round_stress,6016.067319,6081.79627,5947.176813,5919.13749,5887.767012,5919.13749,5919.13749,5919.13749
edge_0b283117fed56c8c,191053,edge,negative,bounded,edge_0b283117fed56c8c__negative__bounded,5771.475894,5748.084308,5770.094915,5751.78128,5766.951171,5751.78128,5751.78128,5751.78128
edge_0b283117fed56c8c,191053,edge,negative,pre_round_stress,edge_0b283117fed56c8c__negative__pre_round_stress,5771.679559,5748.290389,5770.12385,5751.990379,5767.157556,5751.990379,5751.990379,5751.990379
edge_0b283117fed56c8c,191053,edge,positive,bounded,edge_0b283117fed56c8c__positive__bounded,5731.290203,5744.855882,5765.815196,5749.216902,5736.651223,5749.216902,5749.216902,5749.216902
edge_0b283117fed56c8c,191053,edge,positive,pre_round_stress,edge_0b283117fed56c8c__positive__pre_round_stress,5731.208816,5744.790008,5765.81745,5749.209736,5736.628544,5749.209736,5749.209736,5749.209736
edge_0b283117fed56c8c,191053,edge,smooth,bounded,edge_0b283117fed56c8c__smooth__bounded,5718.602097,5731.867904,5746.36199,5739.933519,5727.667712,5739.933519,5739.933519,5739.933519
edge_0b283117fed56c8c,191053,edge,smooth,pre_round_stress,edge_0b283117fed56c8c__smooth__pre_round_stress,5718.602519,5731.868152,5746.362349,5739.933757,5727.668124,5739.933757,5739.933757,5739.933757
edge_0b283117fed56c8c,191053,edge,spatial_hash,bounded,edge_0b283117fed56c8c__spatial_hash__bounded,5745.703674,5748.986612,5758.146845,5754.477482,5752.194544,5754.477482,5754.477482,5754.477482
edge_0b283117fed56c8c,191053,edge,spatial_hash,pre_round_stress,edge_0b283117fed56c8c__spatial_hash__pre_round_stress,5745.703674,5748.986612,5758.146845,5754.477482,5752.194544,5754.477482,5754.477482,5754.477482
edge_1207763f389a28bf,191089,edge,negative,bounded,edge_1207763f389a28bf__negative__bounded,6701.430449,6573.374711,6521.644665,6574.7832,6715.835298,6574.7832,6602.439617,6596.296323
edge_1207763f389a28bf,191089,edge,negative,pre_round_stress,edge_1207763f389a28bf__negative__pre_round_stress,6701.349435,6573.393469,6521.616501,6574.818177,6715.754284,6574.818177,6602.404935,6596.227325
edge_1207763f389a28bf,191089,edge,positive,bounded,edge_1207763f389a28bf__positive__bounded,6653.961259,6628.701155,6537.704452,6620.819177,6672.597101,6620.819177,6628.699179,6611.094971
edge_1207763f389a28bf,191089,edge,positive,pre_round_stress,edge_1207763f389a28bf__positive__pre_round_stress,6654.093589,6628.983186,6537.64548,6621.00901,6677.747003,6621.00901,6628.871929,6611.289276
edge_1207763f389a28bf,191089,edge,smooth,bounded,edge_1207763f389a28bf__smooth__bounded,6845.844939,6554.76736,6470.6407,6519.358119,6661.954409,6519.358119,6519.358119,6508.647713
edge_1207763f389a28bf,191089,edge,smooth,pre_round_stress,edge_1207763f389a28bf__smooth__pre_round_stress,6845.844939,6554.759221,6470.632561,6519.34998,6661.954409,6519.34998,6519.34998,6508.639574
edge_1207763f389a28bf,191089,edge,spatial_hash,bounded,edge_1207763f389a28bf__spatial_hash__bounded,6629.863668,6508.05131,6436.642049,6501.423578,6643.169671,6501.423578,6501.423578,6501.423578
edge_1207763f389a28bf,191089,edge,spatial_hash,pre_round_stress,edge_1207763f389a28bf__spatial_hash__pre_round_stress,6629.863668,6508.05131,6436.642049,6501.423578,6643.169671,6501.423578,6501.423578,6501.423578
edge_1f036d6615cbe27e,191029,edge,negative,bounded,edge_1f036d6615cbe27e__negative__bounded,5883.421506,5798.010892,5884.892789,5844.172945,5929.760114,5844.172945,5860.59812,5880.802764
edge_1f036d6615cbe27e,191029,edge,negative,pre_round_stress,edge_1f036d6615cbe27e__negative__pre_round_stress,5888.417366,5798.057345,5871.956867,5844.220722,5934.764947,5844.220722,5860.633782,5844.220722
edge_1f036d6615cbe27e,191029,edge,positive,bounded,edge_1f036d6615cbe27e__positive__bounded,6419.205378,6485.005541,6555.197083,6530.334363,6441.403406,6525.334363,6521.256991,6521.948803
edge_1f036d6615cbe27e,191029,edge,positive,pre_round_stress,edge_1f036d6615cbe27e__positive__pre_round_stress,6419.198032,6462.722274,6527.896348,6503.034995,6441.363646,6498.034995,6493.834194,6519.612729
edge_1f036d6615cbe27e,191029,edge,smooth,bounded,edge_1f036d6615cbe27e__smooth__bounded,6324.437083,6399.136031,6404.026874,6433.354805,6350.302598,6433.354805,6433.354805,6433.354805
edge_1f036d6615cbe27e,191029,edge,smooth,pre_round_stress,edge_1f036d6615cbe27e__smooth__pre_round_stress,6324.437083,6399.136031,6404.026874,6433.354805,6350.302598,6433.354805,6433.354805,6433.354805
edge_1f036d6615cbe27e,191029,edge,spatial_hash,bounded,edge_1f036d6615cbe27e__spatial_hash__bounded,5593.914109,5652.584076,5643.073327,5632.060488,5619.037863,5632.060488,5632.060488,5632.060488
edge_1f036d6615cbe27e,191029,edge,spatial_hash,pre_round_stress,edge_1f036d6615cbe27e__spatial_hash__pre_round_stress,5593.914109,5652.584076,5643.073327,5632.060488,5619.037863,5632.060488,5632.060488,5632.060488
edge_3829e893f9001e3c,191071,edge,negative,bounded,edge_3829e893f9001e3c__negative__bounded,6710.089424,6735.976626,6747.058566,6740.976626,6718.089424,6740.976626,6754.918935,6739.442728
edge_3829e893f9001e3c,191071,edge,negative,pre_round_stress,edge_3829e893f9001e3c__negative__pre_round_stress,6710.314944,6736.371348,6747.453291,6741.371348,6718.314944,6741.371348,6755.320794,6739.839403
edge_3829e893f9001e3c,191071,edge,positive,bounded,edge_3829e893f9001e3c__positive__bounded,6689.463142,6737.346524,6752.305695,6740.938902,6698.377055,6740.938902,6752.294636,6740.938902
edge_3829e893f9001e3c,191071,edge,positive,pre_round_stress,edge_3829e893f9001e3c__positive__pre_round_stress,6689.482371,6737.369061,6752.324713,6740.95578,6698.398517,6740.95578,6752.370638,6740.95578
edge_3829e893f9001e3c,191071,edge,smooth,bounded,edge_3829e893f9001e3c__smooth__bounded,6635.246962,6660.837831,6666.344009,6665.837831,6643.246962,6665.837831,6665.837831,6665.837831
edge_3829e893f9001e3c,191071,edge,smooth,pre_round_stress,edge_3829e893f9001e3c__smooth__pre_round_stress,6635.246276,6660.837145,6666.343323,6665.837145,6643.246276,6665.837145,6665.837145,6665.837145
edge_3829e893f9001e3c,191071,edge,spatial_hash,bounded,edge_3829e893f9001e3c__spatial_hash__bounded,6692.860811,6706.763065,6718.109286,6711.763065,6700.860811,6711.763065,6725.685502,6710.220184
edge_3829e893f9001e3c,191071,edge,spatial_hash,pre_round_stress,edge_3829e893f9001e3c__spatial_hash__pre_round_stress,6692.860811,6706.763065,6718.109286,6711.763065,6700.860811,6711.763065,6725.685502,6710.220184
edge_3ecdc614603a3796,191101,edge,negative,bounded,edge_3ecdc614603a3796__negative__bounded,5568.739548,5543.053637,5583.016189,5547.723544,5567.541441,5547.723544,5547.723544,5547.723544
edge_3ecdc614603a3796,191101,edge,negative,pre_round_stress,edge_3ecdc614603a3796__negative__pre_round_stress,5568.680179,5542.974648,5582.948812,5547.648168,5567.30649,5547.648168,5547.648168,5547.648168
edge_3ecdc614603a3796,191101,edge,positive,bounded,edge_3ecdc614603a3796__positive__bounded,5554.787298,5561.884006,5611.94828,5565.627206,5560.883116,5565.627206,5580.609699,5565.627206
edge_3ecdc614603a3796,191101,edge,positive,pre_round_stress,edge_3ecdc614603a3796__positive__pre_round_stress,5554.68568,5561.819871,5611.836117,5565.537923,5560.776478,5565.537923,5580.515086,5565.537923
edge_3ecdc614603a3796,191101,edge,smooth,bounded,edge_3ecdc614603a3796__smooth__bounded,5532.316281,5529.301449,5545.980886,5538.525079,5548.688317,5538.525079,5527.112142,5538.987335
edge_3ecdc614603a3796,191101,edge,smooth,pre_round_stress,edge_3ecdc614603a3796__smooth__pre_round_stress,5532.275049,5529.260702,5545.939689,5538.484169,5548.647407,5538.484169,5527.071232,5538.946425
edge_3ecdc614603a3796,191101,edge,spatial_hash,bounded,edge_3ecdc614603a3796__spatial_hash__bounded,5501.397776,5524.535717,5544.913943,5530.62154,5513.65452,5530.62154,5520.047408,5530.62154
edge_3ecdc614603a3796,191101,edge,spatial_hash,pre_round_stress,edge_3ecdc614603a3796__spatial_hash__pre_round_stress,5501.397776,5524.535717,5544.913943,5530.62154,5513.65452,5530.62154,5520.047408,5530.62154
edge_44670c8c5ff73534,191005,edge,negative,bounded,edge_44670c8c5ff73534__negative__bounded,7226.467212,7113.010581,7111.363211,7071.023294,7239.49297,7071.023294,7057.476356,8025.251708
edge_44670c8c5ff73534,191005,edge,negative,pre_round_stress,edge_44670c8c5ff73534__negative__pre_round_stress,7226.547533,7113.172612,7111.650582,7071.186362,7239.555859,7071.186362,7057.637473,8025.424551
edge_44670c8c5ff73534,191005,edge,positive,bounded,edge_44670c8c5ff73534__positive__bounded,7020.694619,6826.340736,6876.474064,6848.340736,7032.181272,6848.340736,6815.830254,8141.079498
edge_44670c8c5ff73534,191005,edge,positive,pre_round_stress,edge_44670c8c5ff73534__positive__pre_round_stress,7020.802197,6826.293035,6876.392535,6848.293035,7032.274621,6848.293035,6815.876579,8141.029722
edge_44670c8c5ff73534,191005,edge,smooth,bounded,edge_44670c8c5ff73534__smooth__bounded,7141.137128,6975.968763,7017.020487,6992.968763,7147.137128,6992.968763,6979.531728,7955.610217
edge_44670c8c5ff73534,191005,edge,smooth,pre_round_stress,edge_44670c8c5ff73534__smooth__pre_round_stress,7141.204232,6976.035867,7017.070071,6993.035867,7147.204232,6993.035867,6979.598832,7955.677321
edge_44670c8c5ff73534,191005,edge,spatial_hash,bounded,edge_44670c8c5ff73534__spatial_hash__bounded,6983.439562,6788.953852,6831.952942,6806.408415,7008.068256,6806.408415,6806.408415,7786.793671
edge_44670c8c5ff73534,191005,edge,spatial_hash,pre_round_stress,edge_44670c8c5ff73534__spatial_hash__pre_round_stress,6983.439562,6788.953852,6831.952942,6806.408415,7008.068256,6806.408415,6806.408415,7786.793671
edge_5f3e1ffec14bcae1,191113,edge,negative,bounded,edge_5f3e1ffec14bcae1__negative__bounded,6844.90815,6809.015397,6841.124683,6814.015397,6851.90815,6814.015397,6814.015397,6814.015397
edge_5f3e1ffec14bcae1,191113,edge,negative,pre_round_stress,edge_5f3e1ffec14bcae1__negative__pre_round_stress,6844.920407,6809.088407,6841.180938,6814.088407,6851.920407,6814.088407,6814.088407,6814.088407
edge_5f3e1ffec14bcae1,191113,edge,positive,bounded,edge_5f3e1ffec14bcae1__positive__bounded,6854.802295,6802.961161,6859.49983,6807.961161,6861.802295,6807.961161,6807.961161,6807.961161
edge_5f3e1ffec14bcae1,191113,edge,positive,pre_round_stress,edge_5f3e1ffec14bcae1__positive__pre_round_stress,6854.78337,6802.953333,6859.487259,6807.953333,6861.78337,6807.953333,6807.953333,6807.953333
edge_5f3e1ffec14bcae1,191113,edge,smooth,bounded,edge_5f3e1ffec14bcae1__smooth__bounded,6833.100692,6798.902532,6823.367947,6803.902532,6840.100692,6803.902532,6803.902532,6803.902532
edge_5f3e1ffec14bcae1,191113,edge,smooth,pre_round_stress,edge_5f3e1ffec14bcae1__smooth__pre_round_stress,6833.100692,6798.902532,6823.367947,6803.902532,6840.100692,6803.902532,6803.902532,6803.902532
edge_5f3e1ffec14bcae1,191113,edge,spatial_hash,bounded,edge_5f3e1ffec14bcae1__spatial_hash__bounded,6826.577072,6772.53478,6796.086873,6773.031769,6827.933231,6773.031769,6773.031769,6773.031769
edge_5f3e1ffec14bcae1,191113,edge,spatial_hash,pre_round_stress,edge_5f3e1ffec14bcae1__spatial_hash__pre_round_stress,6826.577072,6772.53478,6796.086873,6773.031769,6827.933231,6773.031769,6773.031769,6773.031769
edge_7234f72f8a49edf8,191059,edge,negative,bounded,edge_7234f72f8a49edf8__negative__bounded,7476.583022,7479.712901,7492.391107,7464.523302,7497.576457,7464.523302,7479.408363,9021.048182
edge_7234f72f8a49edf8,191059,edge,negative,pre_round_stress,edge_7234f72f8a49edf8__negative__pre_round_stress,7476.576113,7487.194748,7499.870977,7471.998201,7497.566038,7471.998201,7486.883127,9021.023542
edge_7234f72f8a49edf8,191059,edge,positive,bounded,edge_7234f72f8a49edf8__positive__bounded,8824.801525,9302.071875,9505.630935,9346.193807,8876.332801,9346.193807,9356.720399,8457.694277
edge_7234f72f8a49edf8,191059,edge,positive,pre_round_stress,edge_7234f72f8a49edf8__positive__pre_round_stress,8830.680664,9307.839792,9511.410377,9351.955603,8882.207412,9351.955603,9362.978413,8471.923416
edge_7234f72f8a49edf8,191059,edge,smooth,bounded,edge_7234f72f8a49edf8__smooth__bounded,8139.987494,8214.023872,8262.574904,8220.082066,8195.648138,8220.082066,8214.274581,8436.143459
edge_7234f72f8a49edf8,191059,edge,smooth,pre_round_stress,edge_7234f72f8a49edf8__smooth__pre_round_stress,8139.981215,8214.018379,8262.573359,8220.07882,8195.641859,8220.07882,8214.271335,8436.140213
edge_7234f72f8a49edf8,191059,edge,spatial_hash,bounded,edge_7234f72f8a49edf8__spatial_hash__bounded,7479.467218,7494.676958,7519.498744,7506.533872,7496.799255,7506.533872,7517.236524,8428.228281
edge_7234f72f8a49edf8,191059,edge,spatial_hash,pre_round_stress,edge_7234f72f8a49edf8__spatial_hash__pre_round_stress,7479.467218,7494.676958,7519.498744,7506.533872,7496.799255,7506.533872,7517.236524,8428.228281
edge_8e2304a77c2a18d8,191083,edge,negative,bounded,edge_8e2304a77c2a18d8__negative__bounded,6585.202037,6568.540207,6577.627049,6567.658885,6578.185118,6567.658885,6567.658885,6553.333768
edge_8e2304a77c2a18d8,191083,edge,negative,pre_round_stress,edge_8e2304a77c2a18d8__negative__pre_round_stress,6585.14658,6568.48988,6577.557075,6567.583855,6578.114938,6567.583855,6567.583855,6553.252463
edge_8e2304a77c2a18d8,191083,edge,positive,bounded,edge_8e2304a77c2a18d8__positive__bounded,6591.696392,6578.218157,6586.187967,6573.696813,6597.115099,6573.696813,6573.696813,6573.696813
edge_8e2304a77c2a18d8,191083,edge,positive,pre_round_stress,edge_8e2304a77c2a18d8__positive__pre_round_stress,6591.585058,6578.26407,6586.103734,6573.635404,6596.997118,6573.635404,6573.635404,6573.635404
edge_8e2304a77c2a18d8,191083,edge,smooth,bounded,edge_8e2304a77c2a18d8__smooth__bounded,6545.404802,6558.585672,6562.792904,6557.33837,6541.779254,6557.33837,6557.33837,6572.480297
edge_8e2304a77c2a18d8,191083,edge,smooth,pre_round_stress,edge_8e2304a77c2a18d8__smooth__pre_round_stress,6545.408055,6558.588925,6562.796157,6557.341623,6541.782507,6557.341623,6557.341623,6572.48355
edge_8e2304a77c2a18d8,191083,edge,spatial_hash,bounded,edge_8e2304a77c2a18d8__spatial_hash__bounded,6541.858624,6560.136129,6567.617098,6561.873168,6539.988661,6561.873168,6561.873168,6561.873168
edge_8e2304a77c2a18d8,191083,edge,spatial_hash,pre_round_stress,edge_8e2304a77c2a18d8__spatial_hash__pre_round_stress,6541.858624,6560.136129,6567.617098,6561.873168,6539.988661,6561.873168,6561.873168,6561.873168
edge_93a8f157edb70958,191119,edge,negative,bounded,edge_93a8f157edb70958__negative__bounded,6872.337362,6741.235853,6754.380328,6724.380328,6878.860076,6724.380328,6724.380328,6750.22988
edge_93a8f157edb70958,191119,edge,negative,pre_round_stress,edge_93a8f157edb70958__negative__pre_round_stress,6872.40562,6758.844394,6778.357306,6748.358418,6878.918721,6748.358418,6748.358418,6750.38146
edge_93a8f157edb70958,191119,edge,positive,bounded,edge_93a8f157edb70958__positive__bounded,6881.853632,6821.441754,6847.599289,6816.05114,6893.151189,6816.05114,6816.05114,6816.05114
edge_93a8f157edb70958,191119,edge,positive,pre_round_stress,edge_93a8f157edb70958__positive__pre_round_stress,6884.570973,6821.964115,6848.058939,6816.511608,6895.762177,6816.511608,6816.511608,6816.511608
edge_93a8f157edb70958,191119,edge,smooth,bounded,edge_93a8f157edb70958__smooth__bounded,6871.995988,6751.392809,6772.182173,6752.706125,6874.309304,6752.706125,6752.706125,6752.706125
edge_93a8f157edb70958,191119,edge,smooth,pre_round_stress,edge_93a8f157edb70958__smooth__pre_round_stress,6872.017022,6751.606886,6772.397383,6752.917701,6874.327837,6752.917701,6752.917701,6752.917701
edge_93a8f157edb70958,191119,edge,spatial_hash,bounded,edge_93a8f157edb70958__spatial_hash__bounded,6846.023186,6774.673508,6775.592292,6776.204033,6852.820901,6776.204033,6776.204033,6776.204033
edge_93a8f157edb70958,191119,edge,spatial_hash,pre_round_stress,edge_93a8f157edb70958__spatial_hash__pre_round_stress,6846.023186,6774.673508,6775.592292,6776.204033,6852.820901,6776.204033,6776.204033,6776.204033
edge_951635edbcb698aa,191047,edge,negative,bounded,edge_951635edbcb698aa__negative__bounded,5537.090459,5530.82497,5560.91303,5531.530536,5529.130846,5531.530536,5542.140881,5531.530536
edge_951635edbcb698aa,191047,edge,negative,pre_round_stress,edge_951635edbcb698aa__negative__pre_round_stress,5537.04613,5530.742146,5561.647685,5532.269391,5529.908013,5532.269391,5542.93186,5532.269391
edge_951635edbcb698aa,191047,edge,positive,bounded,edge_951635edbcb698aa__positive__bounded,5572.766156,5574.977829,5608.587425,5571.137911,5571.653628,5571.137911,5571.137911,5571.137911
edge_951635edbcb698aa,191047,edge,positive,pre_round_stress,edge_951635edbcb698aa__positive__pre_round_stress,5572.750039,5575.107133,5608.624187,5571.236064,5571.622525,5571.236064,5571.236064,5571.236064
edge_951635edbcb698aa,191047,edge,smooth,bounded,edge_951635edbcb698aa__smooth__bounded,5500.885442,5506.456084,5514.815347,5507.132375,5507.132375,5507.132375,5507.132375,5507.132375
edge_951635edbcb698aa,191047,edge,smooth,pre_round_stress,edge_951635edbcb698aa__smooth__pre_round_stress,5500.877649,5506.448291,5514.812018,5507.124582,5507.124582,5507.124582,5507.124582,5507.124582
edge_951635edbcb698aa,191047,edge,spatial_hash,bounded,edge_951635edbcb698aa__spatial_hash__bounded,5498.936758,5526.747465,5527.434172,5526.944273,5516.162514,5526.944273,5535.849026,5526.944273
edge_951635edbcb698aa,191047,edge,spatial_hash,pre_round_stress,edge_951635edbcb698aa__spatial_hash__pre_round_stress,5498.936758,5526.747465,5527.434172,5526.944273,5516.162514,5526.944273,5535.849026,5526.944273
edge_97ab27c558c24580,191107,edge,negative,bounded,edge_97ab27c558c24580__negative__bounded,6329.440141,6166.325811,6166.72425,6152.972954,6288.832527,6152.972954,6152.972954,6848.663005
edge_97ab27c558c24580,191107,edge,negative,pre_round_stress,edge_97ab27c558c24580__negative__pre_round_stress,6293.966853,6166.333275,6166.699951,6152.998792,6288.754728,6152.998792,6152.998792,6848.680684
edge_97ab27c558c24580,191107,edge,positive,bounded,edge_97ab27c558c24580__positive__bounded,6898.953336,6965.509836,6979.810111,6961.657489,6902.64124,6961.657489,6941.170536,6637.199527
edge_97ab27c558c24580,191107,edge,positive,pre_round_stress,edge_97ab27c558c24580__positive__pre_round_stress,6899.041745,6965.760484,6980.161752,6961.950116,6902.788292,6961.950116,6941.316453,6637.492154
edge_97ab27c558c24580,191107,edge,smooth,bounded,edge_97ab27c558c24580__smooth__bounded,6201.621958,6162.570463,6116.956153,6125.165062,6190.755518,6125.165062,6129.482377,6485.588879
edge_97ab27c558c24580,191107,edge,smooth,pre_round_stress,edge_97ab27c558c24580__smooth__pre_round_stress,6201.621958,6162.570463,6116.956153,6125.165062,6190.755518,6125.165062,6129.482377,6485.588879
edge_97ab27c558c24580,191107,edge,spatial_hash,bounded,edge_97ab27c558c24580__spatial_hash__bounded,6199.752699,6195.098393,6167.402779,6184.263596,6204.956407,6184.263596,6179.741288,6542.76016
edge_97ab27c558c24580,191107,edge,spatial_hash,pre_round_stress,edge_97ab27c558c24580__spatial_hash__pre_round_stress,6199.752699,6195.098393,6167.402779,6184.263596,6204.956407,6184.263596,6179.741288,6542.76016
edge_a078d95390f974ad,191077,edge,negative,bounded,edge_a078d95390f974ad__negative__bounded,8103.083805,7892.615576,7928.839795,7903.615576,8108.083805,7903.615576,7893.821795,7586.626035
edge_a078d95390f974ad,191077,edge,negative,pre_round_stress,edge_a078d95390f974ad__negative__pre_round_stress,8103.168291,7892.741327,7928.962562,7903.741327,8108.168291,7903.741327,7893.973858,7586.760541
edge_a078d95390f974ad,191077,edge,positive,bounded,edge_a078d95390f974ad__positive__bounded,7471.191668,7156.103882,7150.022265,7172.103882,7491.191668,7172.103882,7161.203393,7876.808042
edge_a078d95390f974ad,191077,edge,positive,pre_round_stress,edge_a078d95390f974ad__positive__pre_round_stress,7471.137057,7155.533726,7149.498817,7171.533726,7491.137057,7171.533726,7161.114753,7876.237886
edge_a078d95390f974ad,191077,edge,smooth,bounded,edge_a078d95390f974ad__smooth__bounded,7286.148992,7158.209236,7158.38479,7169.209236,7301.148992,7169.209236,7149.449335,7579.462779
edge_a078d95390f974ad,191077,edge,smooth,pre_round_stress,edge_a078d95390f974ad__smooth__pre_round_stress,7286.166087,7158.273323,7158.448877,7169.273323,7301.166087,7169.273323,7149.513422,7579.526866
edge_a078d95390f974ad,191077,edge,spatial_hash,bounded,edge_a078d95390f974ad__spatial_hash__bounded,7400.926235,7140.449111,7154.352417,7120.352417,7400.99948,7120.352417,7131.475099,7495.748615
edge_a078d95390f974ad,191077,edge,spatial_hash,pre_round_stress,edge_a078d95390f974ad__spatial_hash__pre_round_stress,7400.926235,7140.449111,7154.352417,7120.352417,7400.99948,7120.352417,7131.475099,7495.748615
edge_abd18d0a11b5ef0f,191017,edge,negative,bounded,edge_abd18d0a11b5ef0f__negative__bounded,6826.261418,6853.990471,6900.07276,6854.073756,6830.850647,6854.073756,6842.409003,6836.832826
edge_abd18d0a11b5ef0f,191017,edge,negative,pre_round_stress,edge_abd18d0a11b5ef0f__negative__pre_round_stress,6826.215132,6853.779988,6899.853933,6853.855894,6830.799046,6853.855894,6842.309628,6843.840184
edge_abd18d0a11b5ef0f,191017,edge,positive,bounded,edge_abd18d0a11b5ef0f__positive__bounded,6831.499204,6743.578386,6787.424088,6741.422671,6831.515633,6741.422671,6725.812426,6741.422671
edge_abd18d0a11b5ef0f,191017,edge,positive,pre_round_stress,edge_abd18d0a11b5ef0f__positive__pre_round_stress,6831.431177,6743.331849,6787.164067,6741.166203,6831.445553,6741.166203,6725.673545,6741.166203
edge_abd18d0a11b5ef0f,191017,edge,smooth,bounded,edge_abd18d0a11b5ef0f__smooth__bounded,6666.822347,6756.681164,6804.162837,6761.819831,6671.672537,6761.819831,6733.912826,6780.643057
edge_abd18d0a11b5ef0f,191017,edge,smooth,pre_round_stress,edge_abd18d0a11b5ef0f__smooth__pre_round_stress,6666.822347,6756.681164,6804.162837,6761.819831,6671.672537,6761.819831,6733.912826,6780.643057
edge_abd18d0a11b5ef0f,191017,edge,spatial_hash,bounded,edge_abd18d0a11b5ef0f__spatial_hash__bounded,6748.796253,6712.07608,6738.971751,6717.095179,6753.796253,6717.095179,6713.946182,6717.095179
edge_abd18d0a11b5ef0f,191017,edge,spatial_hash,pre_round_stress,edge_abd18d0a11b5ef0f__spatial_hash__pre_round_stress,6748.796253,6712.07608,6738.971751,6717.095179,6753.796253,6717.095179,6713.946182,6717.095179
edge_cca79cf34febd89d,191095,edge,negative,bounded,edge_cca79cf34febd89d__negative__bounded,6656.523838,6603.701272,6580.489343,6557.730301,6660.940945,6557.730301,6551.15422,6995.417807
edge_cca79cf34febd89d,191095,edge,negative,pre_round_stress,edge_cca79cf34febd89d__negative__pre_round_stress,6656.744773,6603.858046,6580.613287,6557.880477,6661.166002,6557.880477,6551.319055,6995.567983
edge_cca79cf34febd89d,191095,edge,positive,bounded,edge_cca79cf34febd89d__positive__bounded,6769.697661,6493.409718,6522.826443,6489.450493,6773.757968,6489.450493,6493.925515,7237.779435
edge_cca79cf34febd89d,191095,edge,positive,pre_round_stress,edge_cca79cf34febd89d__positive__pre_round_stress,6769.770867,6493.236222,6522.673843,6494.290464,6778.845419,6494.290464,6498.793795,7242.639804
edge_cca79cf34febd89d,191095,edge,smooth,bounded,edge_cca79cf34febd89d__smooth__bounded,6554.503078,6458.767025,6470.902522,6456.625623,6552.767793,6456.625623,6456.625623,6878.922547
edge_cca79cf34febd89d,191095,edge,smooth,pre_round_stress,edge_cca79cf34febd89d__smooth__pre_round_stress,6554.489483,6458.800599,6465.68548,6454.04665,6552.754198,6454.04665,6454.04665,6876.343574
edge_cca79cf34febd89d,191095,edge,spatial_hash,bounded,edge_cca79cf34febd89d__spatial_hash__bounded,6634.367401,6532.678568,6540.784847,6517.012547,6629.560291,6517.012547,6514.629848,6946.65059
edge_cca79cf34febd89d,191095,edge,spatial_hash,pre_round_stress,edge_cca79cf34febd89d__spatial_hash__pre_round_stress,6634.367401,6532.678568,6540.784847,6517.012547,6629.560291,6517.012547,6514.629848,6946.65059
edge_ccbcc400bd6cd471,191041,edge,negative,bounded,edge_ccbcc400bd6cd471__negative__bounded,5835.440681,5779.816589,5907.949452,5826.031103,5829.656959,5826.031103,5828.493638,5798.014642
edge_ccbcc400bd6cd471,191041,edge,negative,pre_round_stress,edge_ccbcc400bd6cd471__negative__pre_round_stress,5835.410236,5780.061705,5908.190117,5826.279893,5829.635743,5826.279893,5828.544451,5797.991232
edge_ccbcc400bd6cd471,191041,edge,positive,bounded,edge_ccbcc400bd6cd471__positive__bounded,5766.12283,5714.837054,5760.688913,5718.042878,5773.099249,5718.042878,5740.919102,5708.292026
edge_ccbcc400bd6cd471,191041,edge,positive,pre_round_stress,edge_ccbcc400bd6cd471__positive__pre_round_stress,5766.060523,5714.86423,5760.677829,5718.01192,5773.03595,5718.01192,5740.892376,5708.261068
edge_ccbcc400bd6cd471,191041,edge,smooth,bounded,edge_ccbcc400bd6cd471__smooth__bounded,5650.789862,5718.157516,5785.244595,5761.788889,5669.802722,5761.788889,5700.06869,5736.174854
edge_ccbcc400bd6cd471,191041,edge,smooth,pre_round_stress,edge_ccbcc400bd6cd471__smooth__pre_round_stress,5650.789862,5718.157081,5785.24416,5761.788454,5669.802722,5761.788454,5700.068255,5736.174419
edge_ccbcc400bd6cd471,191041,edge,spatial_hash,bounded,edge_ccbcc400bd6cd471__spatial_hash__bounded,5718.61376,5712.055066,5703.821479,5717.026662,5733.822062,5717.026662,5707.390112,5707.231785
edge_ccbcc400bd6cd471,191041,edge,spatial_hash,pre_round_stress,edge_ccbcc400bd6cd471__spatial_hash__pre_round_stress,5718.61376,5712.055066,5703.821479,5717.026662,5733.822062,5717.026662,5707.390112,5707.231785
edge_d2fe96789001bce3,191023,edge,negative,bounded,edge_d2fe96789001bce3__negative__bounded,4218.375835,4323.395717,4349.18831,4313.774071,4249.875931,4313.774071,4341.896664,4313.774071
edge_d2fe96789001bce3,191023,edge,negative,pre_round_stress,edge_d2fe96789001bce3__negative__pre_round_stress,4218.404434,4314.799592,4349.180985,4313.896144,4249.900662,4313.896144,4342.02064,4313.896144
edge_d2fe96789001bce3,191023,edge,positive,bounded,edge_d2fe96789001bce3__positive__bounded,4468.100962,4275.621165,4323.100082,4290.59897,4419.836567,4290.59897,4307.771682,4290.59897
edge_d2fe96789001bce3,191023,edge,positive,pre_round_stress,edge_d2fe96789001bce3__positive__pre_round_stress,4468.075974,4275.586045,4323.108762,4290.563334,4419.837931,4290.563334,4307.743432,4290.563334
edge_d2fe96789001bce3,191023,edge,smooth,bounded,edge_d2fe96789001bce3__smooth__bounded,4297.338892,4246.948305,4261.784552,4249.232019,4257.501737,4249.232019,4272.05492,4249.232019
edge_d2fe96789001bce3,191023,edge,smooth,pre_round_stress,edge_d2fe96789001bce3__smooth__pre_round_stress,4297.338892,4246.948305,4261.784552,4249.232019,4257.501737,4249.232019,4272.05492,4249.232019
edge_d2fe96789001bce3,191023,edge,spatial_hash,bounded,edge_d2fe96789001bce3__spatial_hash__bounded,4271.347254,4284.673938,4297.456287,4279.249426,4272.066161,4279.249426,4264.865497,4279.249426
edge_d2fe96789001bce3,191023,edge,spatial_hash,pre_round_stress,edge_d2fe96789001bce3__spatial_hash__pre_round_stress,4271.347254,4284.673938,4297.456287,4279.249426,4272.066161,4279.249426,4264.865497,4279.249426
edge_d720a1ac58529f76,191065,edge,negative,bounded,edge_d720a1ac58529f76__negative__bounded,6399.025162,6256.204018,6303.448717,6284.413047,6433.991718,6284.413047,6284.413047,6284.413047
edge_d720a1ac58529f76,191065,edge,negative,pre_round_stress,edge_d720a1ac58529f76__negative__pre_round_stress,6398.992371,6256.023228,6303.268804,6284.244091,6433.932103,6284.244091,6284.244091,6284.244091
edge_d720a1ac58529f76,191065,edge,positive,bounded,edge_d720a1ac58529f76__positive__bounded,6377.817315,6290.561233,6351.186336,6308.835687,6427.34816,6308.835687,6308.835687,6308.835687
edge_d720a1ac58529f76,191065,edge,positive,pre_round_stress,edge_d720a1ac58529f76__positive__pre_round_stress,6377.890696,6290.641407,6342.46337,6308.896393,6427.408696,6308.896393,6308.896393,6308.896393
edge_d720a1ac58529f76,191065,edge,smooth,bounded,edge_d720a1ac58529f76__smooth__bounded,6353.167311,6243.96448,6266.268737,6273.460944,6391.872043,6273.460944,6273.460944,6273.460944
edge_d720a1ac58529f76,191065,edge,smooth,pre_round_stress,edge_d720a1ac58529f76__smooth__pre_round_stress,6353.115814,6243.910912,6266.20124,6273.407376,6391.820546,6273.407376,6273.407376,6273.407376
edge_d720a1ac58529f76,191065,edge,spatial_hash,bounded,edge_d720a1ac58529f76__spatial_hash__bounded,6350.65126,6260.93993,6306.442354,6285.615137,6378.799762,6285.615137,6285.615137,6285.615137
edge_d720a1ac58529f76,191065,edge,spatial_hash,pre_round_stress,edge_d720a1ac58529f76__spatial_hash__pre_round_stress,6350.65126,6260.93993,6306.442354,6285.615137,6378.799762,6285.615137,6285.615137,6285.615137
edge_dbd8d416c7296cc4,191011,edge,negative,bounded,edge_dbd8d416c7296cc4__negative__bounded,6777.910365,6582.299048,6552.86507,6590.144571,6785.755888,6590.144571,6590.144571,7327.40857
edge_dbd8d416c7296cc4,191011,edge,negative,pre_round_stress,edge_dbd8d416c7296cc4__negative__pre_round_stress,6777.934906,6582.430296,6552.96738,6590.268151,6785.772761,6590.268151,6590.268151,7333.113355
edge_dbd8d416c7296cc4,191011,edge,positive,bounded,edge_dbd8d416c7296cc4__positive__bounded,6730.155689,6682.301686,6730.696093,6693.500055,6749.974779,6693.500055,6693.500055,7410.913099
edge_dbd8d416c7296cc4,191011,edge,positive,pre_round_stress,edge_dbd8d416c7296cc4__positive__pre_round_stress,6730.07064,6682.242691,6730.600877,6693.411682,6749.886574,6693.411682,6693.411682,7410.824726
edge_dbd8d416c7296cc4,191011,edge,smooth,bounded,edge_dbd8d416c7296cc4__smooth__bounded,7384.411535,7356.622464,7386.142309,7373.957578,7401.454101,7373.957578,7373.957578,7050.035674
edge_dbd8d416c7296cc4,191011,edge,smooth,pre_round_stress,edge_dbd8d416c7296cc4__smooth__pre_round_stress,7384.441751,7356.65268,7386.172597,7373.987794,7401.484317,7373.987794,7373.987794,7050.06589
edge_dbd8d416c7296cc4,191011,edge,spatial_hash,bounded,edge_dbd8d416c7296cc4__spatial_hash__bounded,6714.549546,6670.711895,6686.252188,6679.655231,6734.357971,6679.655231,6679.655231,7061.824987
edge_dbd8d416c7296cc4,191011,edge,spatial_hash,pre_round_stress,edge_dbd8d416c7296cc4__spatial_hash__pre_round_stress,6714.549546,6670.711895,6686.252188,6679.655231,6734.357971,6679.655231,6679.655231,7061.824987
edge_ed62360542b2a267,191035,edge,negative,bounded,edge_ed62360542b2a267__negative__bounded,7611.510305,7373.667154,7392.392889,7386.222407,7644.93483,7386.222407,7413.261352,7764.658509
edge_ed62360542b2a267,191035,edge,negative,pre_round_stress,edge_ed62360542b2a267__negative__pre_round_stress,7611.74294,7374.04199,7392.770878,7386.601849,7645.177005,7386.601849,7413.5976,7756.370918
edge_ed62360542b2a267,191035,edge,positive,bounded,edge_ed62360542b2a267__positive__bounded,7663.755224,7445.375283,7463.275558,7459.294555,7679.25393,7459.294555,7440.02675,7702.980186
edge_ed62360542b2a267,191035,edge,positive,pre_round_stress,edge_ed62360542b2a267__positive__pre_round_stress,7663.819883,7445.509337,7463.342714,7459.385971,7679.350965,7459.385971,7440.118166,7703.062793
edge_ed62360542b2a267,191035,edge,smooth,bounded,edge_ed62360542b2a267__smooth__bounded,7581.63068,7374.393021,7394.840986,7390.582985,7595.234038,7390.582985,7390.582985,7476.962464
edge_ed62360542b2a267,191035,edge,smooth,pre_round_stress,edge_ed62360542b2a267__smooth__pre_round_stress,7581.647465,7374.408902,7394.847763,7390.589762,7595.240815,7390.589762,7390.589762,7476.969241
edge_ed62360542b2a267,191035,edge,spatial_hash,bounded,edge_ed62360542b2a267__spatial_hash__bounded,7670.165296,7443.101909,7460.849875,7460.380057,7677.44154,7460.380057,7438.894762,7445.587422
edge_ed62360542b2a267,191035,edge,spatial_hash,pre_round_stress,edge_ed62360542b2a267__spatial_hash__pre_round_stress,7670.165296,7443.101909,7460.849875,7460.380057,7677.44154,7460.380057,7438.894762,7445.587422
inward_05f549fe5cf379d5,191032,inward,negative,bounded,inward_05f549fe5cf379d5__negative__bounded,5436.294684,5387.065883,5426.832434,5377.318293,5405.347702,5377.318293,5377.318293,5377.318293
inward_05f549fe5cf379d5,191032,inward,negative,pre_round_stress,inward_05f549fe5cf379d5__negative__pre_round_stress,5436.152087,5387.021332,5426.800211,5377.239467,5405.287297,5377.239467,5377.239467,5377.239467
inward_05f549fe5cf379d5,191032,inward,positive,bounded,inward_05f549fe5cf379d5__positive__bounded,5410.592995,5410.810616,5448.201413,5396.847975,5391.282869,5396.847975,5396.847975,5396.847975
inward_05f549fe5cf379d5,191032,inward,positive,pre_round_stress,inward_05f549fe5cf379d5__positive__pre_round_stress,5410.584843,5410.842995,5448.25325,5396.883481,5391.322066,5396.883481,5396.883481,5396.883481
inward_05f549fe5cf379d5,191032,inward,smooth,bounded,inward_05f549fe5cf379d5__smooth__bounded,5343.107007,5347.204435,5338.871339,5338.137831,5324.205413,5338.137831,5338.137831,5338.137831
inward_05f549fe5cf379d5,191032,inward,smooth,pre_round_stress,inward_05f549fe5cf379d5__smooth__pre_round_stress,5343.086191,5347.183619,5338.850987,5338.117506,5324.185088,5338.117506,5338.117506,5338.117506
inward_05f549fe5cf379d5,191032,inward,spatial_hash,bounded,inward_05f549fe5cf379d5__spatial_hash__bounded,5380.617976,5377.804734,5382.767428,5368.134878,5363.007347,5368.134878,5368.134878,5368.134878
inward_05f549fe5cf379d5,191032,inward,spatial_hash,pre_round_stress,inward_05f549fe5cf379d5__spatial_hash__pre_round_stress,5380.617976,5377.804734,5382.767428,5368.134878,5363.007347,5368.134878,5368.134878,5368.134878
inward_2af679599f55a8ef,191074,inward,negative,bounded,inward_2af679599f55a8ef__negative__bounded,5598.925734,5619.620497,5613.313898,5609.113935,5596.292398,5609.113935,5609.113935,5609.113935
inward_2af679599f55a8ef,191074,inward,negative,pre_round_stress,inward_2af679599f55a8ef__negative__pre_round_stress,5599.022055,5619.72033,5613.521597,5609.350182,5596.386333,5609.350182,5609.350182,5609.350182
inward_2af679599f55a8ef,191074,inward,positive,bounded,inward_2af679599f55a8ef__positive__bounded,5600.31897,5610.205499,5602.354763,5597.365855,5599.993719,5597.365855,5597.365855,5597.365855
inward_2af679599f55a8ef,191074,inward,positive,pre_round_stress,inward_2af679599f55a8ef__positive__pre_round_stress,5600.263719,5610.137969,5602.353428,5597.359781,5599.987719,5597.359781,5597.359781,5597.359781
inward_2af679599f55a8ef,191074,inward,smooth,bounded,inward_2af679599f55a8ef__smooth__bounded,5583.294926,5582.679965,5581.319281,5574.202311,5574.202311,5574.202311,5574.202311,5574.202311
inward_2af679599f55a8ef,191074,inward,smooth,pre_round_stress,inward_2af679599f55a8ef__smooth__pre_round_stress,5583.310652,5582.695691,5581.327982,5574.211012,5574.211012,5574.211012,5574.211012,5574.211012
inward_2af679599f55a8ef,191074,inward,spatial_hash,bounded,inward_2af679599f55a8ef__spatial_hash__bounded,5567.4161,5583.733662,5575.089554,5577.830605,5567.452895,5577.830605,5577.830605,5577.830605
inward_2af679599f55a8ef,191074,inward,spatial_hash,pre_round_stress,inward_2af679599f55a8ef__spatial_hash__pre_round_stress,5567.4161,5583.733662,5574.169347,5577.830605,5567.452895,5577.830605,5577.830605,5577.830605
inward_4189d662abfe8603,191098,inward,negative,bounded,inward_4189d662abfe8603__negative__bounded,4923.904313,4544.58058,4386.329063,4348.065718,4478.506504,4348.065718,4348.065718,4348.065718
inward_4189d662abfe8603,191098,inward,negative,pre_round_stress,inward_4189d662abfe8603__negative__pre_round_stress,4923.938713,4544.674158,4386.460016,4348.209418,4478.655606,4348.209418,4348.209418,4348.209418
inward_4189d662abfe8603,191098,inward,positive,bounded,inward_4189d662abfe8603__positive__bounded,4643.588258,4574.302694,4397.083956,4352.834272,4415.645287,4352.834272,4371.963517,4352.834272
inward_4189d662abfe8603,191098,inward,positive,pre_round_stress,inward_4189d662abfe8603__positive__pre_round_stress,4643.730185,4574.12805,4396.933171,4352.709949,4415.780609,4352.709949,4372.097495,4352.709949
inward_4189d662abfe8603,191098,inward,smooth,bounded,inward_4189d662abfe8603__smooth__bounded,4612.136206,4536.363586,4333.103719,4326.359867,4347.146937,4326.359867,4337.392273,4326.359867
inward_4189d662abfe8603,191098,inward,smooth,pre_round_stress,inward_4189d662abfe8603__smooth__pre_round_stress,4612.075663,4536.363586,4333.103719,4326.355613,4347.10175,4326.355613,4337.388074,4326.355613
inward_4189d662abfe8603,191098,inward,spatial_hash,bounded,inward_4189d662abfe8603__spatial_hash__bounded,4575.08076,4563.06229,4365.448035,4352.448132,4366.488872,4352.448132,4352.448132,4352.448132
inward_4189d662abfe8603,191098,inward,spatial_hash,pre_round_stress,inward_4189d662abfe8603__spatial_hash__pre_round_stress,4575.08076,4563.06229,4365.448035,4352.448132,4366.488872,4352.448132,4352.448132,4352.448132
inward_449b5a52001dfb77,191008,inward,negative,bounded,inward_449b5a52001dfb77__negative__bounded,5548.727543,5600.864799,5705.939119,5612.961729,5539.128808,5607.961729,5607.722575,5612.961729
inward_449b5a52001dfb77,191008,inward,negative,pre_round_stress,inward_449b5a52001dfb77__negative__pre_round_stress,5548.828114,5600.95563,5706.014545,5613.020512,5539.209227,5608.020512,5607.781854,5613.020512
inward_449b5a52001dfb77,191008,inward,positive,bounded,inward_449b5a52001dfb77__positive__bounded,5647.55699,5620.130387,5594.230141,5601.895641,5617.718659,5601.895641,5609.967659,5597.387677
inward_449b5a52001dfb77,191008,inward,positive,pre_round_stress,inward_449b5a52001dfb77__positive__pre_round_stress,5647.969167,5620.215237,5593.925676,5579.901024,5593.513347,5579.901024,5588.274562,5575.395269
inward_449b5a52001dfb77,191008,inward,smooth,bounded,inward_449b5a52001dfb77__smooth__bounded,5507.427653,5649.924912,5632.733364,5596.71845,5478.359643,5596.71845,5591.510562,5585.551734
inward_449b5a52001dfb77,191008,inward,smooth,pre_round_stress,inward_449b5a52001dfb77__smooth__pre_round_stress,5507.427653,5649.924912,5632.733364,5596.71845,5478.359643,5596.71845,5591.510562,5585.551734
inward_449b5a52001dfb77,191008,inward,spatial_hash,bounded,inward_449b5a52001dfb77__spatial_hash__bounded,5524.951569,5620.199132,5554.91074,5577.374576,5512.615887,5577.374576,5577.374576,5573.720374
inward_449b5a52001dfb77,191008,inward,spatial_hash,pre_round_stress,inward_449b5a52001dfb77__spatial_hash__pre_round_stress,5524.951569,5620.199132,5554.91074,5577.374576,5512.615887,5577.374576,5577.374576,5573.720374
inward_5fa6064a9b3fe3db,191080,inward,negative,bounded,inward_5fa6064a9b3fe3db__negative__bounded,5724.442933,5683.222042,5724.852305,5664.473421,5624.682653,5659.473421,5664.473421,5654.762618
inward_5fa6064a9b3fe3db,191080,inward,negative,pre_round_stress,inward_5fa6064a9b3fe3db__negative__pre_round_stress,5724.130928,5712.555768,5736.776641,5676.470128,5624.492596,5666.470128,5676.470128,5666.759325
inward_5fa6064a9b3fe3db,191080,inward,positive,bounded,inward_5fa6064a9b3fe3db__positive__bounded,5596.482235,5677.015503,5685.412991,5666.200087,5606.971439,5666.200087,5718.335043,5666.200087
inward_5fa6064a9b3fe3db,191080,inward,positive,pre_round_stress,inward_5fa6064a9b3fe3db__positive__pre_round_stress,5596.403898,5675.686622,5685.435876,5664.829519,5606.964726,5664.829519,5718.450334,5664.829519
inward_5fa6064a9b3fe3db,191080,inward,smooth,bounded,inward_5fa6064a9b3fe3db__smooth__bounded,5479.182367,5593.986105,5533.17916,5594.289474,5488.452784,5594.289474,5551.29862,5575.601399
inward_5fa6064a9b3fe3db,191080,inward,smooth,pre_round_stress,inward_5fa6064a9b3fe3db__smooth__pre_round_stress,5479.182367,5593.986105,5533.17916,5594.289474,5488.452784,5594.289474,5551.29862,5575.601399
inward_5fa6064a9b3fe3db,191080,inward,spatial_hash,bounded,inward_5fa6064a9b3fe3db__spatial_hash__bounded,5508.442909,5535.629915,5520.376409,5535.766524,5522.602103,5535.766524,5543.011584,5526.091671
inward_5fa6064a9b3fe3db,191080,inward,spatial_hash,pre_round_stress,inward_5fa6064a9b3fe3db__spatial_hash__pre_round_stress,5508.442909,5535.629915,5520.376409,5535.766524,5522.602103,5535.766524,5543.011584,5526.091671
inward_787743bdae5d5323,191068,inward,negative,bounded,inward_787743bdae5d5323__negative__bounded,5558.49774,5630.293072,5654.766583,5604.650067,5566.22058,5604.650067,5591.33973,5604.650067
inward_787743bdae5d5323,191068,inward,negative,pre_round_stress,inward_787743bdae5d5323__negative__pre_round_stress,5558.531766,5630.420622,5654.890072,5604.780055,5566.248472,5604.780055,5591.473025,5604.780055
inward_787743bdae5d5323,191068,inward,positive,bounded,inward_787743bdae5d5323__positive__bounded,5587.641578,5606.209053,5572.775505,5567.862353,5554.038771,5567.862353,5579.595166,5586.99909
inward_787743bdae5d5323,191068,inward,positive,pre_round_stress,inward_787743bdae5d5323__positive__pre_round_stress,5587.51202,5605.748158,5572.699376,5567.437294,5553.941274,5567.437294,5579.497977,5586.575265
inward_787743bdae5d5323,191068,inward,smooth,bounded,inward_787743bdae5d5323__smooth__bounded,5492.452747,5590.002269,5528.1838,5547.396983,5487.211835,5547.396983,5537.803399,5547.396983
inward_787743bdae5d5323,191068,inward,smooth,pre_round_stress,inward_787743bdae5d5323__smooth__pre_round_stress,5492.417331,5589.930749,5528.192099,5547.393285,5487.207962,5547.393285,5537.799701,5547.393285
inward_787743bdae5d5323,191068,inward,spatial_hash,bounded,inward_787743bdae5d5323__spatial_hash__bounded,5499.94227,5545.137915,5537.844168,5531.380874,5476.237136,5531.380874,5525.52957,5531.380874
inward_787743bdae5d5323,191068,inward,spatial_hash,pre_round_stress,inward_787743bdae5d5323__spatial_hash__pre_round_stress,5499.94227,5545.137915,5537.844168,5531.380874,5476.237136,5531.380874,5525.52957,5531.380874
inward_82d59e788d0893e4,191002,inward,negative,bounded,inward_82d59e788d0893e4__negative__bounded,5661.180185,5646.820082,5657.597315,5650.338449,5665.715835,5650.338449,5647.729732,5650.338449
inward_82d59e788d0893e4,191002,inward,negative,pre_round_stress,inward_82d59e788d0893e4__negative__pre_round_stress,5650.478538,5646.807444,5657.57782,5650.317471,5654.976253,5650.317471,5647.708754,5650.317471
inward_82d59e788d0893e4,191002,inward,positive,bounded,inward_82d59e788d0893e4__positive__bounded,5684.910409,5696.243396,5715.937678,5693.426847,5683.147155,5693.426847,5705.190019,5693.426847
inward_82d59e788d0893e4,191002,inward,positive,pre_round_stress,inward_82d59e788d0893e4__positive__pre_round_stress,5684.983306,5696.419718,5716.024491,5693.571936,5683.178452,5693.571936,5705.302337,5693.571936
inward_82d59e788d0893e4,191002,inward,smooth,bounded,inward_82d59e788d0893e4__smooth__bounded,5609.11717,5630.112645,5632.517807,5631.073137,5611.196917,5631.073137,5631.073137,5631.073137
inward_82d59e788d0893e4,191002,inward,smooth,pre_round_stress,inward_82d59e788d0893e4__smooth__pre_round_stress,5609.131127,5630.126602,5632.523881,5631.08405,5611.207777,5631.08405,5631.08405,5631.08405
inward_82d59e788d0893e4,191002,inward,spatial_hash,bounded,inward_82d59e788d0893e4__spatial_hash__bounded,5620.067463,5660.2912,5668.50651,5660.936994,5621.358305,5660.936994,5660.936994,5660.936994
inward_82d59e788d0893e4,191002,inward,spatial_hash,pre_round_stress,inward_82d59e788d0893e4__spatial_hash__pre_round_stress,5620.067463,5660.2912,5668.50651,5660.936994,5621.358305,5660.936994,5660.936994,5660.936994
inward_8572fa677c1d761a,191116,inward,negative,bounded,inward_8572fa677c1d761a__negative__bounded,4179.401335,4384.510729,4293.647253,4257.585861,4189.313425,4257.585861,4261.11473,4257.585861
inward_8572fa677c1d761a,191116,inward,negative,pre_round_stress,inward_8572fa677c1d761a__negative__pre_round_stress,4179.360694,4384.676298,4293.7174,4257.75452,4189.378219,4257.75452,4261.184659,4257.75452
inward_8572fa677c1d761a,191116,inward,positive,bounded,inward_8572fa677c1d761a__positive__bounded,4460.273302,4422.10616,4353.673198,4303.546422,4296.033024,4303.546422,4297.866971,4303.546422
inward_8572fa677c1d761a,191116,inward,positive,pre_round_stress,inward_8572fa677c1d761a__positive__pre_round_stress,4460.198474,4421.563761,4353.742889,4288.364958,4288.60948,4288.364958,4272.457839,4288.364958
inward_8572fa677c1d761a,191116,inward,smooth,bounded,inward_8572fa677c1d761a__smooth__bounded,4338.911297,4334.725286,4269.392805,4267.542924,4267.861583,4267.542924,4309.187685,4267.542924
inward_8572fa677c1d761a,191116,inward,smooth,pre_round_stress,inward_8572fa677c1d761a__smooth__pre_round_stress,4338.913631,4334.775719,4269.3867,4267.546414,4267.865273,4267.546414,4309.191175,4267.546414
inward_8572fa677c1d761a,191116,inward,spatial_hash,bounded,inward_8572fa677c1d761a__spatial_hash__bounded,4250.455571,4369.102244,4271.462926,4266.295453,4177.79228,4266.295453,4263.228208,4266.295453
inward_8572fa677c1d761a,191116,inward,spatial_hash,pre_round_stress,inward_8572fa677c1d761a__spatial_hash__pre_round_stress,4250.455571,4369.102244,4271.462926,4266.295453,4177.79228,4266.295453,4263.228208,4266.295453
inward_9621c530092f5ab7,191038,inward,negative,bounded,inward_9621c530092f5ab7__negative__bounded,5711.189003,5788.527755,5767.327106,5774.383225,5718.023962,5769.383225,5757.278053,5774.383225
inward_9621c530092f5ab7,191038,inward,negative,pre_round_stress,inward_9621c530092f5ab7__negative__pre_round_stress,5711.194638,5788.352833,5767.27169,5774.279869,5718.014759,5769.279869,5757.437648,5774.279869
inward_9621c530092f5ab7,191038,inward,positive,bounded,inward_9621c530092f5ab7__positive__bounded,5780.388793,5775.348134,5756.751516,5764.99707,5780.637469,5764.99707,5778.625956,5764.99707
inward_9621c530092f5ab7,191038,inward,positive,pre_round_stress,inward_9621c530092f5ab7__positive__pre_round_stress,5780.298434,5774.802913,5756.673689,5764.944549,5780.55051,5764.944549,5778.553807,5764.944549
inward_9621c530092f5ab7,191038,inward,smooth,bounded,inward_9621c530092f5ab7__smooth__bounded,5704.122698,5761.5245,5728.537294,5765.462791,5696.274003,5765.462791,5760.795053,5765.462791
inward_9621c530092f5ab7,191038,inward,smooth,pre_round_stress,inward_9621c530092f5ab7__smooth__pre_round_stress,5704.122698,5761.5245,5728.537294,5765.462791,5696.274003,5765.462791,5760.795053,5765.462791
inward_9621c530092f5ab7,191038,inward,spatial_hash,bounded,inward_9621c530092f5ab7__spatial_hash__bounded,5742.090739,5815.735366,5775.475149,5788.271882,5702.225247,5788.271882,5759.880926,5814.812375
inward_9621c530092f5ab7,191038,inward,spatial_hash,pre_round_stress,inward_9621c530092f5ab7__spatial_hash__pre_round_stress,5742.090739,5815.735366,5775.475149,5788.271882,5702.225247,5788.271882,5759.880926,5814.812375
inward_9ce0946f09baad99,191026,inward,negative,bounded,inward_9ce0946f09baad99__negative__bounded,6046.407597,6125.952478,6050.938554,5988.922442,5894.318186,5988.922442,5986.248622,5992.645939
inward_9ce0946f09baad99,191026,inward,negative,pre_round_stress,inward_9ce0946f09baad99__negative__pre_round_stress,6046.352646,6125.896081,6051.05183,5989.011976,5894.236047,5989.011976,5986.219538,5992.698455
inward_9ce0946f09baad99,191026,inward,positive,bounded,inward_9ce0946f09baad99__positive__bounded,5999.846645,6023.541009,5911.026877,5910.944495,5898.390758,5910.944495,5892.966055,5910.944495
inward_9ce0946f09baad99,191026,inward,positive,pre_round_stress,inward_9ce0946f09baad99__positive__pre_round_stress,5999.871224,6023.610409,5911.157114,5911.06601,5898.456721,5911.06601,5893.10029,5911.06601
inward_9ce0946f09baad99,191026,inward,smooth,bounded,inward_9ce0946f09baad99__smooth__bounded,5991.295018,6041.499677,5919.068651,5941.117817,5912.12478,5941.117817,5959.483512,5966.129823
inward_9ce0946f09baad99,191026,inward,smooth,pre_round_stress,inward_9ce0946f09baad99__smooth__pre_round_stress,5991.316932,6041.526077,5919.099622,5941.148788,5912.143095,5941.148788,5959.513402,5966.160794
inward_9ce0946f09baad99,191026,inward,spatial_hash,bounded,inward_9ce0946f09baad99__spatial_hash__bounded,5942.381153,6063.921334,5949.572785,5955.660093,5868.471399,5955.660093,5918.5648,5935.514145
inward_9ce0946f09baad99,191026,inward,spatial_hash,pre_round_stress,inward_9ce0946f09baad99__spatial_hash__pre_round_stress,5942.381153,6063.921334,5949.572785,5955.660093,5868.471399,5955.660093,5918.5648,5935.514145
inward_aac0e69b09a21af4,191110,inward,negative,bounded,inward_aac0e69b09a21af4__negative__bounded,5707.698815,5790.101,5775.887383,5762.622852,5709.697478,5762.622852,5762.182873,5762.622852
inward_aac0e69b09a21af4,191110,inward,negative,pre_round_stress,inward_aac0e69b09a21af4__negative__pre_round_stress,5700.963336,5790.115359,5775.922144,5748.332144,5706.57588,5748.332144,5747.9292,5748.332144
inward_aac0e69b09a21af4,191110,inward,positive,bounded,inward_aac0e69b09a21af4__positive__bounded,5783.10579,5781.740499,5787.361817,5773.083678,5775.78959,5773.083678,5779.69914,5769.966325
inward_aac0e69b09a21af4,191110,inward,positive,pre_round_stress,inward_aac0e69b09a21af4__positive__pre_round_stress,5783.488104,5781.751099,5787.270541,5773.034011,5775.845349,5773.034011,5779.71034,5769.916658
inward_aac0e69b09a21af4,191110,inward,smooth,bounded,inward_aac0e69b09a21af4__smooth__bounded,5670.969487,5734.379234,5677.849815,5678.656597,5660.505622,5678.656597,5687.509606,5678.656597
inward_aac0e69b09a21af4,191110,inward,smooth,pre_round_stress,inward_aac0e69b09a21af4__smooth__pre_round_stress,5670.95335,5734.338766,5677.84197,5678.659513,5660.508049,5678.659513,5687.512522,5678.659513
inward_aac0e69b09a21af4,191110,inward,spatial_hash,bounded,inward_aac0e69b09a21af4__spatial_hash__bounded,5712.138228,5773.113352,5720.238488,5742.606009,5709.10734,5742.606009,5747.776008,5742.606009
inward_aac0e69b09a21af4,191110,inward,spatial_hash,pre_round_stress,inward_aac0e69b09a21af4__spatial_hash__pre_round_stress,5712.138228,5773.113352,5720.238488,5742.606009,5709.10734,5742.606009,5747.776008,5742.606009
inward_b8dbff94988b0000,191104,inward,negative,bounded,inward_b8dbff94988b0000__negative__bounded,5486.85863,5460.646413,5493.938495,5462.372322,5483.793438,5462.372322,5462.372322,5462.372322
inward_b8dbff94988b0000,191104,inward,negative,pre_round_stress,inward_b8dbff94988b0000__negative__pre_round_stress,5486.895562,5460.611895,5493.903452,5462.355206,5483.839565,5462.355206,5462.355206,5462.355206
inward_b8dbff94988b0000,191104,inward,positive,bounded,inward_b8dbff94988b0000__positive__bounded,5463.973329,5498.953267,5535.80484,5492.09912,5471.85018,5492.09912,5492.09912,5492.09912
inward_b8dbff94988b0000,191104,inward,positive,pre_round_stress,inward_b8dbff94988b0000__positive__pre_round_stress,5464.104971,5499.190527,5535.932898,5492.215627,5471.959715,5492.215627,5492.215627,5492.215627
inward_b8dbff94988b0000,191104,inward,smooth,bounded,inward_b8dbff94988b0000__smooth__bounded,5444.504639,5434.27979,5452.452054,5436.402686,5447.608306,5436.402686,5436.402686,5436.402686
inward_b8dbff94988b0000,191104,inward,smooth,pre_round_stress,inward_b8dbff94988b0000__smooth__pre_round_stress,5444.504639,5434.27979,5452.452054,5436.402686,5447.608306,5436.402686,5436.402686,5436.402686
inward_b8dbff94988b0000,191104,inward,spatial_hash,bounded,inward_b8dbff94988b0000__spatial_hash__bounded,5469.7722,5472.986311,5482.056331,5473.448702,5473.091262,5473.448702,5473.448702,5473.448702
inward_b8dbff94988b0000,191104,inward,spatial_hash,pre_round_stress,inward_b8dbff94988b0000__spatial_hash__pre_round_stress,5469.7722,5472.986311,5482.056331,5473.448702,5473.091262,5473.448702,5473.448702,5473.448702
inward_bb15e541aee3f32b,191020,inward,negative,bounded,inward_bb15e541aee3f32b__negative__bounded,5431.768701,5526.643101,5518.124703,5513.418533,5461.800072,5513.418533,5508.296623,5513.418533
inward_bb15e541aee3f32b,191020,inward,negative,pre_round_stress,inward_bb15e541aee3f32b__negative__pre_round_stress,5431.786044,5526.775633,5518.19394,5513.496246,5461.828348,5513.496246,5508.373776,5513.496246
inward_bb15e541aee3f32b,191020,inward,positive,bounded,inward_bb15e541aee3f32b__positive__bounded,5528.043392,5584.966262,5545.328366,5544.529963,5553.561192,5544.529963,5551.942216,5542.351235
inward_bb15e541aee3f32b,191020,inward,positive,pre_round_stress,inward_bb15e541aee3f32b__positive__pre_round_stress,5538.997747,5584.900077,5545.372858,5544.546706,5553.530852,5544.546706,5551.956812,5542.368686
inward_bb15e541aee3f32b,191020,inward,smooth,bounded,inward_bb15e541aee3f32b__smooth__bounded,5366.403744,5435.450856,5441.922009,5440.821941,5385.852462,5440.821941,5440.821941,5460.39774
inward_bb15e541aee3f32b,191020,inward,smooth,pre_round_stress,inward_bb15e541aee3f32b__smooth__pre_round_stress,5366.403744,5435.450856,5441.922009,5440.821941,5385.852462,5440.821941,5440.821941,5460.39774
inward_bb15e541aee3f32b,191020,inward,spatial_hash,bounded,inward_bb15e541aee3f32b__spatial_hash__bounded,5398.276519,5516.04342,5461.571677,5474.304998,5421.052446,5474.304998,5469.19018,5474.304998
inward_bb15e541aee3f32b,191020,inward,spatial_hash,pre_round_stress,inward_bb15e541aee3f32b__spatial_hash__pre_round_stress,5398.276519,5516.04342,5461.571677,5474.304998,5421.052446,5474.304998,5469.19018,5474.304998
inward_c27cc591dc41afbd,191092,inward,negative,bounded,inward_c27cc591dc41afbd__negative__bounded,5419.404344,5426.21537,5506.377703,5424.91845,5418.82357,5424.91845,5424.439857,5424.91845
inward_c27cc591dc41afbd,191092,inward,negative,pre_round_stress,inward_c27cc591dc41afbd__negative__pre_round_stress,5419.417035,5426.069217,5506.369918,5424.890174,5418.828037,5424.890174,5424.428019,5424.890174
inward_c27cc591dc41afbd,191092,inward,positive,bounded,inward_c27cc591dc41afbd__positive__bounded,5511.458652,5452.747539,5528.494333,5453.210595,5488.842231,5453.210595,5466.780779,5473.224383
inward_c27cc591dc41afbd,191092,inward,positive,pre_round_stress,inward_c27cc591dc41afbd__positive__pre_round_stress,5511.379077,5452.706546,5528.46791,5453.16645,5488.763288,5453.16645,5466.746008,5473.18044
inward_c27cc591dc41afbd,191092,inward,smooth,bounded,inward_c27cc591dc41afbd__smooth__bounded,5369.632338,5404.231931,5417.903665,5400.665637,5377.378409,5400.665637,5384.598098,5400.665637
inward_c27cc591dc41afbd,191092,inward,smooth,pre_round_stress,inward_c27cc591dc41afbd__smooth__pre_round_stress,5369.631676,5404.231269,5417.903003,5400.664975,5377.377747,5400.664975,5384.597436,5400.664975
inward_c27cc591dc41afbd,191092,inward,spatial_hash,bounded,inward_c27cc591dc41afbd__spatial_hash__bounded,5431.570349,5438.015614,5446.8064,5433.560479,5434.912145,5433.560479,5443.384206,5433.560479
inward_c27cc591dc41afbd,191092,inward,spatial_hash,pre_round_stress,inward_c27cc591dc41afbd__spatial_hash__pre_round_stress,5431.570349,5438.015614,5446.8064,5433.560479,5434.912145,5433.560479,5443.384206,5433.560479
inward_c5fae432198c4969,191056,inward,negative,bounded,inward_c5fae432198c4969__negative__bounded,5970.343912,5907.273939,5863.230788,5856.517055,5887.451454,5856.517055,5856.517055,5863.231034
inward_c5fae432198c4969,191056,inward,negative,pre_round_stress,inward_c5fae432198c4969__negative__pre_round_stress,5970.222869,5907.226787,5863.225763,5856.521762,5887.370073,5856.521762,5856.521762,5892.522549
inward_c5fae432198c4969,191056,inward,positive,bounded,inward_c5fae432198c4969__positive__bounded,5805.994463,5846.515604,5836.510115,5801.111561,5804.289426,5801.111561,5841.1662,5801.111561
inward_c5fae432198c4969,191056,inward,positive,pre_round_stress,inward_c5fae432198c4969__positive__pre_round_stress,5805.996325,5846.401242,5836.372277,5800.523478,5803.85502,5800.523478,5840.708316,5800.523478
inward_c5fae432198c4969,191056,inward,smooth,bounded,inward_c5fae432198c4969__smooth__bounded,5799.345018,5778.515629,5723.712352,5728.374778,5769.294241,5728.374778,5728.374778,5728.374778
inward_c5fae432198c4969,191056,inward,smooth,pre_round_stress,inward_c5fae432198c4969__smooth__pre_round_stress,5799.337336,5778.510001,5723.713083,5728.378046,5769.297509,5728.378046,5728.378046,5728.378046
inward_c5fae432198c4969,191056,inward,spatial_hash,bounded,inward_c5fae432198c4969__spatial_hash__bounded,5778.131235,5917.721769,5867.731218,5882.991953,5761.392037,5882.991953,5882.991953,5906.143791
inward_c5fae432198c4969,191056,inward,spatial_hash,pre_round_stress,inward_c5fae432198c4969__spatial_hash__pre_round_stress,5778.131235,5917.721769,5867.731218,5882.991953,5761.392037,5882.991953,5882.991953,5906.143791
inward_cc7b1945e1cf3e37,191086,inward,negative,bounded,inward_cc7b1945e1cf3e37__negative__bounded,4471.295653,4113.703376,3638.357244,3617.929775,3622.475039,3617.929775,3626.850297,3613.303945
inward_cc7b1945e1cf3e37,191086,inward,negative,pre_round_stress,inward_cc7b1945e1cf3e37__negative__pre_round_stress,4471.895527,4113.91026,3638.47847,3618.166099,3622.53765,3618.166099,3626.96043,3613.539375
inward_cc7b1945e1cf3e37,191086,inward,positive,bounded,inward_cc7b1945e1cf3e37__positive__bounded,4172.006125,4056.034771,3707.309019,3677.382854,3693.082981,3677.382854,3682.161396,3677.382854
inward_cc7b1945e1cf3e37,191086,inward,positive,pre_round_stress,inward_cc7b1945e1cf3e37__positive__pre_round_stress,4172.450923,4056.510542,3707.419538,3677.458795,3693.137421,3677.458795,3682.308238,3677.458795
inward_cc7b1945e1cf3e37,191086,inward,smooth,bounded,inward_cc7b1945e1cf3e37__smooth__bounded,4037.801915,4285.688192,3823.37007,3777.91553,3558.101272,3777.91553,3791.696903,3741.453649
inward_cc7b1945e1cf3e37,191086,inward,smooth,pre_round_stress,inward_cc7b1945e1cf3e37__smooth__pre_round_stress,4037.801915,4285.688192,3823.37007,3777.91553,3558.101272,3777.91553,3791.696903,3741.453649
inward_cc7b1945e1cf3e37,191086,inward,spatial_hash,bounded,inward_cc7b1945e1cf3e37__spatial_hash__bounded,4078.784642,4092.763961,3656.117305,3648.518145,3528.838826,3648.518145,3658.913648,3686.443603
inward_cc7b1945e1cf3e37,191086,inward,spatial_hash,pre_round_stress,inward_cc7b1945e1cf3e37__spatial_hash__pre_round_stress,4078.784642,4092.763961,3656.117305,3648.518145,3528.838826,3648.518145,3658.913648,3686.443603
inward_de6479be7a862b6c,191014,inward,negative,bounded,inward_de6479be7a862b6c__negative__bounded,5735.81283,5772.269984,5810.950882,5782.269984,5742.81283,5777.269984,5782.269984,5782.269984
inward_de6479be7a862b6c,191014,inward,negative,pre_round_stress,inward_de6479be7a862b6c__negative__pre_round_stress,5735.897216,5772.41342,5810.987617,5782.41342,5742.897216,5777.41342,5782.41342,5782.41342
inward_de6479be7a862b6c,191014,inward,positive,bounded,inward_de6479be7a862b6c__positive__bounded,5766.74497,5755.835999,5780.036756,5760.054496,5769.126983,5760.054496,5760.054496,5756.605967
inward_de6479be7a862b6c,191014,inward,positive,pre_round_stress,inward_de6479be7a862b6c__positive__pre_round_stress,5766.71732,5755.797087,5780.005325,5760.02491,5769.109156,5760.02491,5760.02491,5760.02491
inward_de6479be7a862b6c,191014,inward,smooth,bounded,inward_de6479be7a862b6c__smooth__bounded,5700.25749,5729.798566,5718.28814,5735.795171,5708.254095,5735.795171,5735.795171,5735.795171
inward_de6479be7a862b6c,191014,inward,smooth,pre_round_stress,inward_de6479be7a862b6c__smooth__pre_round_stress,5700.25749,5729.798566,5718.28814,5735.795171,5708.254095,5735.795171,5735.795171,5735.795171
inward_de6479be7a862b6c,191014,inward,spatial_hash,bounded,inward_de6479be7a862b6c__spatial_hash__bounded,5729.621046,5735.138314,5743.085333,5736.107376,5729.590108,5736.107376,5736.107376,5736.107376
inward_de6479be7a862b6c,191014,inward,spatial_hash,pre_round_stress,inward_de6479be7a862b6c__spatial_hash__pre_round_stress,5729.621046,5735.138314,5743.085333,5736.107376,5729.590108,5736.107376,5736.107376,5736.107376
inward_e9e9be1d7c71f578,191062,inward,negative,bounded,inward_e9e9be1d7c71f578__negative__bounded,5619.385626,5661.825843,5654.716352,5658.416427,5631.933578,5658.416427,5647.146772,5658.416427
inward_e9e9be1d7c71f578,191062,inward,negative,pre_round_stress,inward_e9e9be1d7c71f578__negative__pre_round_stress,5619.427061,5661.919329,5654.698911,5658.433172,5631.915965,5658.433172,5647.17993,5658.433172
inward_e9e9be1d7c71f578,191062,inward,positive,bounded,inward_e9e9be1d7c71f578__positive__bounded,5674.438635,5669.465853,5659.47404,5666.640885,5667.787052,5666.640885,5663.840153,5666.640885
inward_e9e9be1d7c71f578,191062,inward,positive,pre_round_stress,inward_e9e9be1d7c71f578__positive__pre_round_stress,5674.417013,5669.416081,5659.431223,5666.564188,5667.733728,5666.564188,5663.758421,5666.564188
inward_e9e9be1d7c71f578,191062,inward,smooth,bounded,inward_e9e9be1d7c71f578__smooth__bounded,5607.403226,5621.965212,5612.673288,5618.259135,5627.416316,5618.259135,5618.259135,5618.259135
inward_e9e9be1d7c71f578,191062,inward,smooth,pre_round_stress,inward_e9e9be1d7c71f578__smooth__pre_round_stress,5607.403226,5621.965212,5612.673288,5618.259135,5627.416316,5618.259135,5618.259135,5618.259135
inward_e9e9be1d7c71f578,191062,inward,spatial_hash,bounded,inward_e9e9be1d7c71f578__spatial_hash__bounded,5615.595342,5640.204216,5628.399935,5633.982096,5619.054966,5633.982096,5639.971373,5633.982096
inward_e9e9be1d7c71f578,191062,inward,spatial_hash,pre_round_stress,inward_e9e9be1d7c71f578__spatial_hash__pre_round_stress,5615.595342,5640.204216,5628.399935,5633.982096,5619.054966,5633.982096,5639.971373,5633.982096
inward_f950b596fc3cea2b,191044,inward,negative,bounded,inward_f950b596fc3cea2b__negative__bounded,5741.66572,5887.284584,5887.35315,5892.009352,5752.189784,5892.009352,5868.068036,5880.638741
inward_f950b596fc3cea2b,191044,inward,negative,pre_round_stress,inward_f950b596fc3cea2b__negative__pre_round_stress,5741.670898,5886.524603,5881.742518,5886.211425,5752.199729,5886.211425,5862.212103,5874.827027
inward_f950b596fc3cea2b,191044,inward,positive,bounded,inward_f950b596fc3cea2b__positive__bounded,5825.632537,5867.47265,5915.216193,5876.020985,5848.193067,5876.020985,5896.257309,5861.623371
inward_f950b596fc3cea2b,191044,inward,positive,pre_round_stress,inward_f950b596fc3cea2b__positive__pre_round_stress,5825.579049,5866.365334,5914.173748,5874.924164,5848.150492,5874.924164,5896.19873,5860.52489
inward_f950b596fc3cea2b,191044,inward,smooth,bounded,inward_f950b596fc3cea2b__smooth__bounded,5745.008518,5772.971832,5797.51253,5785.071897,5720.485595,5785.071897,5800.924981,5849.176059
inward_f950b596fc3cea2b,191044,inward,smooth,pre_round_stress,inward_f950b596fc3cea2b__smooth__pre_round_stress,5744.995123,5772.958437,5797.51253,5785.071897,5720.485595,5785.071897,5800.924981,5849.176059
inward_f950b596fc3cea2b,191044,inward,spatial_hash,bounded,inward_f950b596fc3cea2b__spatial_hash__bounded,5740.438857,5872.923912,5860.560924,5891.229317,5760.437913,5891.229317,5873.406973,5908.681831
inward_f950b596fc3cea2b,191044,inward,spatial_hash,pre_round_stress,inward_f950b596fc3cea2b__spatial_hash__pre_round_stress,5740.438857,5872.923912,5860.560924,5891.229317,5760.437913,5891.229317,5873.406973,5908.681831
inward_fcd533daa9f7d1a0,191050,inward,negative,bounded,inward_fcd533daa9f7d1a0__negative__bounded,5380.236891,5559.49023,5542.213671,5523.864823,5397.077386,5523.864823,5521.796454,5523.864823
inward_fcd533daa9f7d1a0,191050,inward,negative,pre_round_stress,inward_fcd533daa9f7d1a0__negative__pre_round_stress,5380.245186,5559.571639,5542.358891,5523.976334,5397.065939,5523.976334,5521.883636,5523.976334
inward_fcd533daa9f7d1a0,191050,inward,positive,bounded,inward_fcd533daa9f7d1a0__positive__bounded,5511.40505,5647.645959,5531.775029,5559.581076,5488.011737,5559.581076,5534.403952,5555.171075
inward_fcd533daa9f7d1a0,191050,inward,positive,pre_round_stress,inward_fcd533daa9f7d1a0__positive__pre_round_stress,5511.311163,5619.989199,5531.48037,5559.331811,5487.907852,5559.331811,5534.256941,5548.045381
inward_fcd533daa9f7d1a0,191050,inward,smooth,bounded,inward_fcd533daa9f7d1a0__smooth__bounded,5364.443391,5460.059731,5383.976236,5408.429311,5357.592992,5408.429311,5393.824889,5456.644133
inward_fcd533daa9f7d1a0,191050,inward,smooth,pre_round_stress,inward_fcd533daa9f7d1a0__smooth__pre_round_stress,5364.443391,5460.059731,5383.976236,5408.429311,5357.592992,5408.429311,5393.824889,5456.644133
inward_fcd533daa9f7d1a0,191050,inward,spatial_hash,bounded,inward_fcd533daa9f7d1a0__spatial_hash__bounded,5391.212136,5605.298272,5453.366824,5535.702691,5402.672132,5535.702691,5534.128398,5545.322442
inward_fcd533daa9f7d1a0,191050,inward,spatial_hash,pre_round_stress,inward_fcd533daa9f7d1a0__spatial_hash__pre_round_stress,5391.212136,5605.298272,5453.366824,5535.702691,5402.672132,5535.702691,5534.128398,5545.322442
outward_14b0942804998583,191043,outward,negative,bounded,outward_14b0942804998583__negative__bounded,6079.020425,5937.653248,5929.691023,5907.556708,6056.443955,5907.556708,5907.556708,5907.556708
outward_14b0942804998583,191043,outward,negative,pre_round_stress,outward_14b0942804998583__negative__pre_round_stress,6079.0751,5937.720626,5929.845518,5907.710035,6056.511923,5907.710035,5907.710035,5907.710035
outward_14b0942804998583,191043,outward,positive,bounded,outward_14b0942804998583__positive__bounded,6155.465998,6153.979743,6182.507554,6164.507554,6162.289593,6164.507554,6164.507554,6164.507554
outward_14b0942804998583,191043,outward,positive,pre_round_stress,outward_14b0942804998583__positive__pre_round_stress,6155.423684,6154.128382,6182.573992,6164.573992,6162.257787,6164.573992,6164.573992,6164.573992
outward_14b0942804998583,191043,outward,smooth,bounded,outward_14b0942804998583__smooth__bounded,6000.489746,5896.402272,5887.911093,5863.896729,5985.759875,5863.896729,5863.896729,5863.896729
outward_14b0942804998583,191043,outward,smooth,pre_round_stress,outward_14b0942804998583__smooth__pre_round_stress,6000.474444,5896.398298,5887.902033,5863.887669,5985.736914,5863.887669,5863.887669,5863.887669
outward_14b0942804998583,191043,outward,spatial_hash,bounded,outward_14b0942804998583__spatial_hash__bounded,5909.609127,5871.465655,5852.935095,5843.74166,5888.10279,5843.74166,5843.74166,5843.74166
outward_14b0942804998583,191043,outward,spatial_hash,pre_round_stress,outward_14b0942804998583__spatial_hash__pre_round_stress,5909.609127,5871.465655,5852.935095,5843.74166,5888.10279,5843.74166,5843.74166,5843.74166
outward_33bdce8dd709bf4f,191079,outward,negative,bounded,outward_33bdce8dd709bf4f__negative__bounded,9074.013898,8693.54422,8241.638657,8231.638657,8900.624645,8231.638657,8231.638657,9740.169179
outward_33bdce8dd709bf4f,191079,outward,negative,pre_round_stress,outward_33bdce8dd709bf4f__negative__pre_round_stress,9073.510878,8693.231844,8241.367629,8231.367629,8900.341882,8231.367629,8231.367629,9739.894991
outward_33bdce8dd709bf4f,191079,outward,positive,bounded,outward_33bdce8dd709bf4f__positive__bounded,9851.491911,9539.177193,8310.658559,8290.658559,9864.375861,8290.658559,8290.658559,9806.356202
outward_33bdce8dd709bf4f,191079,outward,positive,pre_round_stress,outward_33bdce8dd709bf4f__positive__pre_round_stress,9851.842637,9539.785564,8311.166315,8291.166315,9864.669443,8291.166315,8291.166315,9806.860245
outward_33bdce8dd709bf4f,191079,outward,smooth,bounded,outward_33bdce8dd709bf4f__smooth__bounded,9882.899692,9550.501121,8312.07766,8302.07766,9908.787812,8302.07766,8302.07766,9770.681974
outward_33bdce8dd709bf4f,191079,outward,smooth,pre_round_stress,outward_33bdce8dd709bf4f__smooth__pre_round_stress,9882.899692,9550.501121,8312.07766,8302.07766,9908.787812,8302.07766,8302.07766,9770.681974
outward_33bdce8dd709bf4f,191079,outward,spatial_hash,bounded,outward_33bdce8dd709bf4f__spatial_hash__bounded,9084.66206,8748.27431,8305.346185,8290.346185,8923.169706,8290.346185,8290.346185,9787.130601
outward_33bdce8dd709bf4f,191079,outward,spatial_hash,pre_round_stress,outward_33bdce8dd709bf4f__spatial_hash__pre_round_stress,9084.66206,8748.27431,8305.346185,8290.346185,8923.169706,8290.346185,8290.346185,9787.130601
outward_343d405ef3f89aab,191025,outward,negative,bounded,outward_343d405ef3f89aab__negative__bounded,7163.376535,6982.69227,6893.082158,6877.038862,7081.457117,6877.038862,6877.038862,6877.038862
outward_343d405ef3f89aab,191025,outward,negative,pre_round_stress,outward_343d405ef3f89aab__negative__pre_round_stress,7163.166209,6982.664527,6886.683689,6877.034136,7081.264927,6877.034136,6877.034136,6877.034136
outward_343d405ef3f89aab,191025,outward,positive,bounded,outward_343d405ef3f89aab__positive__bounded,7524.061366,6966.88399,6907.839818,6897.888505,7329.415976,6897.888505,6897.888505,6897.888505
outward_343d405ef3f89aab,191025,outward,positive,pre_round_stress,outward_343d405ef3f89aab__positive__pre_round_stress,7516.5423,6966.749702,6907.696544,6897.7465,7321.910447,6897.7465,6897.7465,6897.7465
outward_343d405ef3f89aab,191025,outward,smooth,bounded,outward_343d405ef3f89aab__smooth__bounded,7541.756377,7001.215994,6946.326225,6936.429402,7350.794571,6936.429402,6936.429402,6936.429402
outward_343d405ef3f89aab,191025,outward,smooth,pre_round_stress,outward_343d405ef3f89aab__smooth__pre_round_stress,7541.756044,7001.215603,6946.325834,6936.429011,7350.794238,6936.429011,6936.429011,6936.429011
outward_343d405ef3f89aab,191025,outward,spatial_hash,bounded,outward_343d405ef3f89aab__spatial_hash__bounded,7533.601325,7035.931577,6967.666995,6957.666995,7327.399546,6957.666995,6957.666995,6957.666995
outward_343d405ef3f89aab,191025,outward,spatial_hash,pre_round_stress,outward_343d405ef3f89aab__spatial_hash__pre_round_stress,7533.601325,7035.931577,6967.666995,6957.666995,7327.399546,6957.666995,6957.666995,6957.666995
outward_4a15f3f66014fa3b,191073,outward,negative,bounded,outward_4a15f3f66014fa3b__negative__bounded,6591.940909,6555.102274,6558.178785,6554.039789,6597.357543,6554.039789,6554.039789,7089.942469
outward_4a15f3f66014fa3b,191073,outward,negative,pre_round_stress,outward_4a15f3f66014fa3b__negative__pre_round_stress,6591.98847,6555.179847,6558.208391,6554.08864,6597.38452,6554.08864,6554.08864,7089.99132
outward_4a15f3f66014fa3b,191073,outward,positive,bounded,outward_4a15f3f66014fa3b__positive__bounded,6587.383926,6535.585935,6540.213794,6535.540957,6591.87348,6535.540957,6535.540957,7080.03446
outward_4a15f3f66014fa3b,191073,outward,positive,pre_round_stress,outward_4a15f3f66014fa3b__positive__pre_round_stress,6587.315068,6535.51054,6540.116254,6535.438931,6591.787683,6535.438931,6535.438931,7079.932873
outward_4a15f3f66014fa3b,191073,outward,smooth,bounded,outward_4a15f3f66014fa3b__smooth__bounded,6581.97841,6537.752328,6526.004005,6533.061572,6588.478642,6533.061572,6533.061572,7068.970731
outward_4a15f3f66014fa3b,191073,outward,smooth,pre_round_stress,outward_4a15f3f66014fa3b__smooth__pre_round_stress,6581.98999,6537.763908,6526.015585,6533.073152,6588.490222,6533.073152,6533.073152,7068.982311
outward_4a15f3f66014fa3b,191073,outward,spatial_hash,bounded,outward_4a15f3f66014fa3b__spatial_hash__bounded,6578.285426,6539.414353,6542.423177,6541.190778,6587.655763,6541.190778,6541.190778,7077.144857
outward_4a15f3f66014fa3b,191073,outward,spatial_hash,pre_round_stress,outward_4a15f3f66014fa3b__spatial_hash__pre_round_stress,6578.285426,6539.414353,6542.423177,6541.190778,6587.655763,6541.190778,6541.190778,7077.144857
outward_4d28afd63d7e0611,191055,outward,negative,bounded,outward_4d28afd63d7e0611__negative__bounded,7784.099889,7639.933547,7646.880626,7646.938521,7794.796053,7646.938521,7646.938521,8452.671345
outward_4d28afd63d7e0611,191055,outward,negative,pre_round_stress,outward_4d28afd63d7e0611__negative__pre_round_stress,7783.891103,7639.886613,7646.867397,7646.913505,7794.632367,7646.913505,7646.913505,8452.646329
outward_4d28afd63d7e0611,191055,outward,positive,bounded,outward_4d28afd63d7e0611__positive__bounded,7587.254562,7660.730464,7662.10199,7662.0579,7599.193,7662.0579,7662.0579,8140.62532
outward_4d28afd63d7e0611,191055,outward,positive,pre_round_stress,outward_4d28afd63d7e0611__positive__pre_round_stress,7587.64724,7661.183436,7662.55324,7662.503804,7599.602972,7662.503804,7662.503804,8141.063228
outward_4d28afd63d7e0611,191055,outward,smooth,bounded,outward_4d28afd63d7e0611__smooth__bounded,8474.176997,8291.225949,8310.32687,8272.867635,8237.010478,8272.867635,8272.867635,7943.432224
outward_4d28afd63d7e0611,191055,outward,smooth,pre_round_stress,outward_4d28afd63d7e0611__smooth__pre_round_stress,8474.176997,8291.226964,8310.327885,8272.86865,8237.024135,8272.86865,8272.86865,7943.433239
outward_4d28afd63d7e0611,191055,outward,spatial_hash,bounded,outward_4d28afd63d7e0611__spatial_hash__bounded,7662.474151,7596.010448,7601.568845,7595.976628,7664.605502,7595.976628,7595.976628,8074.623473
outward_4d28afd63d7e0611,191055,outward,spatial_hash,pre_round_stress,outward_4d28afd63d7e0611__spatial_hash__pre_round_stress,7662.474151,7596.010448,7601.568845,7595.976628,7664.605502,7595.976628,7595.976628,8074.623473
outward_50d5e9e15e672e0b,191097,outward,negative,bounded,outward_50d5e9e15e672e0b__negative__bounded,9045.441413,9844.444885,8352.806302,8336.805654,9056.504425,8336.805654,8336.805654,11735.92022
outward_50d5e9e15e672e0b,191097,outward,negative,pre_round_stress,outward_50d5e9e15e672e0b__negative__pre_round_stress,9045.760324,9844.8741,8352.418755,8336.418755,9056.849933,8336.418755,8336.418755,11752.930838
outward_50d5e9e15e672e0b,191097,outward,positive,bounded,outward_50d5e9e15e672e0b__positive__bounded,8929.346144,8725.62634,8786.723765,8759.083848,9056.473445,8759.083848,8759.083848,12562.327163
outward_50d5e9e15e672e0b,191097,outward,positive,pre_round_stress,outward_50d5e9e15e672e0b__positive__pre_round_stress,8929.161581,8725.645874,8787.309136,8759.655207,9056.970364,8759.655207,8759.655207,12571.63862
outward_50d5e9e15e672e0b,191097,outward,smooth,bounded,outward_50d5e9e15e672e0b__smooth__bounded,8782.249169,8831.169127,8474.241555,8462.096723,8826.278172,8462.096723,8462.096723,11785.324341
outward_50d5e9e15e672e0b,191097,outward,smooth,pre_round_stress,outward_50d5e9e15e672e0b__smooth__pre_round_stress,8782.249169,8831.169127,8474.241555,8462.096723,8826.278172,8462.096723,8462.096723,11785.324341
outward_50d5e9e15e672e0b,191097,outward,spatial_hash,bounded,outward_50d5e9e15e672e0b__spatial_hash__bounded,8778.110479,8862.25955,8517.051412,8501.051412,8664.786116,8501.051412,8501.051412,12512.172044
outward_50d5e9e15e672e0b,191097,outward,spatial_hash,pre_round_stress,outward_50d5e9e15e672e0b__spatial_hash__pre_round_stress,8778.110479,8862.22777,8517.051412,8501.051412,8664.786116,8501.051412,8501.051412,12512.172044
outward_57017e0c63910b22,191001,outward,negative,bounded,outward_57017e0c63910b22__negative__bounded,5906.449722,5939.931986,5820.809499,5810.020902,5794.343566,5810.020902,5810.020902,5810.020902
outward_57017e0c63910b22,191001,outward,negative,pre_round_stress,outward_57017e0c63910b22__negative__pre_round_stress,5906.49331,5939.989129,5820.884325,5810.083875,5794.419702,5810.083875,5810.083875,5810.083875
outward_57017e0c63910b22,191001,outward,positive,bounded,outward_57017e0c63910b22__positive__bounded,5912.1604,5901.722336,5787.411091,5771.2668,5778.582816,5771.2668,5771.2668,5771.2668
outward_57017e0c63910b22,191001,outward,positive,pre_round_stress,outward_57017e0c63910b22__positive__pre_round_stress,5911.965518,5901.723099,5787.404564,5771.261976,5778.513352,5771.261976,5771.261976,5771.261976
outward_57017e0c63910b22,191001,outward,smooth,bounded,outward_57017e0c63910b22__smooth__bounded,5883.046641,5903.500614,5773.104443,5773.104443,5760.586762,5773.104443,5773.104443,5773.104443
outward_57017e0c63910b22,191001,outward,smooth,pre_round_stress,outward_57017e0c63910b22__smooth__pre_round_stress,5883.047475,5903.501734,5773.105367,5773.105367,5760.587686,5773.105367,5773.105367,5773.105367
outward_57017e0c63910b22,191001,outward,spatial_hash,bounded,outward_57017e0c63910b22__spatial_hash__bounded,5886.450927,5897.080414,5774.769683,5770.406073,5765.786043,5770.406073,5770.406073,5770.406073
outward_57017e0c63910b22,191001,outward,spatial_hash,pre_round_stress,outward_57017e0c63910b22__spatial_hash__pre_round_stress,5886.450927,5897.080414,5774.769683,5770.406073,5765.786043,5770.406073,5770.406073,5770.406073
outward_57ca5f820f1ff7ac,191007,outward,negative,bounded,outward_57ca5f820f1ff7ac__negative__bounded,5866.966116,5633.824695,5677.518434,5637.688177,5744.740317,5637.688177,5637.688177,6464.435314
outward_57ca5f820f1ff7ac,191007,outward,negative,pre_round_stress,outward_57ca5f820f1ff7ac__negative__pre_round_stress,5866.827524,5633.769683,5677.473323,5637.65015,5744.692497,5637.65015,5637.65015,6464.402609
outward_57ca5f820f1ff7ac,191007,outward,positive,bounded,outward_57ca5f820f1ff7ac__positive__bounded,6965.924344,6731.179259,6610.188356,6585.349737,6705.033105,6585.349737,6585.349737,6256.810059
outward_57ca5f820f1ff7ac,191007,outward,positive,pre_round_stress,outward_57ca5f820f1ff7ac__positive__pre_round_stress,6965.837629,6731.124663,6610.109567,6585.268055,6704.987629,6585.268055,6585.268055,6256.728377
outward_57ca5f820f1ff7ac,191007,outward,smooth,bounded,outward_57ca5f820f1ff7ac__smooth__bounded,5685.126632,5637.518603,5659.446695,5642.134417,5700.893698,5642.134417,5642.134417,6123.450884
outward_57ca5f820f1ff7ac,191007,outward,smooth,pre_round_stress,outward_57ca5f820f1ff7ac__smooth__pre_round_stress,5685.146805,5637.538937,5659.466366,5642.154926,5700.914222,5642.154926,5642.154926,6123.471393
outward_57ca5f820f1ff7ac,191007,outward,spatial_hash,bounded,outward_57ca5f820f1ff7ac__spatial_hash__bounded,5767.773008,5642.317732,5674.682647,5646.520371,5728.610439,5646.520371,5646.520371,6473.195672
outward_57ca5f820f1ff7ac,191007,outward,spatial_hash,pre_round_stress,outward_57ca5f820f1ff7ac__spatial_hash__pre_round_stress,5767.773008,5642.317732,5673.130402,5646.520371,5728.610439,5646.520371,5646.520371,6473.195672
outward_81700b4321b8ea7f,191103,outward,negative,bounded,outward_81700b4321b8ea7f__negative__bounded,5998.318323,6460.092642,6256.116539,6214.70305,5604.124403,6214.70305,6214.70305,5897.124205
outward_81700b4321b8ea7f,191103,outward,negative,pre_round_stress,outward_81700b4321b8ea7f__negative__pre_round_stress,5998.313901,6460.069707,6256.06441,6214.631162,5604.008481,6214.631162,6214.631162,5897.060625
outward_81700b4321b8ea7f,191103,outward,positive,bounded,outward_81700b4321b8ea7f__positive__bounded,5831.193308,5719.311657,5515.765487,5474.347226,5539.622001,5474.347226,5474.347226,5918.006421
outward_81700b4321b8ea7f,191103,outward,positive,pre_round_stress,outward_81700b4321b8ea7f__positive__pre_round_stress,5831.437349,5719.231528,5515.877094,5474.432349,5539.755495,5474.432349,5474.432349,5918.091648
outward_81700b4321b8ea7f,191103,outward,smooth,bounded,outward_81700b4321b8ea7f__smooth__bounded,5805.546636,6453.521083,6219.860115,6195.336443,5521.326342,6195.336443,6195.336443,5877.74927
outward_81700b4321b8ea7f,191103,outward,smooth,pre_round_stress,outward_81700b4321b8ea7f__smooth__pre_round_stress,5805.546636,6453.521083,6219.860115,6195.336443,5521.326342,6195.336443,6195.336443,5877.74927
outward_81700b4321b8ea7f,191103,outward,spatial_hash,bounded,outward_81700b4321b8ea7f__spatial_hash__bounded,5855.316892,5700.471896,5470.530452,5445.124325,5543.092742,5445.124325,5445.124325,5888.01825
outward_81700b4321b8ea7f,191103,outward,spatial_hash,pre_round_stress,outward_81700b4321b8ea7f__spatial_hash__pre_round_stress,5855.316892,5700.471896,5470.530452,5445.124325,5543.092742,5445.124325,5445.124325,5888.01825
outward_85acea17f3d8afd3,191061,outward,negative,bounded,outward_85acea17f3d8afd3__negative__bounded,5773.314982,5760.391498,5775.335109,5765.486886,5782.642176,5765.486886,5765.486886,5765.486886
outward_85acea17f3d8afd3,191061,outward,negative,pre_round_stress,outward_85acea17f3d8afd3__negative__pre_round_stress,5773.429931,5760.641548,5775.636987,5765.78482,5782.822291,5765.78482,5765.78482,5765.78482
outward_85acea17f3d8afd3,191061,outward,positive,bounded,outward_85acea17f3d8afd3__positive__bounded,5773.18688,5691.600455,5702.466589,5696.384634,5777.999984,5696.384634,5696.384634,5696.384634
outward_85acea17f3d8afd3,191061,outward,positive,pre_round_stress,outward_85acea17f3d8afd3__positive__pre_round_stress,5773.200245,5691.644776,5702.519298,5696.43534,5778.056907,5696.43534,5696.43534,5696.43534
outward_85acea17f3d8afd3,191061,outward,smooth,bounded,outward_85acea17f3d8afd3__smooth__bounded,5732.483751,5685.318211,5684.700315,5684.718787,5736.512245,5684.718787,5684.718787,5684.718787
outward_85acea17f3d8afd3,191061,outward,smooth,pre_round_stress,outward_85acea17f3d8afd3__smooth__pre_round_stress,5732.472738,5685.305943,5684.68587,5684.704342,5736.4978,5684.704342,5684.704342,5684.704342
outward_85acea17f3d8afd3,191061,outward,spatial_hash,bounded,outward_85acea17f3d8afd3__spatial_hash__bounded,5726.612873,5709.841147,5706.278324,5706.245229,5736.61898,5706.245229,5706.245229,5706.245229
outward_85acea17f3d8afd3,191061,outward,spatial_hash,pre_round_stress,outward_85acea17f3d8afd3__spatial_hash__pre_round_stress,5726.612873,5709.841147,5706.278324,5706.245229,5736.61898,5706.245229,5706.245229,5706.245229
outward_9469a7f7cfbff853,191013,outward,negative,bounded,outward_9469a7f7cfbff853__negative__bounded,9145.209771,8664.778112,8679.245969,8679.245969,9173.323049,8679.245969,8679.245969,11407.57638
outward_9469a7f7cfbff853,191013,outward,negative,pre_round_stress,outward_9469a7f7cfbff853__negative__pre_round_stress,9145.004346,8665.044768,8679.359594,8679.359594,9173.105784,8679.359594,8679.359594,11407.693492
outward_9469a7f7cfbff853,191013,outward,positive,bounded,outward_9469a7f7cfbff853__positive__bounded,9813.525917,9556.506424,9541.106289,9541.106289,9831.177736,9541.106289,9541.106289,11285.929046
outward_9469a7f7cfbff853,191013,outward,positive,pre_round_stress,outward_9469a7f7cfbff853__positive__pre_round_stress,9813.650987,9556.66531,9541.214916,9541.214916,9831.303392,9541.214916,9541.214916,11299.62627
outward_9469a7f7cfbff853,191013,outward,smooth,bounded,outward_9469a7f7cfbff853__smooth__bounded,9013.709874,8731.127777,8724.967363,8724.967363,9026.543542,8724.967363,8724.967363,11260.524021
outward_9469a7f7cfbff853,191013,outward,smooth,pre_round_stress,outward_9469a7f7cfbff853__smooth__pre_round_stress,9013.694323,8731.167914,8725.0075,8725.0075,9026.527991,8725.0075,8725.0075,11269.156546
outward_9469a7f7cfbff853,191013,outward,spatial_hash,bounded,outward_9469a7f7cfbff853__spatial_hash__bounded,9187.030109,8792.385036,8815.60843,8815.60843,9205.224353,8815.60843,8815.60843,11167.194854
outward_9469a7f7cfbff853,191013,outward,spatial_hash,pre_round_stress,outward_9469a7f7cfbff853__spatial_hash__pre_round_stress,9187.030109,8792.385036,8815.60843,8815.60843,9205.224353,8815.60843,8815.60843,11167.194854
outward_a61c8f43e2a52c38,191109,outward,negative,bounded,outward_a61c8f43e2a52c38__negative__bounded,6059.946015,6082.872194,6092.215607,6087.803,6066.202185,6087.803,6087.803,6087.803
outward_a61c8f43e2a52c38,191109,outward,negative,pre_round_stress,outward_a61c8f43e2a52c38__negative__pre_round_stress,6059.990717,6082.956894,6092.331721,6087.887605,6066.246752,6087.887605,6087.887605,6087.887605
outward_a61c8f43e2a52c38,191109,outward,positive,bounded,outward_a61c8f43e2a52c38__positive__bounded,6105.53586,6079.39335,6102.400385,6085.416214,6117.400299,6085.416214,6085.416214,6085.416214
outward_a61c8f43e2a52c38,191109,outward,positive,pre_round_stress,outward_a61c8f43e2a52c38__positive__pre_round_stress,6105.414546,6079.329283,6102.338342,6085.350351,6117.289962,6085.350351,6085.350351,6085.350351
outward_a61c8f43e2a52c38,191109,outward,smooth,bounded,outward_a61c8f43e2a52c38__smooth__bounded,6108.883559,6093.825018,6109.484053,6092.079283,6105.569849,6092.079283,6092.079283,6092.079283
outward_a61c8f43e2a52c38,191109,outward,smooth,pre_round_stress,outward_a61c8f43e2a52c38__smooth__pre_round_stress,6108.883559,6093.825291,6109.484053,6092.079556,6105.565404,6092.079556,6092.079556,6092.079556
outward_a61c8f43e2a52c38,191109,outward,spatial_hash,bounded,outward_a61c8f43e2a52c38__spatial_hash__bounded,6057.459934,6081.627905,6093.538168,6086.074224,6065.931863,6086.074224,6086.074224,6086.074224
outward_a61c8f43e2a52c38,191109,outward,spatial_hash,pre_round_stress,outward_a61c8f43e2a52c38__spatial_hash__pre_round_stress,6057.459934,6081.627905,6093.538168,6086.074224,6065.931863,6086.074224,6086.074224,6086.074224
outward_a88d1db6cc238307,191085,outward,negative,bounded,outward_a88d1db6cc238307__negative__bounded,8933.394568,8849.293004,8870.953082,8849.293004,8933.394568,8849.293004,8855.607564,8986.364441
outward_a88d1db6cc238307,191085,outward,negative,pre_round_stress,outward_a88d1db6cc238307__negative__pre_round_stress,8933.153044,8849.225526,8870.841334,8849.225526,8933.153044,8849.225526,8855.56757,8977.79953
outward_a88d1db6cc238307,191085,outward,positive,bounded,outward_a88d1db6cc238307__positive__bounded,8171.021,8105.317258,8130.946555,8105.317258,8177.592855,8105.317258,8105.317258,9376.43742
outward_a88d1db6cc238307,191085,outward,positive,pre_round_stress,outward_a88d1db6cc238307__positive__pre_round_stress,8171.164628,8105.5011,8131.091126,8105.5011,8177.737094,8105.5011,8105.5011,9376.611778
outward_a88d1db6cc238307,191085,outward,smooth,bounded,outward_a88d1db6cc238307__smooth__bounded,8130.335582,8066.389604,8087.804673,8069.92263,8132.898413,8069.92263,8069.92263,9342.288653
outward_a88d1db6cc238307,191085,outward,smooth,pre_round_stress,outward_a88d1db6cc238307__smooth__pre_round_stress,8130.29457,8066.39565,8087.810719,8069.928676,8132.857401,8069.928676,8069.928676,9342.294699
outward_a88d1db6cc238307,191085,outward,spatial_hash,bounded,outward_a88d1db6cc238307__spatial_hash__bounded,8137.244628,8079.839867,8094.219014,8082.708246,8144.771847,8082.708246,8089.702955,9014.389472
outward_a88d1db6cc238307,191085,outward,spatial_hash,pre_round_stress,outward_a88d1db6cc238307__spatial_hash__pre_round_stress,8137.244628,8079.839867,8094.219014,8082.708246,8144.771847,8082.708246,8089.702955,9014.389472
outward_b3ba920e7ed7a14f,191115,outward,negative,bounded,outward_b3ba920e7ed7a14f__negative__bounded,8965.507263,9547.812173,9709.980768,9634.812173,8975.507263,9634.812173,9634.812173,11366.746129
outward_b3ba920e7ed7a14f,191115,outward,negative,pre_round_stress,outward_b3ba920e7ed7a14f__negative__pre_round_stress,8965.755439,9548.142509,9710.307245,9635.142509,8975.755439,9635.142509,9635.142509,11367.073218
outward_b3ba920e7ed7a14f,191115,outward,positive,bounded,outward_b3ba920e7ed7a14f__positive__bounded,9225.136216,8887.140705,8945.849349,8945.849349,9240.05442,8945.849349,8945.849349,11747.033159
outward_b3ba920e7ed7a14f,191115,outward,positive,pre_round_stress,outward_b3ba920e7ed7a14f__positive__pre_round_stress,9225.153929,8887.221245,8945.914159,8945.914159,9240.045211,8945.914159,8945.914159,11747.093896
outward_b3ba920e7ed7a14f,191115,outward,smooth,bounded,outward_b3ba920e7ed7a14f__smooth__bounded,9241.20907,8954.0377,9013.413859,9013.413859,9261.501468,9013.413859,9013.413859,11822.794544
outward_b3ba920e7ed7a14f,191115,outward,smooth,pre_round_stress,outward_b3ba920e7ed7a14f__smooth__pre_round_stress,9241.302324,8954.206505,9013.582664,9013.582664,9261.594722,9013.582664,9013.582664,11822.963349
outward_b3ba920e7ed7a14f,191115,outward,spatial_hash,bounded,outward_b3ba920e7ed7a14f__spatial_hash__bounded,9232.099367,8962.837713,9021.126284,9021.126284,9262.931631,9021.126284,9021.126284,11806.631255
outward_b3ba920e7ed7a14f,191115,outward,spatial_hash,pre_round_stress,outward_b3ba920e7ed7a14f__spatial_hash__pre_round_stress,9232.099367,8962.837713,9021.126284,9021.126284,9262.931631,9021.126284,9021.126284,11806.631255
outward_b614b4503aa2dd12,191031,outward,negative,bounded,outward_b614b4503aa2dd12__negative__bounded,9337.158647,9141.854294,8934.106964,8919.106964,9361.356695,8919.106964,8919.106964,11297.88055
outward_b614b4503aa2dd12,191031,outward,negative,pre_round_stress,outward_b614b4503aa2dd12__negative__pre_round_stress,9375.792118,9142.764684,8934.93767,8919.93767,9399.956409,8919.93767,8919.93767,11298.702898
outward_b614b4503aa2dd12,191031,outward,positive,bounded,outward_b614b4503aa2dd12__positive__bounded,10752.519642,10214.87892,10290.114955,10285.114955,10771.16448,10285.114955,10285.114955,12380.514918
outward_b614b4503aa2dd12,191031,outward,positive,pre_round_stress,outward_b614b4503aa2dd12__positive__pre_round_stress,10748.270462,10209.467446,10284.77959,10279.77959,10766.937693,10279.77959,10279.77959,12388.857422
outward_b614b4503aa2dd12,191031,outward,smooth,bounded,outward_b614b4503aa2dd12__smooth__bounded,10756.687707,10212.728501,10285.420828,10280.420828,10785.520161,10280.420828,10280.420828,12391.682097
outward_b614b4503aa2dd12,191031,outward,smooth,pre_round_stress,outward_b614b4503aa2dd12__smooth__pre_round_stress,10756.70222,10212.728501,10285.420828,10280.420828,10785.534674,10280.420828,10280.420828,12391.682097
outward_b614b4503aa2dd12,191031,outward,spatial_hash,bounded,outward_b614b4503aa2dd12__spatial_hash__bounded,9680.055924,10026.723566,10027.141582,10022.141582,9621.020625,10022.141582,10022.141582,13148.788248
outward_b614b4503aa2dd12,191031,outward,spatial_hash,pre_round_stress,outward_b614b4503aa2dd12__spatial_hash__pre_round_stress,9680.055924,10026.723566,10027.141582,10022.141582,9621.020625,10022.141582,10022.141582,13148.788248
outward_c465e768cf57d804,191067,outward,negative,bounded,outward_c465e768cf57d804__negative__bounded,6070.750435,6041.480309,6041.480309,6041.480309,6070.750435,6041.480309,6041.480309,6041.480309
outward_c465e768cf57d804,191067,outward,negative,pre_round_stress,outward_c465e768cf57d804__negative__pre_round_stress,6070.620644,6041.301256,6041.301256,6041.301256,6070.620644,6041.301256,6041.301256,6041.301256
outward_c465e768cf57d804,191067,outward,positive,bounded,outward_c465e768cf57d804__positive__bounded,6105.584035,6098.181229,6096.822049,6096.192313,6112.406068,6096.192313,6096.192313,6096.192313
outward_c465e768cf57d804,191067,outward,positive,pre_round_stress,outward_c465e768cf57d804__positive__pre_round_stress,6105.620391,6098.347934,6096.944259,6096.303018,6112.434574,6096.303018,6096.303018,6096.303018
outward_c465e768cf57d804,191067,outward,smooth,bounded,outward_c465e768cf57d804__smooth__bounded,6080.727318,6060.997623,6060.997623,6060.997623,6080.727318,6060.997623,6060.997623,6060.997623
outward_c465e768cf57d804,191067,outward,smooth,pre_round_stress,outward_c465e768cf57d804__smooth__pre_round_stress,6080.727318,6060.997623,6060.997623,6060.997623,6080.727318,6060.997623,6060.997623,6060.997623
outward_c465e768cf57d804,191067,outward,spatial_hash,bounded,outward_c465e768cf57d804__spatial_hash__bounded,6073.650086,6046.225231,6046.225231,6046.225231,6073.650086,6046.225231,6046.225231,6046.225231
outward_c465e768cf57d804,191067,outward,spatial_hash,pre_round_stress,outward_c465e768cf57d804__spatial_hash__pre_round_stress,6073.650086,6046.225231,6046.225231,6046.225231,6073.650086,6046.225231,6046.225231,6046.225231
outward_dcf732ad278fed5d,191037,outward,negative,bounded,outward_dcf732ad278fed5d__negative__bounded,6648.043391,6550.560814,6796.435649,6563.312202,6665.808874,6563.312202,6563.312202,6233.789544
outward_dcf732ad278fed5d,191037,outward,negative,pre_round_stress,outward_dcf732ad278fed5d__negative__pre_round_stress,6636.603906,6550.494209,6796.399731,6563.280173,6654.359606,6563.280173,6563.280173,6233.757515
outward_dcf732ad278fed5d,191037,outward,positive,bounded,outward_dcf732ad278fed5d__positive__bounded,5898.138341,5846.627657,5895.160208,5855.378346,5928.091018,5855.378346,5855.378346,6612.000167
outward_dcf732ad278fed5d,191037,outward,positive,pre_round_stress,outward_dcf732ad278fed5d__positive__pre_round_stress,5898.231082,5846.791342,5894.384146,5855.492536,5928.144287,5855.492536,5855.492536,6612.119268
outward_dcf732ad278fed5d,191037,outward,smooth,bounded,outward_dcf732ad278fed5d__smooth__bounded,5694.053149,5713.147417,5816.509991,5813.363471,5900.764466,5813.363471,5813.363471,6232.089677
outward_dcf732ad278fed5d,191037,outward,smooth,pre_round_stress,outward_dcf732ad278fed5d__smooth__pre_round_stress,5694.048913,5713.142294,5816.505755,5813.359235,5900.76023,5813.359235,5813.359235,6232.085441
outward_dcf732ad278fed5d,191037,outward,spatial_hash,bounded,outward_dcf732ad278fed5d__spatial_hash__bounded,5900.139662,5817.95934,5836.608883,5821.783214,5908.779511,5821.783214,5821.783214,6240.21034
outward_dcf732ad278fed5d,191037,outward,spatial_hash,pre_round_stress,outward_dcf732ad278fed5d__spatial_hash__pre_round_stress,5900.139662,5817.95934,5836.608883,5821.783214,5908.779511,5821.783214,5821.783214,6240.21034
outward_efbde2a71f9e7eec,191049,outward,negative,bounded,outward_efbde2a71f9e7eec__negative__bounded,6450.310366,6423.512223,6411.378345,6424.514181,6451.312324,6424.514181,6424.514181,6868.859558
outward_efbde2a71f9e7eec,191049,outward,negative,pre_round_stress,outward_efbde2a71f9e7eec__negative__pre_round_stress,6450.393773,6423.531454,6411.389878,6424.530229,6451.392548,6424.530229,6424.530229,6868.875606
outward_efbde2a71f9e7eec,191049,outward,positive,bounded,outward_efbde2a71f9e7eec__positive__bounded,6472.634926,6400.282051,6397.325573,6402.805419,6475.158294,6402.805419,6402.805419,6845.694167
outward_efbde2a71f9e7eec,191049,outward,positive,pre_round_stress,outward_efbde2a71f9e7eec__positive__pre_round_stress,6472.530567,6400.215562,6397.274617,6402.750227,6475.065232,6402.750227,6402.750227,6845.63106
outward_efbde2a71f9e7eec,191049,outward,smooth,bounded,outward_efbde2a71f9e7eec__smooth__bounded,6426.024988,6408.315362,6413.378791,6413.378791,6431.088417,6413.378791,6413.378791,6856.554238
outward_efbde2a71f9e7eec,191049,outward,smooth,pre_round_stress,outward_efbde2a71f9e7eec__smooth__pre_round_stress,6426.049443,6408.339817,6413.403246,6413.403246,6431.112872,6413.403246,6413.403246,6856.578693
outward_efbde2a71f9e7eec,191049,outward,spatial_hash,bounded,outward_efbde2a71f9e7eec__spatial_hash__bounded,6442.011491,6408.472779,6405.533721,6411.557447,6445.096159,6411.557447,6411.557447,6855.012092
outward_efbde2a71f9e7eec,191049,outward,spatial_hash,pre_round_stress,outward_efbde2a71f9e7eec__spatial_hash__pre_round_stress,6442.011491,6408.472779,6405.533721,6411.557447,6445.096159,6411.557447,6411.557447,6855.012092
outward_fade8d7fd8c985dc,191019,outward,negative,bounded,outward_fade8d7fd8c985dc__negative__bounded,8777.579449,8541.120235,8551.554628,8534.0304,8770.415166,8534.0304,8534.0304,10665.799482
outward_fade8d7fd8c985dc,191019,outward,negative,pre_round_stress,outward_fade8d7fd8c985dc__negative__pre_round_stress,8777.666573,8541.186037,8551.577784,8534.035811,8770.439466,8534.035811,8534.035811,10665.803669
outward_fade8d7fd8c985dc,191019,outward,positive,bounded,outward_fade8d7fd8c985dc__positive__bounded,9104.471825,8814.89485,8843.907987,8833.078038,9123.375901,8833.078038,8833.078038,10978.091707
outward_fade8d7fd8c985dc,191019,outward,positive,pre_round_stress,outward_fade8d7fd8c985dc__positive__pre_round_stress,9104.771794,8815.286911,8844.297694,8833.458316,9123.680382,8833.458316,8833.458316,10969.976237
outward_fade8d7fd8c985dc,191019,outward,smooth,bounded,outward_fade8d7fd8c985dc__smooth__bounded,9081.463174,8754.586394,8773.860279,8773.627112,9102.500119,8773.627112,8773.627112,10928.670456
outward_fade8d7fd8c985dc,191019,outward,smooth,pre_round_stress,outward_fade8d7fd8c985dc__smooth__pre_round_stress,9081.435486,8754.595242,8773.869127,8773.63596,9102.472431,8773.63596,8773.63596,10928.679304
outward_fade8d7fd8c985dc,191019,outward,spatial_hash,bounded,outward_fade8d7fd8c985dc__spatial_hash__bounded,9165.990348,8755.876506,8787.021386,8781.055567,9190.199453,8781.055567,8781.055567,10973.310939
outward_fade8d7fd8c985dc,191019,outward,spatial_hash,pre_round_stress,outward_fade8d7fd8c985dc__spatial_hash__pre_round_stress,9165.990348,8755.876506,8787.021386,8781.055567,9190.199453,8781.055567,8781.055567,10973.310939
outward_fbe58e51a9f88998,191091,outward,negative,bounded,outward_fbe58e51a9f88998__negative__bounded,6469.762075,6392.737327,6356.569095,6370.478314,6456.421468,6370.478314,6376.539823,6853.050893
outward_fbe58e51a9f88998,191091,outward,negative,pre_round_stress,outward_fbe58e51a9f88998__negative__pre_round_stress,6469.826189,6392.807602,6356.589791,6370.507145,6456.457327,6370.507145,6376.625028,6853.08094
outward_fbe58e51a9f88998,191091,outward,positive,bounded,outward_fbe58e51a9f88998__positive__bounded,6482.085451,6380.728436,6352.976472,6366.272288,6464.414405,6366.272288,6366.272288,6848.594369
outward_fbe58e51a9f88998,191091,outward,positive,pre_round_stress,outward_fbe58e51a9f88998__positive__pre_round_stress,6482.119045,6380.760536,6353.015888,6366.279225,6464.420591,6366.279225,6366.279225,6848.601306
outward_fbe58e51a9f88998,191091,outward,smooth,bounded,outward_fbe58e51a9f88998__smooth__bounded,6451.147956,6369.707672,6330.986386,6330.986386,6422.25779,6330.986386,6330.986386,6813.416122
outward_fbe58e51a9f88998,191091,outward,smooth,pre_round_stress,outward_fbe58e51a9f88998__smooth__pre_round_stress,6451.149998,6369.708693,6330.984749,6330.984749,6422.256153,6330.984749,6330.984749,6813.414485
outward_fbe58e51a9f88998,191091,outward,spatial_hash,bounded,outward_fbe58e51a9f88998__spatial_hash__bounded,6460.241944,6376.387938,6347.418019,6355.999419,6444.594358,6355.999419,6355.999419,6838.465644
outward_fbe58e51a9f88998,191091,outward,spatial_hash,pre_round_stress,outward_fbe58e51a9f88998__spatial_hash__pre_round_stress,6460.241944,6376.387938,6347.418019,6355.999419,6444.594358,6355.999419,6355.999419,6838.465644
tangent_02646fbae14219ac,191015,tangent,negative,bounded,tangent_02646fbae14219ac__negative__bounded,10230.576312,9429.684019,9125.632131,9829.932564,10269.121301,9829.932564,9829.932564,9519.961384
tangent_02646fbae14219ac,191015,tangent,negative,pre_round_stress,tangent_02646fbae14219ac__negative__pre_round_stress,10230.65782,9429.889603,9125.783518,9830.01282,10269.12113,9830.01282,9830.01282,9499.574837
tangent_02646fbae14219ac,191015,tangent,positive,bounded,tangent_02646fbae14219ac__positive__bounded,9743.762346,8449.115558,9248.528747,9214.783245,9749.066555,9214.783245,9214.783245,8988.174255
tangent_02646fbae14219ac,191015,tangent,positive,pre_round_stress,tangent_02646fbae14219ac__positive__pre_round_stress,9743.741756,8449.054556,9248.574741,9214.832924,9748.986907,9214.832924,9214.832924,8988.210368
tangent_02646fbae14219ac,191015,tangent,smooth,bounded,tangent_02646fbae14219ac__smooth__bounded,9316.040164,8540.509724,8345.370512,8333.895897,8696.258646,8333.895897,8333.895897,9551.456019
tangent_02646fbae14219ac,191015,tangent,smooth,pre_round_stress,tangent_02646fbae14219ac__smooth__pre_round_stress,9316.057875,8540.527435,8345.388217,8333.913608,8696.276257,8333.913608,8333.913608,9551.47373
tangent_02646fbae14219ac,191015,tangent,spatial_hash,bounded,tangent_02646fbae14219ac__spatial_hash__bounded,10336.664796,8980.122047,9099.84942,9352.014077,10416.857421,9352.014077,9352.014077,10330.074411
tangent_02646fbae14219ac,191015,tangent,spatial_hash,pre_round_stress,tangent_02646fbae14219ac__spatial_hash__pre_round_stress,10336.664796,8980.122047,9099.84942,9352.014077,10416.857421,9352.014077,9352.014077,10330.074411
tangent_041199271f6833c1,191009,tangent,negative,bounded,tangent_041199271f6833c1__negative__bounded,5508.874781,5519.96012,5162.196065,5099.898204,5166.61773,5099.898204,5099.898204,5099.898204
tangent_041199271f6833c1,191009,tangent,negative,pre_round_stress,tangent_041199271f6833c1__negative__pre_round_stress,5513.497218,5520.149845,5162.220668,5099.894893,5171.385202,5099.894893,5099.894893,5099.894893
tangent_041199271f6833c1,191009,tangent,positive,bounded,tangent_041199271f6833c1__positive__bounded,5824.169586,5467.055876,5135.198554,5099.192176,5338.245251,5099.192176,5099.192176,5099.192176
tangent_041199271f6833c1,191009,tangent,positive,pre_round_stress,tangent_041199271f6833c1__positive__pre_round_stress,5824.01707,5466.775198,5135.186231,5099.163278,5338.250631,5099.163278,5099.163278,5099.163278
tangent_041199271f6833c1,191009,tangent,smooth,bounded,tangent_041199271f6833c1__smooth__bounded,5657.043897,5588.894182,5119.905382,5092.289091,5234.693265,5092.289091,5092.289091,5092.289091
tangent_041199271f6833c1,191009,tangent,smooth,pre_round_stress,tangent_041199271f6833c1__smooth__pre_round_stress,5657.043897,5588.894182,5119.905382,5092.289091,5234.693265,5092.289091,5092.289091,5092.289091
tangent_041199271f6833c1,191009,tangent,spatial_hash,bounded,tangent_041199271f6833c1__spatial_hash__bounded,5595.451934,5488.117744,5140.206565,5105.066857,5178.598611,5105.066857,5105.066857,5105.066857
tangent_041199271f6833c1,191009,tangent,spatial_hash,pre_round_stress,tangent_041199271f6833c1__spatial_hash__pre_round_stress,5595.451934,5488.117744,5140.206565,5105.066857,5178.598611,5105.066857,5105.066857,5105.066857
tangent_0f1cb3816a9d85d6,191057,tangent,negative,bounded,tangent_0f1cb3816a9d85d6__negative__bounded,8347.702309,7792.888513,7898.169591,7888.169591,8059.218758,7853.169591,7888.169591,8114.729273
tangent_0f1cb3816a9d85d6,191057,tangent,negative,pre_round_stress,tangent_0f1cb3816a9d85d6__negative__pre_round_stress,8347.580417,7792.797077,7898.079314,7888.079314,8059.111384,7853.079314,7888.079314,8114.638996
tangent_0f1cb3816a9d85d6,191057,tangent,positive,bounded,tangent_0f1cb3816a9d85d6__positive__bounded,8775.579177,8298.467411,8425.637546,8406.7442,8952.844313,8406.7442,8406.7442,9143.324337
tangent_0f1cb3816a9d85d6,191057,tangent,positive,pre_round_stress,tangent_0f1cb3816a9d85d6__positive__pre_round_stress,8775.881677,8298.861833,8425.932147,8407.032633,8953.122383,8407.032633,8407.032633,9144.055692
tangent_0f1cb3816a9d85d6,191057,tangent,smooth,bounded,tangent_0f1cb3816a9d85d6__smooth__bounded,8405.98534,7854.143798,7965.498654,8077.713098,8124.759975,8077.713098,8077.713098,8296.225007
tangent_0f1cb3816a9d85d6,191057,tangent,smooth,pre_round_stress,tangent_0f1cb3816a9d85d6__smooth__pre_round_stress,8405.98534,7854.143798,7965.507662,8077.722106,8124.759975,8077.722106,8077.722106,8296.234015
tangent_0f1cb3816a9d85d6,191057,tangent,spatial_hash,bounded,tangent_0f1cb3816a9d85d6__spatial_hash__bounded,8274.085484,7752.724671,7873.221189,7868.320006,8094.488525,7868.320006,7868.320006,8276.281294
tangent_0f1cb3816a9d85d6,191057,tangent,spatial_hash,pre_round_stress,tangent_0f1cb3816a9d85d6__spatial_hash__pre_round_stress,8274.085484,7752.724671,7873.221189,7868.320006,8094.488525,7868.320006,7868.320006,8276.281294
tangent_16a00812b0c8d560,191027,tangent,negative,bounded,tangent_16a00812b0c8d560__negative__bounded,6244.242363,6115.149064,6213.115293,6142.039503,6250.508786,6142.039503,6142.039503,6142.039503
tangent_16a00812b0c8d560,191027,tangent,negative,pre_round_stress,tangent_16a00812b0c8d560__negative__pre_round_stress,6244.169051,6115.116512,6213.133513,6142.053841,6250.493691,6142.053841,6142.053841,6142.053841
tangent_16a00812b0c8d560,191027,tangent,positive,bounded,tangent_16a00812b0c8d560__positive__bounded,6086.549382,6066.598602,6096.94368,6069.674655,6091.747391,6069.674655,6069.674655,6069.674655
tangent_16a00812b0c8d560,191027,tangent,positive,pre_round_stress,tangent_16a00812b0c8d560__positive__pre_round_stress,6086.553007,6066.583596,6096.86438,6069.59656,6091.732004,6069.59656,6069.59656,6069.59656
tangent_16a00812b0c8d560,191027,tangent,smooth,bounded,tangent_16a00812b0c8d560__smooth__bounded,6644.518864,6366.116513,6462.798329,6422.458791,6699.04006,6422.458791,6422.458791,6422.458791
tangent_16a00812b0c8d560,191027,tangent,smooth,pre_round_stress,tangent_16a00812b0c8d560__smooth__pre_round_stress,6644.484007,6366.103438,6462.792541,6422.453003,6699.010748,6422.453003,6422.453003,6422.453003
tangent_16a00812b0c8d560,191027,tangent,spatial_hash,bounded,tangent_16a00812b0c8d560__spatial_hash__bounded,6190.607358,6129.089171,6172.021893,6145.165069,6210.891335,6145.165069,6145.165069,6145.165069
tangent_16a00812b0c8d560,191027,tangent,spatial_hash,pre_round_stress,tangent_16a00812b0c8d560__spatial_hash__pre_round_stress,6190.607358,6129.089171,6172.021893,6145.165069,6210.891335,6145.165069,6145.165069,6145.165069
tangent_231ba19aaa97165d,191045,tangent,negative,bounded,tangent_231ba19aaa97165d__negative__bounded,7234.344897,6877.917046,6831.085985,6919.674288,7310.376529,6919.674288,6919.674288,7191.012591
tangent_231ba19aaa97165d,191045,tangent,negative,pre_round_stress,tangent_231ba19aaa97165d__negative__pre_round_stress,7234.210535,6877.762291,6830.915895,6924.516252,7310.240413,6924.516252,6924.516252,7195.691652
tangent_231ba19aaa97165d,191045,tangent,positive,bounded,tangent_231ba19aaa97165d__positive__bounded,7096.079589,6822.953989,6755.190366,6862.304742,7146.460315,6862.304742,6862.304742,7180.686124
tangent_231ba19aaa97165d,191045,tangent,positive,pre_round_stress,tangent_231ba19aaa97165d__positive__pre_round_stress,7096.067994,6822.91217,6755.133742,6862.250341,7146.4329,6862.250341,6862.250341,7180.631723
tangent_231ba19aaa97165d,191045,tangent,smooth,bounded,tangent_231ba19aaa97165d__smooth__bounded,7063.166487,6825.529907,6754.668477,6862.600837,7112.927635,6862.600837,6862.600837,7143.809946
tangent_231ba19aaa97165d,191045,tangent,smooth,pre_round_stress,tangent_231ba19aaa97165d__smooth__pre_round_stress,7063.169432,6825.532852,6754.671422,6862.603782,7112.93058,6862.603782,6862.603782,7143.812891
tangent_231ba19aaa97165d,191045,tangent,spatial_hash,bounded,tangent_231ba19aaa97165d__spatial_hash__bounded,7230.856195,6919.317428,6861.869693,6966.718442,7293.387492,6966.718442,6966.718442,7283.73453
tangent_231ba19aaa97165d,191045,tangent,spatial_hash,pre_round_stress,tangent_231ba19aaa97165d__spatial_hash__pre_round_stress,7230.856195,6919.317428,6861.869693,6966.718442,7293.387492,6966.718442,6966.718442,7283.73453
tangent_3afa7de0832c26cc,191033,tangent,negative,bounded,tangent_3afa7de0832c26cc__negative__bounded,7898.072777,7531.029166,7981.13046,7771.420901,8180.461728,7771.420901,7771.420901,7506.056691
tangent_3afa7de0832c26cc,191033,tangent,negative,pre_round_stress,tangent_3afa7de0832c26cc__negative__pre_round_stress,7898.04893,7531.000308,7981.106551,7771.389986,8180.434115,7771.389986,7771.389986,7506.025776
tangent_3afa7de0832c26cc,191033,tangent,positive,bounded,tangent_3afa7de0832c26cc__positive__bounded,7336.190949,7022.096301,7066.19634,6997.509603,7391.99025,6997.509603,6997.509603,7386.493744
tangent_3afa7de0832c26cc,191033,tangent,positive,pre_round_stress,tangent_3afa7de0832c26cc__positive__pre_round_stress,7335.948656,7021.90932,7065.937817,6997.20657,7391.668534,6997.20657,6997.20657,7386.041812
tangent_3afa7de0832c26cc,191033,tangent,smooth,bounded,tangent_3afa7de0832c26cc__smooth__bounded,7296.008202,6986.76595,7058.851158,7020.398629,7333.493779,7020.398629,7020.398629,7467.39099
tangent_3afa7de0832c26cc,191033,tangent,smooth,pre_round_stress,tangent_3afa7de0832c26cc__smooth__pre_round_stress,7296.008202,6986.730669,7058.815877,7020.363348,7333.493779,7020.363348,7020.363348,7467.355709
tangent_3afa7de0832c26cc,191033,tangent,spatial_hash,bounded,tangent_3afa7de0832c26cc__spatial_hash__bounded,7292.541729,6970.611357,7068.149542,7006.294027,7338.290893,7006.294027,7006.294027,7439.85677
tangent_3afa7de0832c26cc,191033,tangent,spatial_hash,pre_round_stress,tangent_3afa7de0832c26cc__spatial_hash__pre_round_stress,7292.541729,6970.611357,7068.149542,7006.294027,7338.290893,7006.294027,7006.294027,7439.85677
tangent_5ae0095c8d45c2e6,191117,tangent,negative,bounded,tangent_5ae0095c8d45c2e6__negative__bounded,6602.079711,6422.309446,6431.560792,6422.309446,6584.082082,6422.309446,6422.309446,6422.309446
tangent_5ae0095c8d45c2e6,191117,tangent,negative,pre_round_stress,tangent_5ae0095c8d45c2e6__negative__pre_round_stress,6601.750342,6422.173313,6431.412686,6422.173313,6583.752718,6422.173313,6422.173313,6422.173313
tangent_5ae0095c8d45c2e6,191117,tangent,positive,bounded,tangent_5ae0095c8d45c2e6__positive__bounded,5876.394354,5853.08777,5863.897842,5858.870091,5886.819119,5858.870091,5858.870091,5858.870091
tangent_5ae0095c8d45c2e6,191117,tangent,positive,pre_round_stress,tangent_5ae0095c8d45c2e6__positive__pre_round_stress,5876.346676,5853.053587,5863.855919,5858.830296,5886.773656,5858.830296,5858.830296,5858.830296
tangent_5ae0095c8d45c2e6,191117,tangent,smooth,bounded,tangent_5ae0095c8d45c2e6__smooth__bounded,5817.20101,5823.999638,5826.524157,5826.524157,5828.385327,5826.524157,5826.524157,5826.524157
tangent_5ae0095c8d45c2e6,191117,tangent,smooth,pre_round_stress,tangent_5ae0095c8d45c2e6__smooth__pre_round_stress,5817.20101,5824.000043,5826.524157,5826.524157,5828.385327,5826.524157,5826.524157,5826.524157
tangent_5ae0095c8d45c2e6,191117,tangent,spatial_hash,bounded,tangent_5ae0095c8d45c2e6__spatial_hash__bounded,5798.058991,5822.507994,5827.895852,5827.895852,5811.882154,5827.895852,5827.895852,5827.895852
tangent_5ae0095c8d45c2e6,191117,tangent,spatial_hash,pre_round_stress,tangent_5ae0095c8d45c2e6__spatial_hash__pre_round_stress,5798.058991,5822.507994,5827.895852,5827.895852,5811.882154,5827.895852,5827.895852,5827.895852
tangent_685571c4609364b9,191021,tangent,negative,bounded,tangent_685571c4609364b9__negative__bounded,6248.074356,6091.883819,6120.079423,6114.075837,6277.640195,6114.075837,6114.075837,6114.075837
tangent_685571c4609364b9,191021,tangent,negative,pre_round_stress,tangent_685571c4609364b9__negative__pre_round_stress,6248.039002,6091.951304,6120.199359,6108.199359,6271.665652,6108.199359,6108.199359,6108.199359
tangent_685571c4609364b9,191021,tangent,positive,bounded,tangent_685571c4609364b9__positive__bounded,6233.957613,6100.233047,6129.368157,6123.368157,6257.073794,6123.368157,6123.368157,6123.368157
tangent_685571c4609364b9,191021,tangent,positive,pre_round_stress,tangent_685571c4609364b9__positive__pre_round_stress,6233.940312,6100.220517,6129.355576,6123.355953,6257.055551,6123.355953,6123.355953,6123.355953
tangent_685571c4609364b9,191021,tangent,smooth,bounded,tangent_685571c4609364b9__smooth__bounded,6237.506669,6073.462779,6096.17318,6096.17318,6260.141642,6096.17318,6096.17318,6096.17318
tangent_685571c4609364b9,191021,tangent,smooth,pre_round_stress,tangent_685571c4609364b9__smooth__pre_round_stress,6237.506669,6073.462779,6096.17318,6096.17318,6260.141642,6096.17318,6096.17318,6096.17318
tangent_685571c4609364b9,191021,tangent,spatial_hash,bounded,tangent_685571c4609364b9__spatial_hash__bounded,6218.3432,6101.421579,6124.776536,6118.776536,6235.507506,6118.776536,6118.776536,6118.776536
tangent_685571c4609364b9,191021,tangent,spatial_hash,pre_round_stress,tangent_685571c4609364b9__spatial_hash__pre_round_stress,6218.3432,6101.421579,6124.776536,6118.776536,6235.507506,6118.776536,6118.776536,6118.776536
tangent_6cfcf244178a4551,191087,tangent,negative,bounded,tangent_6cfcf244178a4551__negative__bounded,7505.954098,6948.425952,7040.204662,7023.433341,7558.981164,7023.433341,7023.433341,7023.433341
tangent_6cfcf244178a4551,191087,tangent,negative,pre_round_stress,tangent_6cfcf244178a4551__negative__pre_round_stress,7506.286029,6948.794738,7040.568318,7023.801423,7559.313532,7023.801423,7023.801423,7023.801423
tangent_6cfcf244178a4551,191087,tangent,positive,bounded,tangent_6cfcf244178a4551__positive__bounded,7532.453592,6905.80428,7014.315513,6984.315513,7589.577961,6984.315513,6984.315513,6984.315513
tangent_6cfcf244178a4551,191087,tangent,positive,pre_round_stress,tangent_6cfcf244178a4551__positive__pre_round_stress,7538.753542,6905.872736,7014.32828,6984.32828,7595.881958,6984.32828,6984.32828,6984.32828
tangent_6cfcf244178a4551,191087,tangent,smooth,bounded,tangent_6cfcf244178a4551__smooth__bounded,7473.606132,6911.47561,6986.771112,6981.196061,7538.641504,6981.196061,6981.196061,6981.196061
tangent_6cfcf244178a4551,191087,tangent,smooth,pre_round_stress,tangent_6cfcf244178a4551__smooth__pre_round_stress,7473.605445,6911.474923,6986.763269,6981.18736,7538.632803,6981.18736,6981.18736,6981.18736
tangent_6cfcf244178a4551,191087,tangent,spatial_hash,bounded,tangent_6cfcf244178a4551__spatial_hash__bounded,7499.647456,6928.66245,7008.98627,6992.633424,7552.623152,6992.633424,6992.633424,6992.633424
tangent_6cfcf244178a4551,191087,tangent,spatial_hash,pre_round_stress,tangent_6cfcf244178a4551__spatial_hash__pre_round_stress,7499.647456,6928.66245,7008.98627,6992.633424,7552.623152,6992.633424,6992.633424,6992.633424
tangent_81b0728fc569fbb9,191111,tangent,negative,bounded,tangent_81b0728fc569fbb9__negative__bounded,6704.649587,6548.026411,6570.490496,6560.495358,6714.649587,6560.495358,6560.495358,6560.495358
tangent_81b0728fc569fbb9,191111,tangent,negative,pre_round_stress,tangent_81b0728fc569fbb9__negative__pre_round_stress,6704.662299,6548.128186,6570.596948,6560.601442,6714.662299,6560.601442,6560.601442,6560.601442
tangent_81b0728fc569fbb9,191111,tangent,positive,bounded,tangent_81b0728fc569fbb9__positive__bounded,6797.148284,6573.741975,6438.985859,6582.11771,6811.561347,6582.11771,6582.11771,6582.11771
tangent_81b0728fc569fbb9,191111,tangent,positive,pre_round_stress,tangent_81b0728fc569fbb9__positive__pre_round_stress,6797.105679,6573.674059,6438.922856,6582.047217,6811.51225,6582.047217,6582.047217,6582.047217
tangent_81b0728fc569fbb9,191111,tangent,smooth,bounded,tangent_81b0728fc569fbb9__smooth__bounded,6636.485424,6680.090599,6692.26709,6687.089905,6638.598844,6687.089905,6687.089905,6650.752812
tangent_81b0728fc569fbb9,191111,tangent,smooth,pre_round_stress,tangent_81b0728fc569fbb9__smooth__pre_round_stress,6636.488279,6680.093454,6692.269945,6687.09276,6638.601699,6687.09276,6687.09276,6650.755667
tangent_81b0728fc569fbb9,191111,tangent,spatial_hash,bounded,tangent_81b0728fc569fbb9__spatial_hash__bounded,6627.921638,6556.069386,6567.842651,6569.820723,6638.604713,6569.820723,6569.820723,6569.820723
tangent_81b0728fc569fbb9,191111,tangent,spatial_hash,pre_round_stress,tangent_81b0728fc569fbb9__spatial_hash__pre_round_stress,6627.921638,6556.069386,6567.842651,6569.820723,6638.604713,6569.820723,6569.820723,6569.820723
tangent_8491252bf84e551e,191003,tangent,negative,bounded,tangent_8491252bf84e551e__negative__bounded,6753.777249,6305.613306,6022.068144,5946.36514,6120.650249,5946.36514,5946.36514,6480.304157
tangent_8491252bf84e551e,191003,tangent,negative,pre_round_stress,tangent_8491252bf84e551e__negative__pre_round_stress,6753.638982,6305.413185,6021.899057,5946.226851,6120.588305,5946.226851,5946.226851,6479.946343
tangent_8491252bf84e551e,191003,tangent,positive,bounded,tangent_8491252bf84e551e__positive__bounded,7270.24537,6987.134032,6870.982605,6594.644536,6705.247478,6594.644536,6653.965858,6292.456315
tangent_8491252bf84e551e,191003,tangent,positive,pre_round_stress,tangent_8491252bf84e551e__positive__pre_round_stress,7270.274369,6986.951137,6864.974472,6594.669309,6705.273943,6594.669309,6653.960776,6292.481088
tangent_8491252bf84e551e,191003,tangent,smooth,bounded,tangent_8491252bf84e551e__smooth__bounded,7077.244499,6710.975258,6765.454571,6764.802877,7147.178441,6764.802877,6764.802877,7308.501691
tangent_8491252bf84e551e,191003,tangent,smooth,pre_round_stress,tangent_8491252bf84e551e__smooth__pre_round_stress,7077.244499,6710.975385,6765.454698,6764.803004,7147.178441,6764.803004,6764.803004,7308.501818
tangent_8491252bf84e551e,191003,tangent,spatial_hash,bounded,tangent_8491252bf84e551e__spatial_hash__bounded,6563.112474,6452.894474,5989.776804,5946.507367,6050.231854,5946.507367,5946.507367,6226.285112
tangent_8491252bf84e551e,191003,tangent,spatial_hash,pre_round_stress,tangent_8491252bf84e551e__spatial_hash__pre_round_stress,6563.112474,6452.894474,5989.776804,5946.507367,6050.231854,5946.507367,5946.507367,6226.285112
tangent_89ba6152ce65683f,191099,tangent,negative,bounded,tangent_89ba6152ce65683f__negative__bounded,7078.923638,6616.135143,6667.615818,6635.311036,7049.313574,6635.311036,6635.311036,6635.311036
tangent_89ba6152ce65683f,191099,tangent,negative,pre_round_stress,tangent_89ba6152ce65683f__negative__pre_round_stress,7078.792247,6616.058708,6667.524721,6636.202338,7049.181061,6636.202338,6636.202338,6636.202338
tangent_89ba6152ce65683f,191099,tangent,positive,bounded,tangent_89ba6152ce65683f__positive__bounded,6323.333807,6098.740472,6142.616136,6109.279369,6335.084716,6109.279369,6109.279369,6109.279369
tangent_89ba6152ce65683f,191099,tangent,positive,pre_round_stress,tangent_89ba6152ce65683f__positive__pre_round_stress,6323.459442,6098.671726,6142.544115,6109.308895,6335.187869,6109.308895,6109.308895,6109.308895
tangent_89ba6152ce65683f,191099,tangent,smooth,bounded,tangent_89ba6152ce65683f__smooth__bounded,6287.739077,6068.155204,6129.940983,6088.765754,6320.689992,6088.765754,6088.765754,6088.765754
tangent_89ba6152ce65683f,191099,tangent,smooth,pre_round_stress,tangent_89ba6152ce65683f__smooth__pre_round_stress,6287.739077,6068.155204,6129.940983,6088.765754,6320.689992,6088.765754,6088.765754,6088.765754
tangent_89ba6152ce65683f,191099,tangent,spatial_hash,bounded,tangent_89ba6152ce65683f__spatial_hash__bounded,6262.000362,6073.491537,6127.92902,6094.120983,6287.08819,6094.120983,6094.120983,6094.120983
tangent_89ba6152ce65683f,191099,tangent,spatial_hash,pre_round_stress,tangent_89ba6152ce65683f__spatial_hash__pre_round_stress,6262.000362,6073.491537,6127.92902,6094.120983,6287.08819,6094.120983,6094.120983,6094.120983
tangent_ad49b5f591afe4a5,191093,tangent,negative,bounded,tangent_ad49b5f591afe4a5__negative__bounded,8365.939546,7554.39006,7333.929724,7586.027093,8090.481185,7586.027093,7586.027093,8227.236363
tangent_ad49b5f591afe4a5,191093,tangent,negative,pre_round_stress,tangent_ad49b5f591afe4a5__negative__pre_round_stress,8366.143013,7554.676631,7331.116753,7586.310458,8090.650161,7586.310458,7586.310458,8219.295483
tangent_ad49b5f591afe4a5,191093,tangent,positive,bounded,tangent_ad49b5f591afe4a5__positive__bounded,8424.835045,7586.802978,7236.621337,7442.617371,8165.01809,7442.617371,7442.617371,7988.435808
tangent_ad49b5f591afe4a5,191093,tangent,positive,pre_round_stress,tangent_ad49b5f591afe4a5__positive__pre_round_stress,8424.893494,7586.730376,7236.471365,7442.481984,8165.007076,7442.481984,7442.481984,7988.300421
tangent_ad49b5f591afe4a5,191093,tangent,smooth,bounded,tangent_ad49b5f591afe4a5__smooth__bounded,8437.084511,7567.963938,7422.089196,7600.66512,8177.515493,7600.66512,7600.66512,8164.281485
tangent_ad49b5f591afe4a5,191093,tangent,smooth,pre_round_stress,tangent_ad49b5f591afe4a5__smooth__pre_round_stress,8437.084511,7567.963938,7422.089196,7600.66512,8177.515493,7600.66512,7600.66512,8164.281485
tangent_ad49b5f591afe4a5,191093,tangent,spatial_hash,bounded,tangent_ad49b5f591afe4a5__spatial_hash__bounded,8320.236115,7547.698151,7329.782118,7581.223834,8043.714084,7581.223834,7581.223834,8206.876871
tangent_ad49b5f591afe4a5,191093,tangent,spatial_hash,pre_round_stress,tangent_ad49b5f591afe4a5__spatial_hash__pre_round_stress,8320.236115,7547.698151,7329.782118,7581.223834,8043.714084,7581.223834,7581.223834,8206.876871
tangent_c17d26e1adc79a1b,191063,tangent,negative,bounded,tangent_c17d26e1adc79a1b__negative__bounded,9817.858319,9079.86296,8312.558987,9233.971961,9727.106019,9233.971961,9233.971961,8820.510303
tangent_c17d26e1adc79a1b,191063,tangent,negative,pre_round_stress,tangent_c17d26e1adc79a1b__negative__pre_round_stress,9818.616981,9080.58434,8313.178958,9234.687008,9727.797158,9234.687008,9234.687008,8821.036758
tangent_c17d26e1adc79a1b,191063,tangent,positive,bounded,tangent_c17d26e1adc79a1b__positive__bounded,9190.352912,8194.282403,8126.973473,8322.498731,9069.016769,8322.498731,8322.498731,8515.218422
tangent_c17d26e1adc79a1b,191063,tangent,positive,pre_round_stress,tangent_c17d26e1adc79a1b__positive__pre_round_stress,9194.571923,8194.013902,8126.861295,8322.20346,9073.194817,8322.20346,8322.20346,8523.423397
tangent_c17d26e1adc79a1b,191063,tangent,smooth,bounded,tangent_c17d26e1adc79a1b__smooth__bounded,9289.35856,8510.602299,8274.62004,8612.58747,9136.820987,8612.58747,8612.58747,8652.872589
tangent_c17d26e1adc79a1b,191063,tangent,smooth,pre_round_stress,tangent_c17d26e1adc79a1b__smooth__pre_round_stress,9289.35856,8510.602299,8274.62004,8612.58747,9136.820987,8612.58747,8612.58747,8652.872589
tangent_c17d26e1adc79a1b,191063,tangent,spatial_hash,bounded,tangent_c17d26e1adc79a1b__spatial_hash__bounded,8880.912106,8131.410845,8038.537484,8193.943359,8707.12409,8193.943359,8193.943359,8731.611167
tangent_c17d26e1adc79a1b,191063,tangent,spatial_hash,pre_round_stress,tangent_c17d26e1adc79a1b__spatial_hash__pre_round_stress,8880.912106,8131.410845,8038.537484,8193.943359,8707.12409,8193.943359,8193.943359,8731.611167
tangent_ce9b9b86067dd5f6,191039,tangent,negative,bounded,tangent_ce9b9b86067dd5f6__negative__bounded,8652.870768,8021.943763,8076.647514,8045.674778,8598.544979,8045.674778,8045.674778,7688.678822
tangent_ce9b9b86067dd5f6,191039,tangent,negative,pre_round_stress,tangent_ce9b9b86067dd5f6__negative__pre_round_stress,8653.039698,8022.226211,8076.933759,8045.960892,8598.717661,8045.960892,8045.960892,7688.822501
tangent_ce9b9b86067dd5f6,191039,tangent,positive,bounded,tangent_ce9b9b86067dd5f6__positive__bounded,8176.847358,7492.534492,7561.537079,7546.518041,8206.878326,7546.518041,7546.518041,7656.205161
tangent_ce9b9b86067dd5f6,191039,tangent,positive,pre_round_stress,tangent_ce9b9b86067dd5f6__positive__pre_round_stress,8177.013443,7492.711094,7561.713906,7546.694874,8207.045554,7546.694874,7546.694874,7656.220107
tangent_ce9b9b86067dd5f6,191039,tangent,smooth,bounded,tangent_ce9b9b86067dd5f6__smooth__bounded,8137.102149,7505.566766,7572.093962,7566.162902,8173.437673,7566.162902,7566.162902,7764.91986
tangent_ce9b9b86067dd5f6,191039,tangent,smooth,pre_round_stress,tangent_ce9b9b86067dd5f6__smooth__pre_round_stress,8137.102149,7505.566766,7572.093962,7566.162902,8173.437673,7566.162902,7566.162902,7764.91986
tangent_ce9b9b86067dd5f6,191039,tangent,spatial_hash,bounded,tangent_ce9b9b86067dd5f6__spatial_hash__bounded,7971.426905,7542.069169,7618.140222,7602.130488,8002.389682,7602.130488,7602.130488,7785.789425
tangent_ce9b9b86067dd5f6,191039,tangent,spatial_hash,pre_round_stress,tangent_ce9b9b86067dd5f6__spatial_hash__pre_round_stress,7971.413137,7542.055401,7618.126454,7602.11672,8002.375914,7602.11672,7602.11672,7785.775657
tangent_d4147ff9e59b3a99,191081,tangent,negative,bounded,tangent_d4147ff9e59b3a99__negative__bounded,7157.446426,6535.204355,5829.995417,5942.006661,6095.193799,5942.006661,5965.214132,5942.006661
tangent_d4147ff9e59b3a99,191081,tangent,negative,pre_round_stress,tangent_d4147ff9e59b3a99__negative__pre_round_stress,7157.457474,6535.185955,5830.062318,5942.088518,6095.306249,5942.088518,5965.311252,5942.088518
tangent_d4147ff9e59b3a99,191081,tangent,positive,bounded,tangent_d4147ff9e59b3a99__positive__bounded,6987.710416,6561.151086,5842.554168,5939.406918,5937.350153,5939.406918,5939.406918,5939.406918
tangent_d4147ff9e59b3a99,191081,tangent,positive,pre_round_stress,tangent_d4147ff9e59b3a99__positive__pre_round_stress,6987.781761,6561.341003,5842.506047,5939.485298,5937.294577,5939.485298,5939.485298,5939.485298
tangent_d4147ff9e59b3a99,191081,tangent,smooth,bounded,tangent_d4147ff9e59b3a99__smooth__bounded,7040.440582,6548.546293,5776.253453,5927.822326,5881.953254,5927.822326,5990.004591,5927.822326
tangent_d4147ff9e59b3a99,191081,tangent,smooth,pre_round_stress,tangent_d4147ff9e59b3a99__smooth__pre_round_stress,7040.440582,6548.546293,5776.261416,5927.822326,5881.953254,5927.822326,5990.004591,5927.822326
tangent_d4147ff9e59b3a99,191081,tangent,spatial_hash,bounded,tangent_d4147ff9e59b3a99__spatial_hash__bounded,7012.223857,6552.828812,5785.631709,5939.967939,5923.140913,5939.967939,5946.030041,5939.967939
tangent_d4147ff9e59b3a99,191081,tangent,spatial_hash,pre_round_stress,tangent_d4147ff9e59b3a99__spatial_hash__pre_round_stress,7012.223857,6552.828812,5785.631709,5939.967939,5923.140913,5939.967939,5946.030041,5939.967939
tangent_e8b65780794b0417,191051,tangent,negative,bounded,tangent_e8b65780794b0417__negative__bounded,6405.54816,6306.647504,6261.105149,6224.949906,6343.379731,6224.949906,6224.949906,6224.949906
tangent_e8b65780794b0417,191051,tangent,negative,pre_round_stress,tangent_e8b65780794b0417__negative__pre_round_stress,6405.609075,6306.878751,6261.241525,6225.131187,6343.373551,6225.131187,6225.131187,6225.131187
tangent_e8b65780794b0417,191051,tangent,positive,bounded,tangent_e8b65780794b0417__positive__bounded,6378.343787,6296.797706,6242.547657,6221.205041,6319.911517,6221.205041,6221.205041,6221.205041
tangent_e8b65780794b0417,191051,tangent,positive,pre_round_stress,tangent_e8b65780794b0417__positive__pre_round_stress,6378.35894,6296.820922,6242.560502,6221.213627,6321.123908,6221.213627,6221.213627,6221.213627
tangent_e8b65780794b0417,191051,tangent,smooth,bounded,tangent_e8b65780794b0417__smooth__bounded,6361.549628,6272.979467,6210.519021,6185.980048,6293.07719,6185.980048,6185.980048,6185.980048
tangent_e8b65780794b0417,191051,tangent,smooth,pre_round_stress,tangent_e8b65780794b0417__smooth__pre_round_stress,6361.534389,6272.964228,6210.492605,6185.963027,6293.055234,6185.963027,6185.963027,6185.963027
tangent_e8b65780794b0417,191051,tangent,spatial_hash,bounded,tangent_e8b65780794b0417__spatial_hash__bounded,6358.229957,6299.262729,6237.260165,6219.91749,6303.64754,6219.91749,6219.91749,6219.91749
tangent_e8b65780794b0417,191051,tangent,spatial_hash,pre_round_stress,tangent_e8b65780794b0417__spatial_hash__pre_round_stress,6358.229957,6299.262729,6237.260165,6219.91749,6303.64754,6219.91749,6219.91749,6219.91749
tangent_f77310622b67bc7e,191075,tangent,negative,bounded,tangent_f77310622b67bc7e__negative__bounded,7490.503317,7018.464453,6787.040854,6947.247042,7433.000947,6947.247042,6947.247042,7177.011643
tangent_f77310622b67bc7e,191075,tangent,negative,pre_round_stress,tangent_f77310622b67bc7e__negative__pre_round_stress,7490.47128,7018.597859,6787.192554,6947.383575,7432.985737,6947.383575,6947.383575,7177.148176
tangent_f77310622b67bc7e,191075,tangent,positive,bounded,tangent_f77310622b67bc7e__positive__bounded,7443.558611,6953.374139,6574.460025,6974.514867,7477.220428,6974.514867,6974.514867,7474.798855
tangent_f77310622b67bc7e,191075,tangent,positive,pre_round_stress,tangent_f77310622b67bc7e__positive__pre_round_stress,7443.473581,6953.372909,6574.338043,6974.51332,7477.128487,6974.51332,6974.51332,7475.057366
tangent_f77310622b67bc7e,191075,tangent,smooth,bounded,tangent_f77310622b67bc7e__smooth__bounded,7444.260588,7024.179404,6777.928105,6946.710846,7416.405828,6946.710846,6946.710846,7178.321291
tangent_f77310622b67bc7e,191075,tangent,smooth,pre_round_stress,tangent_f77310622b67bc7e__smooth__pre_round_stress,7444.233969,7024.197189,6777.943433,6946.726174,7416.378843,6946.726174,6946.726174,7178.336619
tangent_f77310622b67bc7e,191075,tangent,spatial_hash,bounded,tangent_f77310622b67bc7e__spatial_hash__bounded,7420.408135,7001.430143,6774.07664,6925.593512,7372.739065,6925.593512,6925.593512,7161.261185
tangent_f77310622b67bc7e,191075,tangent,spatial_hash,pre_round_stress,tangent_f77310622b67bc7e__spatial_hash__pre_round_stress,7420.408135,7001.430143,6774.07664,6925.593512,7372.739065,6925.593512,6925.593512,7161.261185
tangent_fce8f7a670c70eba,191069,tangent,negative,bounded,tangent_fce8f7a670c70eba__negative__bounded,6907.636988,6591.283018,6611.409537,6603.638189,6918.432299,6603.638189,6603.638189,6655.35273
tangent_fce8f7a670c70eba,191069,tangent,negative,pre_round_stress,tangent_fce8f7a670c70eba__negative__pre_round_stress,6907.630398,6591.479928,6611.665697,6603.863253,6918.452675,6603.863253,6603.863253,6655.577794
tangent_fce8f7a670c70eba,191069,tangent,positive,bounded,tangent_fce8f7a670c70eba__positive__bounded,7390.821451,6963.739832,7016.838684,6965.171856,7400.852636,6965.171856,6965.171856,6812.340329
tangent_fce8f7a670c70eba,191069,tangent,positive,pre_round_stress,tangent_fce8f7a670c70eba__positive__pre_round_stress,7391.296771,6964.332162,7017.417925,6965.760677,7401.341005,6965.760677,6965.760677,6812.709255
tangent_fce8f7a670c70eba,191069,tangent,smooth,bounded,tangent_fce8f7a670c70eba__smooth__bounded,6900.849505,6570.426121,6601.132165,6583.871785,6918.53504,6583.871785,6583.871785,6635.586326
tangent_fce8f7a670c70eba,191069,tangent,smooth,pre_round_stress,tangent_fce8f7a670c70eba__smooth__pre_round_stress,6900.849505,6570.446417,6601.152461,6583.892081,6918.53504,6583.892081,6583.892081,6635.606622
tangent_fce8f7a670c70eba,191069,tangent,spatial_hash,bounded,tangent_fce8f7a670c70eba__spatial_hash__bounded,7044.999404,6622.147365,6666.078662,6640.820329,7056.054294,6640.820329,6640.820329,6564.690199
tangent_fce8f7a670c70eba,191069,tangent,spatial_hash,pre_round_stress,tangent_fce8f7a670c70eba__spatial_hash__pre_round_stress,7044.999404,6622.147365,6666.078662,6640.820329,7056.054294,6640.820329,6640.820329,6564.690199
tangent_ff4d10ad082af754,191105,tangent,negative,bounded,tangent_ff4d10ad082af754__negative__bounded,8005.195665,7598.925724,7631.177152,7569.487475,7963.416719,7569.487475,7569.487475,7252.263912
tangent_ff4d10ad082af754,191105,tangent,negative,pre_round_stress,tangent_ff4d10ad082af754__negative__pre_round_stress,8005.108528,7598.894688,7630.969749,7569.459718,7963.318558,7569.459718,7569.459718,7252.236155
tangent_ff4d10ad082af754,191105,tangent,positive,bounded,tangent_ff4d10ad082af754__positive__bounded,7346.764516,6963.779361,6994.854608,6935.583444,7315.826134,6935.583444,6935.583444,7573.49762
tangent_ff4d10ad082af754,191105,tangent,positive,pre_round_stress,tangent_ff4d10ad082af754__positive__pre_round_stress,7346.794803,6963.67716,6994.750669,6935.611086,7315.865619,6935.611086,6935.611086,7573.56291
tangent_ff4d10ad082af754,191105,tangent,smooth,bounded,tangent_ff4d10ad082af754__smooth__bounded,7942.008714,7581.036559,7571.206597,7559.881399,7911.897671,7559.881399,7559.881399,7242.50768
tangent_ff4d10ad082af754,191105,tangent,smooth,pre_round_stress,tangent_ff4d10ad082af754__smooth__pre_round_stress,7941.976709,7581.004554,7571.175907,7559.850709,7911.867572,7559.850709,7559.850709,7242.47699
tangent_ff4d10ad082af754,191105,tangent,spatial_hash,bounded,tangent_ff4d10ad082af754__spatial_hash__bounded,7315.877859,6971.07136,6966.256304,6942.506059,7274.133354,6942.506059,6942.506059,7256.621797
tangent_ff4d10ad082af754,191105,tangent,spatial_hash,pre_round_stress,tangent_ff4d10ad082af754__spatial_hash__pre_round_stress,7315.873653,6971.065505,6966.256304,6942.500204,7274.129148,6942.500204,6942.500204,7256.615942
uniform_0a50d46cbd083f2c,191102,uniform,negative,bounded,uniform_0a50d46cbd083f2c__negative__bounded,6661.527548,6547.77324,6621.862069,6576.500829,6599.01081,6576.500829,6576.500829,6566.763489
uniform_0a50d46cbd083f2c,191102,uniform,negative,pre_round_stress,uniform_0a50d46cbd083f2c__negative__pre_round_stress,6661.496735,6548.017629,6622.123168,6576.72345,6598.987301,6576.72345,6576.72345,6566.971775
uniform_0a50d46cbd083f2c,191102,uniform,positive,bounded,uniform_0a50d46cbd083f2c__positive__bounded,6659.634906,6501.304808,6554.986347,6523.795913,6688.145451,6523.795913,6523.795913,6523.795913
uniform_0a50d46cbd083f2c,191102,uniform,positive,pre_round_stress,uniform_0a50d46cbd083f2c__positive__pre_round_stress,6652.826132,6499.268795,6560.444504,6521.77386,6681.322726,6521.77386,6521.77386,6521.77386
uniform_0a50d46cbd083f2c,191102,uniform,smooth,bounded,uniform_0a50d46cbd083f2c__smooth__bounded,6273.845009,6296.067175,6302.410738,6339.366855,6305.301393,6339.366855,6339.366855,6339.366855
uniform_0a50d46cbd083f2c,191102,uniform,smooth,pre_round_stress,uniform_0a50d46cbd083f2c__smooth__pre_round_stress,6273.845009,6296.067175,6302.420299,6339.376416,6305.310941,6339.376416,6339.376416,6339.376416
uniform_0a50d46cbd083f2c,191102,uniform,spatial_hash,bounded,uniform_0a50d46cbd083f2c__spatial_hash__bounded,6673.013113,6505.794875,6493.48513,6542.051511,6629.393023,6542.051511,6542.051511,6542.051511
uniform_0a50d46cbd083f2c,191102,uniform,spatial_hash,pre_round_stress,uniform_0a50d46cbd083f2c__spatial_hash__pre_round_stress,6673.013113,6505.794875,6493.48513,6542.051511,6629.393023,6542.051511,6542.051511,6542.051511
uniform_227d1c5e3aeadcac,191108,uniform,negative,bounded,uniform_227d1c5e3aeadcac__negative__bounded,7588.39661,7247.954647,7296.954647,7253.954647,7600.39661,7253.954647,7253.954647,7274.591598
uniform_227d1c5e3aeadcac,191108,uniform,negative,pre_round_stress,uniform_227d1c5e3aeadcac__negative__pre_round_stress,7588.414568,7248.081359,7297.080977,7254.081359,7600.414568,7254.081359,7254.081359,7274.718877
uniform_227d1c5e3aeadcac,191108,uniform,positive,bounded,uniform_227d1c5e3aeadcac__positive__bounded,7382.288965,7236.235327,7265.206734,7242.235327,7388.288965,7242.235327,7245.322689,7246.049607
uniform_227d1c5e3aeadcac,191108,uniform,positive,pre_round_stress,uniform_227d1c5e3aeadcac__positive__pre_round_stress,7382.499708,7236.326274,7265.294427,7242.326274,7388.499708,7242.326274,7245.415603,7246.141885
uniform_227d1c5e3aeadcac,191108,uniform,smooth,bounded,uniform_227d1c5e3aeadcac__smooth__bounded,7529.185049,7292.192006,7304.986263,7299.116395,7536.159079,7299.116395,7299.116395,7559.863492
uniform_227d1c5e3aeadcac,191108,uniform,smooth,pre_round_stress,uniform_227d1c5e3aeadcac__smooth__pre_round_stress,7529.18676,7292.193717,7304.986263,7299.118106,7536.16079,7299.118106,7299.118106,7559.865203
uniform_227d1c5e3aeadcac,191108,uniform,spatial_hash,bounded,uniform_227d1c5e3aeadcac__spatial_hash__bounded,7533.913813,7275.699409,7312.134876,7288.699409,7545.913813,7288.699409,7288.699409,7535.862936
uniform_227d1c5e3aeadcac,191108,uniform,spatial_hash,pre_round_stress,uniform_227d1c5e3aeadcac__spatial_hash__pre_round_stress,7533.913813,7275.699409,7312.134876,7288.699409,7545.913813,7288.699409,7288.699409,7535.862936
uniform_2cd79db16734e2da,191006,uniform,negative,bounded,uniform_2cd79db16734e2da__negative__bounded,6804.501815,6615.510606,6635.964691,6611.31567,6803.414459,6611.31567,6611.31567,6611.31567
uniform_2cd79db16734e2da,191006,uniform,negative,pre_round_stress,uniform_2cd79db16734e2da__negative__pre_round_stress,6804.359402,6615.35959,6635.852841,6611.195388,6803.27219,6611.195388,6611.195388,6611.195388
uniform_2cd79db16734e2da,191006,uniform,positive,bounded,uniform_2cd79db16734e2da__positive__bounded,6589.483036,6544.601279,6573.210702,6544.889685,6591.096005,6544.889685,6561.224029,6544.889685
uniform_2cd79db16734e2da,191006,uniform,positive,pre_round_stress,uniform_2cd79db16734e2da__positive__pre_round_stress,6589.392154,6544.606973,6573.189015,6546.508731,6596.647851,6546.508731,6562.834714,6546.508731
uniform_2cd79db16734e2da,191006,uniform,smooth,bounded,uniform_2cd79db16734e2da__smooth__bounded,6345.578909,6248.805359,6248.915807,6247.421155,6352.411611,6247.421155,6247.421155,6247.421155
uniform_2cd79db16734e2da,191006,uniform,smooth,pre_round_stress,uniform_2cd79db16734e2da__smooth__pre_round_stress,6345.578909,6248.805359,6248.915807,6247.421155,6352.411611,6247.421155,6247.421155,6247.421155
uniform_2cd79db16734e2da,191006,uniform,spatial_hash,bounded,uniform_2cd79db16734e2da__spatial_hash__bounded,6334.845326,6263.17541,6281.155057,6259.718082,6342.404611,6259.718082,6259.718082,6259.718082
uniform_2cd79db16734e2da,191006,uniform,spatial_hash,pre_round_stress,uniform_2cd79db16734e2da__spatial_hash__pre_round_stress,6334.845326,6263.17541,6281.155057,6259.718082,6342.404611,6259.718082,6259.718082,6259.718082
uniform_3e2e8c9248115d6b,191054,uniform,negative,bounded,uniform_3e2e8c9248115d6b__negative__bounded,7952.631895,7537.124101,7615.537757,7594.124101,7937.647058,7594.124101,7594.124101,8205.754943
uniform_3e2e8c9248115d6b,191054,uniform,negative,pre_round_stress,uniform_3e2e8c9248115d6b__negative__pre_round_stress,7952.614586,7537.494096,7615.799926,7594.494096,7937.870678,7594.494096,7594.494096,8206.124938
uniform_3e2e8c9248115d6b,191054,uniform,positive,bounded,uniform_3e2e8c9248115d6b__positive__bounded,8434.602285,8065.925169,8175.938451,8127.925169,8658.455877,8127.925169,8127.925169,7755.747756
uniform_3e2e8c9248115d6b,191054,uniform,positive,pre_round_stress,uniform_3e2e8c9248115d6b__positive__pre_round_stress,8434.276812,8015.608068,8095.55738,8072.608068,8658.144808,8072.608068,8072.608068,7755.524855
uniform_3e2e8c9248115d6b,191054,uniform,smooth,bounded,uniform_3e2e8c9248115d6b__smooth__bounded,8494.152613,8126.019155,8129.607687,8177.019155,8490.070461,8177.019155,8177.019155,7851.060028
uniform_3e2e8c9248115d6b,191054,uniform,smooth,pre_round_stress,uniform_3e2e8c9248115d6b__smooth__pre_round_stress,8494.047035,8125.922742,8129.524109,8176.922742,8489.964883,8176.922742,8176.922742,7803.781062
uniform_3e2e8c9248115d6b,191054,uniform,spatial_hash,bounded,uniform_3e2e8c9248115d6b__spatial_hash__bounded,7814.04135,7435.879758,7483.870304,7482.879758,7796.330565,7482.879758,7482.879758,8149.430901
uniform_3e2e8c9248115d6b,191054,uniform,spatial_hash,pre_round_stress,uniform_3e2e8c9248115d6b__spatial_hash__pre_round_stress,7814.04135,7435.879758,7483.870304,7482.879758,7796.330565,7482.879758,7482.879758,8149.430901
uniform_409a5d3ef75c3394,191066,uniform,negative,bounded,uniform_409a5d3ef75c3394__negative__bounded,6015.516043,6034.083642,6059.150942,6023.730456,6005.154246,6023.730456,6035.962113,6023.730456
uniform_409a5d3ef75c3394,191066,uniform,negative,pre_round_stress,uniform_409a5d3ef75c3394__negative__pre_round_stress,6015.543981,6034.116092,6059.184393,6023.757195,6005.176645,6023.757195,6035.988852,6023.757195
uniform_409a5d3ef75c3394,191066,uniform,positive,bounded,uniform_409a5d3ef75c3394__positive__bounded,6019.796988,6056.049184,6078.308919,6044.904022,6015.661694,6044.904022,6037.920086,6044.904022
uniform_409a5d3ef75c3394,191066,uniform,positive,pre_round_stress,uniform_409a5d3ef75c3394__positive__pre_round_stress,6019.922411,6056.134651,6078.39397,6044.986806,6015.784838,6044.986806,6038.040554,6044.986806
uniform_409a5d3ef75c3394,191066,uniform,smooth,bounded,uniform_409a5d3ef75c3394__smooth__bounded,6012.604204,6038.65953,6057.856801,6029.335107,6003.273708,6029.335107,6020.856805,6029.335107
uniform_409a5d3ef75c3394,191066,uniform,smooth,pre_round_stress,uniform_409a5d3ef75c3394__smooth__pre_round_stress,6012.571735,6038.627061,6057.825191,6029.303493,6003.242094,6029.303493,6020.825191,6029.303493
uniform_409a5d3ef75c3394,191066,uniform,spatial_hash,bounded,uniform_409a5d3ef75c3394__spatial_hash__bounded,5990.515589,6039.997711,6056.584503,6028.675516,5981.062061,6028.675516,6017.666686,6028.675516
uniform_409a5d3ef75c3394,191066,uniform,spatial_hash,pre_round_stress,uniform_409a5d3ef75c3394__spatial_hash__pre_round_stress,5990.515589,6039.997711,6056.584503,6028.675516,5981.062061,6028.675516,6017.666686,6028.675516
uniform_47496e113b680ad3,191084,uniform,negative,bounded,uniform_47496e113b680ad3__negative__bounded,5759.908802,5822.482727,5860.88576,5829.904729,5767.330804,5829.904729,5829.904729,5829.904729
uniform_47496e113b680ad3,191084,uniform,negative,pre_round_stress,uniform_47496e113b680ad3__negative__pre_round_stress,5759.80792,5822.418249,5860.837801,5829.825828,5767.215499,5829.825828,5829.825828,5829.825828
uniform_47496e113b680ad3,191084,uniform,positive,bounded,uniform_47496e113b680ad3__positive__bounded,5802.569513,5832.183722,5861.322197,5833.44106,5806.530037,5833.44106,5833.44106,5833.44106
uniform_47496e113b680ad3,191084,uniform,positive,pre_round_stress,uniform_47496e113b680ad3__positive__pre_round_stress,5807.529836,5832.16554,5861.302137,5833.421603,5809.695089,5833.421603,5833.421603,5833.421603
uniform_47496e113b680ad3,191084,uniform,smooth,bounded,uniform_47496e113b680ad3__smooth__bounded,5764.757337,5768.039903,5776.840067,5771.840067,5772.654746,5771.840067,5771.840067,5771.840067
uniform_47496e113b680ad3,191084,uniform,smooth,pre_round_stress,uniform_47496e113b680ad3__smooth__pre_round_stress,5764.717301,5767.999867,5776.800031,5771.800031,5772.61471,5771.800031,5771.800031,5771.800031
uniform_47496e113b680ad3,191084,uniform,spatial_hash,bounded,uniform_47496e113b680ad3__spatial_hash__bounded,6305.364758,6168.555117,6079.119746,6012.58996,6156.859692,6012.58996,6012.58996,6012.58996
uniform_47496e113b680ad3,191084,uniform,spatial_hash,pre_round_stress,uniform_47496e113b680ad3__spatial_hash__pre_round_stress,6305.364758,6168.555117,6079.119746,6012.58996,6156.859692,6012.58996,6012.58996,6012.58996
uniform_512908a991b4bdec,191090,uniform,negative,bounded,uniform_512908a991b4bdec__negative__bounded,6764.171927,6794.193241,6780.693255,6767.693255,6763.637866,6767.693255,6767.693255,6767.693255
uniform_512908a991b4bdec,191090,uniform,negative,pre_round_stress,uniform_512908a991b4bdec__negative__pre_round_stress,6764.087425,6794.135352,6780.626056,6767.626056,6763.567573,6767.626056,6767.626056,6767.626056
uniform_512908a991b4bdec,191090,uniform,positive,bounded,uniform_512908a991b4bdec__positive__bounded,6777.324837,6819.116542,6803.691415,6786.577455,6775.1671,6786.577455,6786.577455,6786.577455
uniform_512908a991b4bdec,191090,uniform,positive,pre_round_stress,uniform_512908a991b4bdec__positive__pre_round_stress,6777.389755,6819.155452,6803.778025,6786.663188,6775.279697,6786.663188,6786.663188,6786.663188
uniform_512908a991b4bdec,191090,uniform,smooth,bounded,uniform_512908a991b4bdec__smooth__bounded,6761.636203,6818.069038,6792.064528,6785.632859,6752.757136,6785.632859,6785.632859,6785.632859
uniform_512908a991b4bdec,191090,uniform,smooth,pre_round_stress,uniform_512908a991b4bdec__smooth__pre_round_stress,6761.619407,6818.052242,6792.056592,6785.621094,6752.745371,6785.621094,6785.621094,6785.621094
uniform_512908a991b4bdec,191090,uniform,spatial_hash,bounded,uniform_512908a991b4bdec__spatial_hash__bounded,6772.777864,6812.795891,6793.02587,6780.507486,6767.038682,6780.507486,6780.507486,6780.507486
uniform_512908a991b4bdec,191090,uniform,spatial_hash,pre_round_stress,uniform_512908a991b4bdec__spatial_hash__pre_round_stress,6772.761917,6812.779944,6793.009865,6780.491539,6767.022735,6780.491539,6780.491539,6780.491539
uniform_55e4d0eaf0995e12,191030,uniform,negative,bounded,uniform_55e4d0eaf0995e12__negative__bounded,6461.325644,6278.851392,6306.804887,6285.423898,6468.071712,6285.423898,6285.423898,6285.423898
uniform_55e4d0eaf0995e12,191030,uniform,negative,pre_round_stress,uniform_55e4d0eaf0995e12__negative__pre_round_stress,6456.094339,6278.420474,6306.394984,6285.013463,6462.875102,6285.013463,6285.013463,6285.013463
uniform_55e4d0eaf0995e12,191030,uniform,positive,bounded,uniform_55e4d0eaf0995e12__positive__bounded,6413.47887,6237.899923,6260.506541,6240.063972,6415.039091,6240.063972,6240.063972,6240.063972
uniform_55e4d0eaf0995e12,191030,uniform,positive,pre_round_stress,uniform_55e4d0eaf0995e12__positive__pre_round_stress,6413.439905,6237.855274,6260.466833,6240.030051,6415.002708,6240.030051,6240.030051,6240.030051
uniform_55e4d0eaf0995e12,191030,uniform,smooth,bounded,uniform_55e4d0eaf0995e12__smooth__bounded,5977.658641,6024.376981,6442.743569,6431.406859,6489.970178,6431.406859,6431.406859,6409.832073
uniform_55e4d0eaf0995e12,191030,uniform,smooth,pre_round_stress,uniform_55e4d0eaf0995e12__smooth__pre_round_stress,5977.658641,6024.376981,6442.743569,6431.406859,6489.970178,6431.406859,6431.406859,6409.832073
uniform_55e4d0eaf0995e12,191030,uniform,spatial_hash,bounded,uniform_55e4d0eaf0995e12__spatial_hash__bounded,6414.771892,6247.503649,6258.364324,6248.137325,6416.337878,6248.137325,6248.137325,6248.137325
uniform_55e4d0eaf0995e12,191030,uniform,spatial_hash,pre_round_stress,uniform_55e4d0eaf0995e12__spatial_hash__pre_round_stress,6414.771892,6247.503649,6258.364324,6248.137325,6416.337878,6248.137325,6248.137325,6248.137325
uniform_6deb74e1695ef2cb,191024,uniform,negative,bounded,uniform_6deb74e1695ef2cb__negative__bounded,5868.571848,5853.376378,5863.819625,5918.053233,5975.61938,5918.053233,5918.053233,6148.333959
uniform_6deb74e1695ef2cb,191024,uniform,negative,pre_round_stress,uniform_6deb74e1695ef2cb__negative__pre_round_stress,5868.701966,5853.595853,5864.077201,5918.322264,5975.54281,5918.322264,5918.322264,6156.625277
uniform_6deb74e1695ef2cb,191024,uniform,positive,bounded,uniform_6deb74e1695ef2cb__positive__bounded,5125.985616,5114.903594,5212.034445,5163.903594,5169.985616,5163.903594,5160.54999,5815.71682
uniform_6deb74e1695ef2cb,191024,uniform,positive,pre_round_stress,uniform_6deb74e1695ef2cb__positive__pre_round_stress,5125.946889,5111.696358,5208.699515,5165.696358,5169.946889,5165.696358,5162.368631,5826.202238
uniform_6deb74e1695ef2cb,191024,uniform,smooth,bounded,uniform_6deb74e1695ef2cb__smooth__bounded,5796.607418,5844.957209,6077.075584,5818.812661,5793.40102,5818.812661,5810.584181,5469.487864
uniform_6deb74e1695ef2cb,191024,uniform,smooth,pre_round_stress,uniform_6deb74e1695ef2cb__smooth__pre_round_stress,5796.607418,5844.957209,6077.112238,5818.812661,5793.40102,5818.812661,5810.584181,5469.487864
uniform_6deb74e1695ef2cb,191024,uniform,spatial_hash,bounded,uniform_6deb74e1695ef2cb__spatial_hash__bounded,5771.998225,5855.16464,5740.996599,5778.197801,5665.462691,5778.197801,5778.197801,5778.197801
uniform_6deb74e1695ef2cb,191024,uniform,spatial_hash,pre_round_stress,uniform_6deb74e1695ef2cb__spatial_hash__pre_round_stress,5771.998225,5855.16464,5740.996599,5778.197801,5665.462691,5778.197801,5778.197801,5778.197801
uniform_7387393012911cb2,191078,uniform,negative,bounded,uniform_7387393012911cb2__negative__bounded,6727.840948,6874.423894,6968.944283,6913.474465,6744.781652,6913.474465,6913.474465,7440.773554
uniform_7387393012911cb2,191078,uniform,negative,pre_round_stress,uniform_7387393012911cb2__negative__pre_round_stress,6718.637272,6874.496459,6969.225249,6913.467692,6735.524922,6913.467692,6913.467692,7440.783264
uniform_7387393012911cb2,191078,uniform,positive,bounded,uniform_7387393012911cb2__positive__bounded,6596.553721,7176.43362,6805.808442,7183.937391,6604.60569,7183.937391,7183.937391,6893.598832
uniform_7387393012911cb2,191078,uniform,positive,pre_round_stress,uniform_7387393012911cb2__positive__pre_round_stress,6596.449365,7176.407289,6805.821203,7183.907879,6604.452161,7183.907879,7183.907879,6893.56932
uniform_7387393012911cb2,191078,uniform,smooth,bounded,uniform_7387393012911cb2__smooth__bounded,6490.953607,6921.959463,7163.996612,6887.179851,6476.694307,6887.179851,6887.179851,7069.483515
uniform_7387393012911cb2,191078,uniform,smooth,pre_round_stress,uniform_7387393012911cb2__smooth__pre_round_stress,6490.953607,6921.95801,7163.99445,6887.178398,6476.694307,6887.178398,6887.178398,7069.482062
uniform_7387393012911cb2,191078,uniform,spatial_hash,bounded,uniform_7387393012911cb2__spatial_hash__bounded,6711.26618,6691.761416,6965.224917,6694.970726,6699.931214,6694.970726,6694.970726,6933.175303
uniform_7387393012911cb2,191078,uniform,spatial_hash,pre_round_stress,uniform_7387393012911cb2__spatial_hash__pre_round_stress,6711.26618,6691.761416,6965.224917,6694.970726,6699.931214,6694.970726,6694.970726,6933.175303
uniform_7e673d7293828301,191096,uniform,negative,bounded,uniform_7e673d7293828301__negative__bounded,7391.723204,6995.216454,6607.212067,6602.212067,6815.173743,6602.212067,6602.212067,6602.212067
uniform_7e673d7293828301,191096,uniform,negative,pre_round_stress,uniform_7e673d7293828301__negative__pre_round_stress,7390.269081,6995.126094,6607.292418,6602.292418,6814.998337,6602.292418,6602.292418,6602.292418
uniform_7e673d7293828301,191096,uniform,positive,bounded,uniform_7e673d7293828301__positive__bounded,6758.191743,6764.534192,6747.428875,6742.428875,6766.426639,6742.428875,6747.908912,7152.672923
uniform_7e673d7293828301,191096,uniform,positive,pre_round_stress,uniform_7e673d7293828301__positive__pre_round_stress,6758.315884,6736.037517,6747.611218,6742.611218,6766.547808,6742.611218,6748.092279,7152.855266
uniform_7e673d7293828301,191096,uniform,smooth,bounded,uniform_7e673d7293828301__smooth__bounded,6695.797495,6499.418173,6504.865174,6504.865174,6708.359407,6504.865174,6504.865174,6504.865174
uniform_7e673d7293828301,191096,uniform,smooth,pre_round_stress,uniform_7e673d7293828301__smooth__pre_round_stress,6695.77887,6499.380219,6504.82722,6504.82722,6708.340782,6504.82722,6504.82722,6504.82722
uniform_7e673d7293828301,191096,uniform,spatial_hash,bounded,uniform_7e673d7293828301__spatial_hash__bounded,6717.85178,6717.948563,6720.932849,6720.932849,6729.774303,6720.932849,6720.932849,6852.97755
uniform_7e673d7293828301,191096,uniform,spatial_hash,pre_round_stress,uniform_7e673d7293828301__spatial_hash__pre_round_stress,6717.85178,6717.948563,6720.932849,6720.932849,6729.774303,6720.932849,6720.932849,6852.97755
uniform_7fe11484e5b221b6,191018,uniform,negative,bounded,uniform_7fe11484e5b221b6__negative__bounded,6339.323197,6150.608141,6137.897723,6123.886119,6343.173113,6123.886119,6123.886119,6123.886119
uniform_7fe11484e5b221b6,191018,uniform,negative,pre_round_stress,uniform_7fe11484e5b221b6__negative__pre_round_stress,6339.187031,6144.264026,6137.838203,6123.840233,6343.040017,6123.840233,6123.840233,6123.840233
uniform_7fe11484e5b221b6,191018,uniform,positive,bounded,uniform_7fe11484e5b221b6__positive__bounded,6323.892456,6177.864346,6185.747704,6172.747704,6325.12688,6172.747704,6172.747704,6172.747704
uniform_7fe11484e5b221b6,191018,uniform,positive,pre_round_stress,uniform_7fe11484e5b221b6__positive__pre_round_stress,6323.915989,6177.893573,6185.824401,6172.824401,6325.135609,6172.824401,6172.824401,6172.824401
uniform_7fe11484e5b221b6,191018,uniform,smooth,bounded,uniform_7fe11484e5b221b6__smooth__bounded,6329.404981,6106.803395,6126.774268,6111.154952,6331.970129,6111.154952,6111.154952,6111.154952
uniform_7fe11484e5b221b6,191018,uniform,smooth,pre_round_stress,uniform_7fe11484e5b221b6__smooth__pre_round_stress,6329.404981,6106.803395,6126.774268,6111.154952,6331.970129,6111.154952,6111.154952,6111.154952
uniform_7fe11484e5b221b6,191018,uniform,spatial_hash,bounded,uniform_7fe11484e5b221b6__spatial_hash__bounded,6315.877843,6152.582802,6167.076177,6153.200327,6320.702747,6153.200327,6153.200327,6153.200327
uniform_7fe11484e5b221b6,191018,uniform,spatial_hash,pre_round_stress,uniform_7fe11484e5b221b6__spatial_hash__pre_round_stress,6315.877843,6152.582802,6167.076177,6153.200327,6320.702747,6153.200327,6153.200327,6153.200327
uniform_8bac16b8d0ef10db,191036,uniform,negative,bounded,uniform_8bac16b8d0ef10db__negative__bounded,6999.804134,6904.370209,6852.016023,6806.235211,6889.228473,6806.235211,6802.850244,6460.391445
uniform_8bac16b8d0ef10db,191036,uniform,negative,pre_round_stress,uniform_8bac16b8d0ef10db__negative__pre_round_stress,7008.807943,6900.220412,6851.184662,6805.230968,6889.164009,6805.230968,6802.923911,6442.491385
uniform_8bac16b8d0ef10db,191036,uniform,positive,bounded,uniform_8bac16b8d0ef10db__positive__bounded,6499.270915,6453.670334,6471.641258,6432.905319,6481.877925,6432.905319,6454.530535,6823.885688
uniform_8bac16b8d0ef10db,191036,uniform,positive,pre_round_stress,uniform_8bac16b8d0ef10db__positive__pre_round_stress,6499.148294,6460.804905,6478.438667,6440.03313,6481.751276,6440.03313,6461.640214,6831.013499
uniform_8bac16b8d0ef10db,191036,uniform,smooth,bounded,uniform_8bac16b8d0ef10db__smooth__bounded,6399.816441,6412.508539,6423.36085,6400.293716,6406.242172,6400.293716,6369.643112,6772.289366
uniform_8bac16b8d0ef10db,191036,uniform,smooth,pre_round_stress,uniform_8bac16b8d0ef10db__smooth__pre_round_stress,6399.822544,6412.518328,6423.357738,6400.304092,6406.248288,6400.304092,6369.653488,6772.299742
uniform_8bac16b8d0ef10db,191036,uniform,spatial_hash,bounded,uniform_8bac16b8d0ef10db__spatial_hash__bounded,6976.546274,6965.991898,6955.499681,6870.21594,6871.020664,6870.21594,6865.211329,6510.568862
uniform_8bac16b8d0ef10db,191036,uniform,spatial_hash,pre_round_stress,uniform_8bac16b8d0ef10db__spatial_hash__pre_round_stress,6976.535502,6965.981126,7180.143848,7132.757093,7211.620596,7132.757093,7128.853178,6806.237431
uniform_9dc58eab582119d6,191114,uniform,negative,bounded,uniform_9dc58eab582119d6__negative__bounded,5828.740698,5880.868439,5910.293242,5880.922917,5845.019837,5880.922917,5853.224929,5880.922917
uniform_9dc58eab582119d6,191114,uniform,negative,pre_round_stress,uniform_9dc58eab582119d6__negative__pre_round_stress,5828.823272,5881.008584,5903.204196,5881.064332,5845.116638,5881.064332,5853.33071,5881.064332
uniform_9dc58eab582119d6,191114,uniform,positive,bounded,uniform_9dc58eab582119d6__positive__bounded,5853.534302,5864.522945,5901.023757,5873.8108,5865.185442,5873.8108,5867.45457,5873.8108
uniform_9dc58eab582119d6,191114,uniform,positive,pre_round_stress,uniform_9dc58eab582119d6__positive__pre_round_stress,5853.600406,5864.70119,5901.228247,5873.987401,5865.221093,5873.987401,5867.523146,5873.987401
uniform_9dc58eab582119d6,191114,uniform,smooth,bounded,uniform_9dc58eab582119d6__smooth__bounded,5836.253834,5865.443666,5908.497079,5872.676192,5842.724217,5872.676192,5861.194277,5872.676192
uniform_9dc58eab582119d6,191114,uniform,smooth,pre_round_stress,uniform_9dc58eab582119d6__smooth__pre_round_stress,5836.272516,5865.462348,5908.510966,5872.694874,5842.742899,5872.694874,5861.212959,5872.694874
uniform_9dc58eab582119d6,191114,uniform,spatial_hash,bounded,uniform_9dc58eab582119d6__spatial_hash__bounded,5930.306276,5895.715169,6187.284009,5900.058428,6274.458942,5900.058428,5894.920858,5900.058428
uniform_9dc58eab582119d6,191114,uniform,spatial_hash,pre_round_stress,uniform_9dc58eab582119d6__spatial_hash__pre_round_stress,5930.306276,5895.715169,6187.284009,5900.058428,6274.458942,5900.058428,5894.920858,5900.058428
uniform_9eecce18b92b1ae0,191000,uniform,negative,bounded,uniform_9eecce18b92b1ae0__negative__bounded,5741.935297,5767.187841,5801.366628,5769.161178,5743.908634,5769.161178,5769.161178,5769.161178
uniform_9eecce18b92b1ae0,191000,uniform,negative,pre_round_stress,uniform_9eecce18b92b1ae0__negative__pre_round_stress,5741.910222,5767.163614,5801.354166,5769.138263,5743.884871,5769.138263,5769.138263,5769.138263
uniform_9eecce18b92b1ae0,191000,uniform,positive,bounded,uniform_9eecce18b92b1ae0__positive__bounded,5767.452658,5769.322065,5858.908955,5769.281187,5767.41178,5769.281187,5769.281187,5769.281187
uniform_9eecce18b92b1ae0,191000,uniform,positive,pre_round_stress,uniform_9eecce18b92b1ae0__positive__pre_round_stress,5767.361664,5769.350055,5858.837843,5769.295227,5767.306836,5769.295227,5769.295227,5769.295227
uniform_9eecce18b92b1ae0,191000,uniform,smooth,bounded,uniform_9eecce18b92b1ae0__smooth__bounded,5751.210041,5776.714933,5782.482917,5779.05015,5753.660692,5779.05015,5779.05015,5779.05015
uniform_9eecce18b92b1ae0,191000,uniform,smooth,pre_round_stress,uniform_9eecce18b92b1ae0__smooth__pre_round_stress,5751.209895,5776.714872,5782.487973,5779.050089,5753.660546,5779.050089,5779.050089,5779.050089
uniform_9eecce18b92b1ae0,191000,uniform,spatial_hash,bounded,uniform_9eecce18b92b1ae0__spatial_hash__bounded,5729.804366,5756.962969,5781.986242,5756.962969,5729.804366,5756.962969,5756.962969,5756.962969
uniform_9eecce18b92b1ae0,191000,uniform,spatial_hash,pre_round_stress,uniform_9eecce18b92b1ae0__spatial_hash__pre_round_stress,5729.804366,5756.962969,5781.986242,5756.962969,5729.804366,5756.962969,5756.962969,5756.962969
uniform_b0269caf6e275edc,191042,uniform,negative,bounded,uniform_b0269caf6e275edc__negative__bounded,8657.462991,8453.645837,8495.492197,8423.396155,8499.733902,8423.396155,8423.396155,8617.400206
uniform_b0269caf6e275edc,191042,uniform,negative,pre_round_stress,uniform_b0269caf6e275edc__negative__pre_round_stress,8657.746085,8454.11153,8495.862866,8423.769474,8499.892398,8423.769474,8423.769474,8617.768515
uniform_b0269caf6e275edc,191042,uniform,positive,bounded,uniform_b0269caf6e275edc__positive__bounded,8296.292072,7768.194537,7883.643753,7783.769259,8333.495345,7783.769259,7783.769259,8943.767021
uniform_b0269caf6e275edc,191042,uniform,positive,pre_round_stress,uniform_b0269caf6e275edc__positive__pre_round_stress,8294.493487,7768.531465,7883.977012,7784.098272,8331.717696,7784.098272,7784.098272,8944.096034
uniform_b0269caf6e275edc,191042,uniform,smooth,bounded,uniform_b0269caf6e275edc__smooth__bounded,7813.050644,7737.48582,7826.181532,7767.648396,7833.193973,7767.648396,7767.648396,8927.655844
uniform_b0269caf6e275edc,191042,uniform,smooth,pre_round_stress,uniform_b0269caf6e275edc__smooth__pre_round_stress,7813.050644,7737.486486,7826.198171,7767.649062,7833.193973,7767.649062,7767.649062,8927.65651
uniform_b0269caf6e275edc,191042,uniform,spatial_hash,bounded,uniform_b0269caf6e275edc__spatial_hash__bounded,7921.34874,7742.978875,7762.918104,7767.391275,7927.389602,7767.391275,7760.437998,8592.461126
uniform_b0269caf6e275edc,191042,uniform,spatial_hash,pre_round_stress,uniform_b0269caf6e275edc__spatial_hash__pre_round_stress,7921.34874,7742.978875,7762.918104,7767.391275,7927.389602,7767.391275,7760.437998,8592.461126
uniform_c696674820ca1dbe,191072,uniform,negative,bounded,uniform_c696674820ca1dbe__negative__bounded,5985.259286,6047.118313,6065.549948,6048.082769,5991.563014,6048.082769,6048.082769,6048.082769
uniform_c696674820ca1dbe,191072,uniform,negative,pre_round_stress,uniform_c696674820ca1dbe__negative__pre_round_stress,5985.311768,6047.08927,6065.493597,6048.035365,5991.607467,6048.035365,6048.035365,6048.035365
uniform_c696674820ca1dbe,191072,uniform,positive,bounded,uniform_c696674820ca1dbe__positive__bounded,6002.732165,6020.752395,6045.459851,6022.121694,6008.251244,6022.121694,6022.121694,6022.121694
uniform_c696674820ca1dbe,191072,uniform,positive,pre_round_stress,uniform_c696674820ca1dbe__positive__pre_round_stress,5998.542937,6020.828516,6045.529689,6022.193995,6004.054359,6022.193995,6022.193995,6022.193995
uniform_c696674820ca1dbe,191072,uniform,smooth,bounded,uniform_c696674820ca1dbe__smooth__bounded,6003.450695,6000.288485,6000.288485,6000.288485,6003.450695,6000.288485,6000.288485,6000.288485
uniform_c696674820ca1dbe,191072,uniform,smooth,pre_round_stress,uniform_c696674820ca1dbe__smooth__pre_round_stress,6003.450695,6000.288485,6000.288485,6000.288485,6003.450695,6000.288485,6000.288485,6000.288485
uniform_c696674820ca1dbe,191072,uniform,spatial_hash,bounded,uniform_c696674820ca1dbe__spatial_hash__bounded,5998.951237,6031.859429,6034.36505,6031.859429,5998.951237,6031.859429,6031.859429,6031.859429
uniform_c696674820ca1dbe,191072,uniform,spatial_hash,pre_round_stress,uniform_c696674820ca1dbe__spatial_hash__pre_round_stress,5998.951237,6031.859429,6034.36505,6031.859429,5998.951237,6031.859429,6031.859429,6031.859429
uniform_c70c70a4eebe0d94,191060,uniform,negative,bounded,uniform_c70c70a4eebe0d94__negative__bounded,7647.966222,7572.558143,7558.504945,7551.504206,7767.874236,7551.504206,7551.504206,8212.229054
uniform_c70c70a4eebe0d94,191060,uniform,negative,pre_round_stress,uniform_c70c70a4eebe0d94__negative__pre_round_stress,7647.810372,7562.583902,7558.404508,7551.404508,7767.844639,7551.404508,7551.404508,8212.129356
uniform_c70c70a4eebe0d94,191060,uniform,positive,bounded,uniform_c70c70a4eebe0d94__positive__bounded,8319.908236,8247.768538,8291.504003,8252.228692,8313.098352,8252.228692,8252.228692,8327.773575
uniform_c70c70a4eebe0d94,191060,uniform,positive,pre_round_stress,uniform_c70c70a4eebe0d94__positive__pre_round_stress,8322.556932,8253.941151,8297.683874,8258.434308,8315.954524,8258.434308,8258.434308,8336.539569
uniform_c70c70a4eebe0d94,191060,uniform,smooth,bounded,uniform_c70c70a4eebe0d94__smooth__bounded,7773.986308,7553.172086,7570.103285,7570.103285,7778.917507,7570.103285,7570.103285,7880.307173
uniform_c70c70a4eebe0d94,191060,uniform,smooth,pre_round_stress,uniform_c70c70a4eebe0d94__smooth__pre_round_stress,7773.986308,7553.176268,7570.107467,7570.107467,7778.917507,7570.107467,7570.107467,7880.311355
uniform_c70c70a4eebe0d94,191060,uniform,spatial_hash,bounded,uniform_c70c70a4eebe0d94__spatial_hash__bounded,8284.466291,8125.05648,8118.469039,8125.109977,8278.647178,8125.109977,8110.544717,8257.578883
uniform_c70c70a4eebe0d94,191060,uniform,spatial_hash,pre_round_stress,uniform_c70c70a4eebe0d94__spatial_hash__pre_round_stress,8284.466291,8125.05648,8118.469039,8125.109977,8278.647178,8125.109977,8110.544717,8257.578883
uniform_f680dd57ccec5aa5,191048,uniform,negative,bounded,uniform_f680dd57ccec5aa5__negative__bounded,6274.011114,7229.388177,7232.698145,7163.963589,6230.461741,7163.963589,7163.963589,6816.939032
uniform_f680dd57ccec5aa5,191048,uniform,negative,pre_round_stress,uniform_f680dd57ccec5aa5__negative__pre_round_stress,6274.154273,7237.65443,7252.957299,7173.211279,6230.614259,7173.211279,7173.211279,6826.186722
uniform_f680dd57ccec5aa5,191048,uniform,positive,bounded,uniform_f680dd57ccec5aa5__positive__bounded,6284.588029,6545.532136,6553.162159,6465.981727,6248.870017,6465.981727,6465.981727,7161.153791
uniform_f680dd57ccec5aa5,191048,uniform,positive,pre_round_stress,uniform_f680dd57ccec5aa5__positive__pre_round_stress,6284.708839,6545.748512,6553.281434,6466.165784,6248.949887,6466.165784,6466.165784,7168.646625
uniform_f680dd57ccec5aa5,191048,uniform,smooth,bounded,uniform_f680dd57ccec5aa5__smooth__bounded,6277.457051,6491.917261,6487.060524,6410.549489,6244.620179,6410.549489,6410.549489,6752.069191
uniform_f680dd57ccec5aa5,191048,uniform,smooth,pre_round_stress,uniform_f680dd57ccec5aa5__smooth__pre_round_stress,6277.457051,6491.917261,6487.038945,6410.52791,6244.620179,6410.52791,6410.52791,6752.046068
uniform_f680dd57ccec5aa5,191048,uniform,spatial_hash,bounded,uniform_f680dd57ccec5aa5__spatial_hash__bounded,6275.104605,7220.354596,7247.594898,7161.983486,6236.987702,7161.983486,7161.983486,6810.512957
uniform_f680dd57ccec5aa5,191048,uniform,spatial_hash,pre_round_stress,uniform_f680dd57ccec5aa5__spatial_hash__pre_round_stress,6275.104605,7220.354596,7247.594898,7161.983486,6236.987702,7161.983486,7161.983486,6810.512957
uniform_fb2eff7190317e87,191012,uniform,negative,bounded,uniform_fb2eff7190317e87__negative__bounded,6099.485141,6236.188272,5683.614725,5610.394438,5693.948267,5610.394438,5609.050109,5610.394438
uniform_fb2eff7190317e87,191012,uniform,negative,pre_round_stress,uniform_fb2eff7190317e87__negative__pre_round_stress,6099.407942,6236.154242,5683.640998,5608.728555,5693.789087,5608.728555,5609.037718,5608.728555
uniform_fb2eff7190317e87,191012,uniform,positive,bounded,uniform_fb2eff7190317e87__positive__bounded,5415.457235,5123.795983,4669.867504,4927.047946,4926.486715,4927.047946,4935.086423,4927.047946
uniform_fb2eff7190317e87,191012,uniform,positive,pre_round_stress,uniform_fb2eff7190317e87__positive__pre_round_stress,5416.432888,5124.578756,4670.06528,4927.229315,4933.694137,4927.229315,4935.259653,4927.229315
uniform_fb2eff7190317e87,191012,uniform,smooth,bounded,uniform_fb2eff7190317e87__smooth__bounded,5597.979019,5612.401951,4678.16763,4614.610226,4596.41831,4614.610226,4614.610226,4614.610226
uniform_fb2eff7190317e87,191012,uniform,smooth,pre_round_stress,uniform_fb2eff7190317e87__smooth__pre_round_stress,5597.812019,5612.365023,4678.163286,4614.610226,4596.41831,4614.610226,4614.610226,4614.610226
uniform_fb2eff7190317e87,191012,uniform,spatial_hash,bounded,uniform_fb2eff7190317e87__spatial_hash__bounded,6271.742239,5993.547757,5678.145267,5623.003562,5677.562175,5623.003562,5604.389829,5623.003562
uniform_fb2eff7190317e87,191012,uniform,spatial_hash,pre_round_stress,uniform_fb2eff7190317e87__spatial_hash__pre_round_stress,6271.742239,5993.547757,5678.145267,5623.003562,5677.562175,5623.003562,5604.389829,5623.003562
