case_id,seed,family,source_count,error_mode,rounding,variant,current_s,candidate_s,change_s,change_pct,current_success,candidate_success
dispatch_development_cluster_2026091314_negative,2026091314,cluster,10,negative,bounded,COVERAGE_ORDER,2117.559119,2117.559119,0.0,0.0,True,True
dispatch_development_cluster_2026091314_positive,2026091314,cluster,10,positive,bounded,COVERAGE_ORDER,2103.266382,2072.146036,-31.1203459999997,-1.4796198078536937,True,True
dispatch_development_cluster_2026091314_smooth,2026091314,cluster,10,smooth,bounded,COVERAGE_ORDER,2074.797142,2097.452515,22.655373000000054,1.0919319552446183,True,True
dispatch_development_cluster_2026091314_spatial_hash,2026091314,cluster,10,spatial_hash,bounded,COVERAGE_ORDER,2091.245364,2091.245364,0.0,0.0,True,True
dispatch_development_cluster_2026091315_negative,2026091315,cluster,11,negative,bounded,COVERAGE_ORDER,2389.059309,2389.059309,0.0,0.0,True,True
dispatch_development_cluster_2026091315_positive,2026091315,cluster,11,positive,bounded,COVERAGE_ORDER,2173.706601,2173.706601,0.0,0.0,True,True
dispatch_development_cluster_2026091315_smooth,2026091315,cluster,11,smooth,bounded,COVERAGE_ORDER,2344.290144,2344.290144,0.0,0.0,True,True
dispatch_development_cluster_2026091315_spatial_hash,2026091315,cluster,11,spatial_hash,bounded,COVERAGE_ORDER,2143.954058,2143.954058,0.0,0.0,True,True
dispatch_development_cluster_2026091316_negative,2026091316,cluster,12,negative,bounded,COVERAGE_ORDER,2420.546752,2267.230468,-153.316284,-6.333952602787818,True,True
dispatch_development_cluster_2026091316_positive,2026091316,cluster,12,positive,bounded,COVERAGE_ORDER,2350.254346,2212.065253,-138.18909299999996,-5.879750557006302,True,True
dispatch_development_cluster_2026091316_smooth,2026091316,cluster,12,smooth,bounded,COVERAGE_ORDER,2234.460985,2234.460985,0.0,0.0,True,True
dispatch_development_cluster_2026091316_spatial_hash,2026091316,cluster,12,spatial_hash,bounded,COVERAGE_ORDER,2262.106806,2226.106806,-36.0,-1.5914367926622153,True,True
dispatch_development_cluster_2026091317_negative,2026091317,cluster,13,negative,bounded,COVERAGE_ORDER,2492.968582,2346.903089,-146.06549300000006,-5.859098829188536,True,True
dispatch_development_cluster_2026091317_positive,2026091317,cluster,13,positive,bounded,COVERAGE_ORDER,2521.063987,2267.239621,-253.82436599999983,-10.068144533770607,True,True
dispatch_development_cluster_2026091317_smooth,2026091317,cluster,13,smooth,bounded,COVERAGE_ORDER,2486.693204,2276.692678,-210.00052600000026,-8.444971243827004,True,True
dispatch_development_cluster_2026091317_spatial_hash,2026091317,cluster,13,spatial_hash,bounded,COVERAGE_ORDER,2526.475948,2270.3561,-256.1198479999998,-10.137434643015242,True,True
dispatch_development_cluster_2026091318_negative,2026091318,cluster,14,negative,bounded,COVERAGE_ORDER,1947.969347,1947.969347,0.0,0.0,True,True
dispatch_development_cluster_2026091318_positive,2026091318,cluster,14,positive,bounded,COVERAGE_ORDER,1922.047939,1922.047939,0.0,0.0,True,True
dispatch_development_cluster_2026091318_smooth,2026091318,cluster,14,smooth,bounded,COVERAGE_ORDER,1945.030469,1945.030469,0.0,0.0,True,True
dispatch_development_cluster_2026091318_spatial_hash,2026091318,cluster,14,spatial_hash,bounded,COVERAGE_ORDER,1949.611193,1949.611193,0.0,0.0,True,True
dispatch_development_cluster_2026091319_negative,2026091319,cluster,15,negative,bounded,COVERAGE_ORDER,2271.63164,2271.63164,0.0,0.0,True,True
dispatch_development_cluster_2026091319_positive,2026091319,cluster,15,positive,bounded,COVERAGE_ORDER,2219.447558,2219.447558,0.0,0.0,True,True
dispatch_development_cluster_2026091319_smooth,2026091319,cluster,15,smooth,bounded,COVERAGE_ORDER,2294.436687,2294.436687,0.0,0.0,True,True
dispatch_development_cluster_2026091319_spatial_hash,2026091319,cluster,15,spatial_hash,bounded,COVERAGE_ORDER,2249.711219,2249.711219,0.0,0.0,True,True
dispatch_development_cluster_2026091320_negative,2026091320,cluster,16,negative,bounded,COVERAGE_ORDER,1057.408694,1057.408694,0.0,0.0,True,True
dispatch_development_cluster_2026091320_positive,2026091320,cluster,16,positive,bounded,COVERAGE_ORDER,1042.350538,1042.350538,0.0,0.0,True,True
dispatch_development_cluster_2026091320_smooth,2026091320,cluster,16,smooth,bounded,COVERAGE_ORDER,960.362381,960.362381,0.0,0.0,True,True
dispatch_development_cluster_2026091320_spatial_hash,2026091320,cluster,16,spatial_hash,bounded,COVERAGE_ORDER,1026.581858,1026.581858,0.0,0.0,True,True
dispatch_development_min_radius_2026091321_negative,2026091321,min_radius,10,negative,bounded,COVERAGE_ORDER,3289.570746,3730.110717,440.53997100000015,13.392019962959644,True,True
dispatch_development_min_radius_2026091321_positive,2026091321,min_radius,10,positive,bounded,COVERAGE_ORDER,3216.437047,3672.74685,456.3098030000001,14.186809700678094,True,True
dispatch_development_min_radius_2026091321_smooth,2026091321,min_radius,10,smooth,bounded,COVERAGE_ORDER,3274.410576,3720.228654,445.8180779999998,13.615216163411258,True,True
dispatch_development_min_radius_2026091321_spatial_hash,2026091321,min_radius,10,spatial_hash,bounded,COVERAGE_ORDER,3255.97061,3704.317399,448.3467890000002,13.769988820630052,True,True
dispatch_development_min_radius_2026091322_negative,2026091322,min_radius,11,negative,bounded,COVERAGE_ORDER,3381.5369,3697.234824,315.69792400000006,9.335930180149754,True,True
dispatch_development_min_radius_2026091322_positive,2026091322,min_radius,11,positive,bounded,COVERAGE_ORDER,3287.74129,3606.607328,318.8660380000001,9.698635320542515,True,True
dispatch_development_min_radius_2026091322_smooth,2026091322,min_radius,11,smooth,bounded,COVERAGE_ORDER,3332.533794,3647.028858,314.4950640000002,9.437115523516294,True,True
dispatch_development_min_radius_2026091322_spatial_hash,2026091322,min_radius,11,spatial_hash,bounded,COVERAGE_ORDER,3306.61828,3624.018988,317.40070799999967,9.598952195957722,True,True
dispatch_development_min_radius_2026091323_negative,2026091323,min_radius,12,negative,bounded,COVERAGE_ORDER,3591.413651,3459.713307,-131.70034399999986,-3.667089252259459,True,True
dispatch_development_min_radius_2026091323_positive,2026091323,min_radius,12,positive,bounded,COVERAGE_ORDER,3486.139701,3435.878195,-50.26150600000028,-1.4417524916050528,True,True
dispatch_development_min_radius_2026091323_smooth,2026091323,min_radius,12,smooth,bounded,COVERAGE_ORDER,3501.546796,3452.455214,-49.09158200000002,-1.4019970276016314,True,True
dispatch_development_min_radius_2026091323_spatial_hash,2026091323,min_radius,12,spatial_hash,bounded,COVERAGE_ORDER,3465.40647,3465.40647,0.0,0.0,True,True
dispatch_development_min_radius_2026091324_negative,2026091324,min_radius,13,negative,bounded,COVERAGE_ORDER,4124.705997,4724.118764,599.4127669999998,14.532254357909814,True,True
dispatch_development_min_radius_2026091324_positive,2026091324,min_radius,13,positive,bounded,COVERAGE_ORDER,4176.069137,4722.153793,546.084656,13.076523354503067,True,True
dispatch_development_min_radius_2026091324_smooth,2026091324,min_radius,13,smooth,bounded,COVERAGE_ORDER,4120.76063,4701.585066,580.8244359999999,14.095078267140204,True,True
dispatch_development_min_radius_2026091324_spatial_hash,2026091324,min_radius,13,spatial_hash,bounded,COVERAGE_ORDER,4171.698707,4735.803407,564.1047000000008,13.522182200105881,True,True
dispatch_development_min_radius_2026091325_negative,2026091325,min_radius,14,negative,bounded,COVERAGE_ORDER,3319.663532,3319.663532,0.0,0.0,True,True
dispatch_development_min_radius_2026091325_positive,2026091325,min_radius,14,positive,bounded,COVERAGE_ORDER,3429.445466,3429.445466,0.0,0.0,True,True
dispatch_development_min_radius_2026091325_smooth,2026091325,min_radius,14,smooth,bounded,COVERAGE_ORDER,3431.624371,3431.624371,0.0,0.0,True,True
dispatch_development_min_radius_2026091325_spatial_hash,2026091325,min_radius,14,spatial_hash,bounded,COVERAGE_ORDER,3385.645175,3385.645175,0.0,0.0,True,True
dispatch_development_min_radius_2026091326_negative,2026091326,min_radius,15,negative,bounded,COVERAGE_ORDER,3916.261661,4427.095858,510.8341969999997,13.043924058678979,True,True
dispatch_development_min_radius_2026091326_positive,2026091326,min_radius,15,positive,bounded,COVERAGE_ORDER,3843.229319,4373.544081,530.314762,13.798676008695377,True,True
dispatch_development_min_radius_2026091326_smooth,2026091326,min_radius,15,smooth,bounded,COVERAGE_ORDER,3847.122461,4371.650223,524.5277619999997,13.634288154779895,True,True
dispatch_development_min_radius_2026091326_spatial_hash,2026091326,min_radius,15,spatial_hash,bounded,COVERAGE_ORDER,3879.825385,4411.739985,531.9146000000001,13.70975616728689,True,True
dispatch_development_min_radius_2026091327_negative,2026091327,min_radius,16,negative,bounded,COVERAGE_ORDER,3848.031747,3848.031747,0.0,0.0,True,True
dispatch_development_min_radius_2026091327_positive,2026091327,min_radius,16,positive,bounded,COVERAGE_ORDER,3792.731434,3792.731434,0.0,0.0,True,True
dispatch_development_min_radius_2026091327_smooth,2026091327,min_radius,16,smooth,bounded,COVERAGE_ORDER,3809.876043,3809.876043,0.0,0.0,True,True
dispatch_development_min_radius_2026091327_spatial_hash,2026091327,min_radius,16,spatial_hash,bounded,COVERAGE_ORDER,3787.359262,3787.359262,0.0,0.0,True,True
dispatch_development_outer_2026091307_negative,2026091307,outer,10,negative,bounded,COVERAGE_ORDER,3550.300633,3315.328951,-234.97168199999987,-6.618360141559309,True,True
dispatch_development_outer_2026091307_positive,2026091307,outer,10,positive,bounded,COVERAGE_ORDER,3570.237987,3313.173038,-257.06494900000007,-7.200218863169027,True,True
dispatch_development_outer_2026091307_smooth,2026091307,outer,10,smooth,bounded,COVERAGE_ORDER,3563.44455,3329.881294,-233.56325600000037,-6.554423752714222,True,True
dispatch_development_outer_2026091307_spatial_hash,2026091307,outer,10,spatial_hash,bounded,COVERAGE_ORDER,3575.179805,3344.644398,-230.5354070000003,-6.44821853931904,True,True
dispatch_development_outer_2026091308_negative,2026091308,outer,11,negative,bounded,COVERAGE_ORDER,2463.823071,2838.971472,375.1484010000004,15.226271943615565,True,True
dispatch_development_outer_2026091308_positive,2026091308,outer,11,positive,bounded,COVERAGE_ORDER,2469.935892,2852.604725,382.6688330000002,15.493067420877015,True,True
dispatch_development_outer_2026091308_smooth,2026091308,outer,11,smooth,bounded,COVERAGE_ORDER,2500.267471,2904.712928,404.4454569999998,16.17608762626659,True,True
dispatch_development_outer_2026091308_spatial_hash,2026091308,outer,11,spatial_hash,bounded,COVERAGE_ORDER,2486.35374,2863.024291,376.67055100000016,15.149515732222408,True,True
dispatch_development_outer_2026091309_negative,2026091309,outer,12,negative,bounded,COVERAGE_ORDER,3490.137784,3693.084612,202.9468280000001,5.814865789264223,True,True
dispatch_development_outer_2026091309_positive,2026091309,outer,12,positive,bounded,COVERAGE_ORDER,3557.365423,3581.051164,23.68574099999978,0.6658225451583011,True,True
dispatch_development_outer_2026091309_smooth,2026091309,outer,12,smooth,bounded,COVERAGE_ORDER,3499.246729,3620.049849,120.80312000000004,3.4522607108222525,True,True
dispatch_development_outer_2026091309_spatial_hash,2026091309,outer,12,spatial_hash,bounded,COVERAGE_ORDER,3514.631513,3734.55007,219.91855699999996,6.25722941897493,True,True
dispatch_development_outer_2026091310_negative,2026091310,outer,13,negative,bounded,COVERAGE_ORDER,2296.26251,2374.26251,78.0,3.3968241723373316,True,True
dispatch_development_outer_2026091310_positive,2026091310,outer,13,positive,bounded,COVERAGE_ORDER,2276.989919,2354.989919,78.0,3.4255751134047996,True,True
dispatch_development_outer_2026091310_smooth,2026091310,outer,13,smooth,bounded,COVERAGE_ORDER,2282.330133,2360.330133,78.0,3.4175599258058798,True,True
dispatch_development_outer_2026091310_spatial_hash,2026091310,outer,13,spatial_hash,bounded,COVERAGE_ORDER,2274.996842,2352.996842,78.0,3.4285761878873,True,True
dispatch_development_outer_2026091311_negative,2026091311,outer,14,negative,bounded,COVERAGE_ORDER,3722.404984,3542.780931,-179.624053,-4.825483894742177,True,True
dispatch_development_outer_2026091311_positive,2026091311,outer,14,positive,bounded,COVERAGE_ORDER,3648.855935,3560.325995,-88.5299399999999,-2.426238294332661,True,True
dispatch_development_outer_2026091311_smooth,2026091311,outer,14,smooth,bounded,COVERAGE_ORDER,3729.360382,3598.72673,-130.63365199999998,-3.5028433462883313,True,True
dispatch_development_outer_2026091311_spatial_hash,2026091311,outer,14,spatial_hash,bounded,COVERAGE_ORDER,3727.54899,3564.44701,-163.1019799999999,-4.375582465517103,True,True
dispatch_development_outer_2026091312_negative,2026091312,outer,15,negative,bounded,COVERAGE_ORDER,2613.224342,2242.688396,-370.53594599999997,-14.179262761513034,True,True
dispatch_development_outer_2026091312_positive,2026091312,outer,15,positive,bounded,COVERAGE_ORDER,2621.262597,2243.841889,-377.4207080000001,-14.39843182563827,True,True
dispatch_development_outer_2026091312_smooth,2026091312,outer,15,smooth,bounded,COVERAGE_ORDER,2649.832806,2247.210355,-402.6224509999997,-15.194258675050898,True,True
dispatch_development_outer_2026091312_spatial_hash,2026091312,outer,15,spatial_hash,bounded,COVERAGE_ORDER,2673.028515,2249.52616,-423.5023550000001,-15.843540486884788,True,True
dispatch_development_outer_2026091313_negative,2026091313,outer,16,negative,bounded,COVERAGE_ORDER,3913.776992,3654.951289,-258.825703,-6.613194965606262,True,True
dispatch_development_outer_2026091313_positive,2026091313,outer,16,positive,bounded,COVERAGE_ORDER,3948.108987,3678.851059,-269.257928,-6.819921356948089,True,True
dispatch_development_outer_2026091313_smooth,2026091313,outer,16,smooth,bounded,COVERAGE_ORDER,3981.396854,3688.186694,-293.2101600000001,-7.364504739220356,True,True
dispatch_development_outer_2026091313_spatial_hash,2026091313,outer,16,spatial_hash,bounded,COVERAGE_ORDER,3900.064825,3636.172226,-263.8925989999998,-6.766364428314342,True,True
dispatch_development_radial_2026091328_negative,2026091328,radial,10,negative,bounded,COVERAGE_ORDER,2834.369393,3038.756941,204.38754800000015,7.211041316801303,True,True
dispatch_development_radial_2026091328_positive,2026091328,radial,10,positive,bounded,COVERAGE_ORDER,2981.274825,3023.648015,42.37319000000025,1.4213110996903922,True,True
dispatch_development_radial_2026091328_smooth,2026091328,radial,10,smooth,bounded,COVERAGE_ORDER,2871.895562,2805.085462,-66.81010000000015,-2.3263415593522963,True,True
dispatch_development_radial_2026091328_spatial_hash,2026091328,radial,10,spatial_hash,bounded,COVERAGE_ORDER,2796.855461,2834.966123,38.11066200000005,1.362625367360737,True,True
dispatch_development_radial_2026091329_negative,2026091329,radial,11,negative,bounded,COVERAGE_ORDER,2496.202771,2496.202771,0.0,0.0,True,True
dispatch_development_radial_2026091329_positive,2026091329,radial,11,positive,bounded,COVERAGE_ORDER,2488.521843,2488.521843,0.0,0.0,True,True
dispatch_development_radial_2026091329_smooth,2026091329,radial,11,smooth,bounded,COVERAGE_ORDER,2536.076704,2708.382557,172.30585299999984,6.794189336948375,True,True
dispatch_development_radial_2026091329_spatial_hash,2026091329,radial,11,spatial_hash,bounded,COVERAGE_ORDER,2496.899004,2496.899004,0.0,0.0,True,True
dispatch_development_radial_2026091330_negative,2026091330,radial,12,negative,bounded,COVERAGE_ORDER,2450.979019,2450.979019,0.0,0.0,True,True
dispatch_development_radial_2026091330_positive,2026091330,radial,12,positive,bounded,COVERAGE_ORDER,2506.072129,2506.072129,0.0,0.0,True,True
dispatch_development_radial_2026091330_smooth,2026091330,radial,12,smooth,bounded,COVERAGE_ORDER,2464.931869,2464.931869,0.0,0.0,True,True
dispatch_development_radial_2026091330_spatial_hash,2026091330,radial,12,spatial_hash,bounded,COVERAGE_ORDER,2444.825497,2444.825497,0.0,0.0,True,True
dispatch_development_radial_2026091331_negative,2026091331,radial,13,negative,bounded,COVERAGE_ORDER,2611.181217,2846.436906,235.25568900000007,9.009550446685832,True,True
dispatch_development_radial_2026091331_positive,2026091331,radial,13,positive,bounded,COVERAGE_ORDER,2721.37942,2890.109209,168.72978899999998,6.200156720520811,True,True
dispatch_development_radial_2026091331_smooth,2026091331,radial,13,smooth,bounded,COVERAGE_ORDER,2713.383795,3068.166546,354.78275099999973,13.075288193795664,True,True
dispatch_development_radial_2026091331_spatial_hash,2026091331,radial,13,spatial_hash,bounded,COVERAGE_ORDER,2626.491412,3058.806734,432.3153219999999,16.459803372088857,True,True
dispatch_development_radial_2026091332_negative,2026091332,radial,14,negative,bounded,COVERAGE_ORDER,2865.319336,2845.831638,-19.48769799999991,-0.6801230758176069,True,True
dispatch_development_radial_2026091332_positive,2026091332,radial,14,positive,bounded,COVERAGE_ORDER,2621.58224,2846.143673,224.56143299999985,8.565874057798005,True,True
dispatch_development_radial_2026091332_smooth,2026091332,radial,14,smooth,bounded,COVERAGE_ORDER,2531.561178,2850.581366,319.02018799999996,12.601717500346332,True,True
dispatch_development_radial_2026091332_spatial_hash,2026091332,radial,14,spatial_hash,bounded,COVERAGE_ORDER,2562.979481,2832.198306,269.2188249999999,10.504135011449979,True,True
dispatch_development_radial_2026091333_negative,2026091333,radial,15,negative,bounded,COVERAGE_ORDER,2434.230595,2434.230595,0.0,0.0,True,True
dispatch_development_radial_2026091333_positive,2026091333,radial,15,positive,bounded,COVERAGE_ORDER,2465.979075,2465.979075,0.0,0.0,True,True
dispatch_development_radial_2026091333_smooth,2026091333,radial,15,smooth,bounded,COVERAGE_ORDER,2483.307474,2483.307474,0.0,0.0,True,True
dispatch_development_radial_2026091333_spatial_hash,2026091333,radial,15,spatial_hash,bounded,COVERAGE_ORDER,2543.111503,2749.698973,206.58746999999994,8.123413769168097,True,True
dispatch_development_radial_2026091334_negative,2026091334,radial,16,negative,bounded,COVERAGE_ORDER,1733.643185,2012.643185,279.0,16.093277002672266,True,True
dispatch_development_radial_2026091334_positive,2026091334,radial,16,positive,bounded,COVERAGE_ORDER,1741.166776,2020.166776,279.0,16.023737866222643,True,True
dispatch_development_radial_2026091334_smooth,2026091334,radial,16,smooth,bounded,COVERAGE_ORDER,2678.714042,2105.349359,-573.3646830000002,-21.404475207510785,True,True
dispatch_development_radial_2026091334_spatial_hash,2026091334,radial,16,spatial_hash,bounded,COVERAGE_ORDER,1820.653163,2099.653163,279.0,15.324170779473167,True,True
dispatch_development_reception_edge_2026091335_negative,2026091335,reception_edge,10,negative,bounded,COVERAGE_ORDER,3549.83371,3549.83371,0.0,0.0,True,True
dispatch_development_reception_edge_2026091335_positive,2026091335,reception_edge,10,positive,bounded,COVERAGE_ORDER,3578.292354,3578.292354,0.0,0.0,True,True
dispatch_development_reception_edge_2026091335_smooth,2026091335,reception_edge,10,smooth,bounded,COVERAGE_ORDER,3594.469725,3594.469725,0.0,0.0,True,True
dispatch_development_reception_edge_2026091335_spatial_hash,2026091335,reception_edge,10,spatial_hash,bounded,COVERAGE_ORDER,3568.151988,3568.151988,0.0,0.0,True,True
dispatch_development_reception_edge_2026091336_negative,2026091336,reception_edge,11,negative,bounded,COVERAGE_ORDER,3056.657098,3056.657098,0.0,0.0,True,True
dispatch_development_reception_edge_2026091336_positive,2026091336,reception_edge,11,positive,bounded,COVERAGE_ORDER,3044.456745,3044.456745,0.0,0.0,True,True
dispatch_development_reception_edge_2026091336_smooth,2026091336,reception_edge,11,smooth,bounded,COVERAGE_ORDER,3018.504622,3018.504622,0.0,0.0,True,True
dispatch_development_reception_edge_2026091336_spatial_hash,2026091336,reception_edge,11,spatial_hash,bounded,COVERAGE_ORDER,3067.356765,3067.356765,0.0,0.0,True,True
dispatch_development_reception_edge_2026091337_negative,2026091337,reception_edge,12,negative,bounded,COVERAGE_ORDER,3590.720038,3590.720038,0.0,0.0,True,True
dispatch_development_reception_edge_2026091337_positive,2026091337,reception_edge,12,positive,bounded,COVERAGE_ORDER,3931.425931,3931.425931,0.0,0.0,True,True
dispatch_development_reception_edge_2026091337_smooth,2026091337,reception_edge,12,smooth,bounded,COVERAGE_ORDER,3911.745014,3911.745014,0.0,0.0,True,True
dispatch_development_reception_edge_2026091337_spatial_hash,2026091337,reception_edge,12,spatial_hash,bounded,COVERAGE_ORDER,3627.563015,3627.563015,0.0,0.0,True,True
dispatch_development_reception_edge_2026091338_negative,2026091338,reception_edge,13,negative,bounded,COVERAGE_ORDER,3940.946121,3940.946121,0.0,0.0,True,True
dispatch_development_reception_edge_2026091338_positive,2026091338,reception_edge,13,positive,bounded,COVERAGE_ORDER,3951.768423,3951.768423,0.0,0.0,True,True
dispatch_development_reception_edge_2026091338_smooth,2026091338,reception_edge,13,smooth,bounded,COVERAGE_ORDER,3977.289486,3977.289486,0.0,0.0,True,True
dispatch_development_reception_edge_2026091338_spatial_hash,2026091338,reception_edge,13,spatial_hash,bounded,COVERAGE_ORDER,3930.673356,3930.673356,0.0,0.0,True,True
dispatch_development_reception_edge_2026091339_negative,2026091339,reception_edge,14,negative,bounded,COVERAGE_ORDER,3772.223662,3772.223662,0.0,0.0,True,True
dispatch_development_reception_edge_2026091339_positive,2026091339,reception_edge,14,positive,bounded,COVERAGE_ORDER,3912.568597,3912.568597,0.0,0.0,True,True
dispatch_development_reception_edge_2026091339_smooth,2026091339,reception_edge,14,smooth,bounded,COVERAGE_ORDER,3889.557319,3889.557319,0.0,0.0,True,True
dispatch_development_reception_edge_2026091339_spatial_hash,2026091339,reception_edge,14,spatial_hash,bounded,COVERAGE_ORDER,3923.446386,3923.446386,0.0,0.0,True,True
dispatch_development_reception_edge_2026091340_negative,2026091340,reception_edge,15,negative,bounded,COVERAGE_ORDER,4207.406019,4207.406019,0.0,0.0,True,True
dispatch_development_reception_edge_2026091340_positive,2026091340,reception_edge,15,positive,bounded,COVERAGE_ORDER,4204.956573,4204.956573,0.0,0.0,True,True
dispatch_development_reception_edge_2026091340_smooth,2026091340,reception_edge,15,smooth,bounded,COVERAGE_ORDER,4211.04073,4211.04073,0.0,0.0,True,True
dispatch_development_reception_edge_2026091340_spatial_hash,2026091340,reception_edge,15,spatial_hash,bounded,COVERAGE_ORDER,4202.863157,4202.863157,0.0,0.0,True,True
dispatch_development_reception_edge_2026091341_negative,2026091341,reception_edge,16,negative,bounded,COVERAGE_ORDER,4069.975775,4069.975775,0.0,0.0,True,True
dispatch_development_reception_edge_2026091341_positive,2026091341,reception_edge,16,positive,bounded,COVERAGE_ORDER,3938.445409,3938.445409,0.0,0.0,True,True
dispatch_development_reception_edge_2026091341_smooth,2026091341,reception_edge,16,smooth,bounded,COVERAGE_ORDER,4027.782147,4027.782147,0.0,0.0,True,True
dispatch_development_reception_edge_2026091341_spatial_hash,2026091341,reception_edge,16,spatial_hash,bounded,COVERAGE_ORDER,4010.982083,4010.982083,0.0,0.0,True,True
dispatch_development_uniform_2026091300_negative,2026091300,uniform,10,negative,bounded,COVERAGE_ORDER,3155.858457,3155.858457,0.0,0.0,True,True
dispatch_development_uniform_2026091300_positive,2026091300,uniform,10,positive,bounded,COVERAGE_ORDER,3170.951423,3170.951423,0.0,0.0,True,True
dispatch_development_uniform_2026091300_smooth,2026091300,uniform,10,smooth,bounded,COVERAGE_ORDER,3218.724698,3218.724698,0.0,0.0,True,True
dispatch_development_uniform_2026091300_spatial_hash,2026091300,uniform,10,spatial_hash,bounded,COVERAGE_ORDER,3174.491753,3174.491753,0.0,0.0,True,True
dispatch_development_uniform_2026091301_negative,2026091301,uniform,11,negative,bounded,COVERAGE_ORDER,3722.752628,3722.752628,0.0,0.0,True,True
dispatch_development_uniform_2026091301_positive,2026091301,uniform,11,positive,bounded,COVERAGE_ORDER,3583.856524,3583.856524,0.0,0.0,True,True
dispatch_development_uniform_2026091301_smooth,2026091301,uniform,11,smooth,bounded,COVERAGE_ORDER,3739.757401,3739.757401,0.0,0.0,True,True
dispatch_development_uniform_2026091301_spatial_hash,2026091301,uniform,11,spatial_hash,bounded,COVERAGE_ORDER,3422.535735,3422.535735,0.0,0.0,True,True
dispatch_development_uniform_2026091302_negative,2026091302,uniform,12,negative,bounded,COVERAGE_ORDER,3094.316653,3094.316653,0.0,0.0,True,True
dispatch_development_uniform_2026091302_positive,2026091302,uniform,12,positive,bounded,COVERAGE_ORDER,2898.779189,2898.779189,0.0,0.0,True,True
dispatch_development_uniform_2026091302_smooth,2026091302,uniform,12,smooth,bounded,COVERAGE_ORDER,2905.445945,2905.445945,0.0,0.0,True,True
dispatch_development_uniform_2026091302_spatial_hash,2026091302,uniform,12,spatial_hash,bounded,COVERAGE_ORDER,3061.054645,3061.054645,0.0,0.0,True,True
dispatch_development_uniform_2026091303_negative,2026091303,uniform,13,negative,bounded,COVERAGE_ORDER,3197.227235,3400.306615,203.07938000000013,6.351734333327741,True,True
dispatch_development_uniform_2026091303_positive,2026091303,uniform,13,positive,bounded,COVERAGE_ORDER,3234.735105,3234.735105,0.0,0.0,True,True
dispatch_development_uniform_2026091303_smooth,2026091303,uniform,13,smooth,bounded,COVERAGE_ORDER,3253.01159,3253.01159,0.0,0.0,True,True
dispatch_development_uniform_2026091303_spatial_hash,2026091303,uniform,13,spatial_hash,bounded,COVERAGE_ORDER,3189.318307,3396.842491,207.52418399999988,6.506850807099451,True,True
dispatch_development_uniform_2026091304_negative,2026091304,uniform,14,negative,bounded,COVERAGE_ORDER,3380.876498,3380.876498,0.0,0.0,True,True
dispatch_development_uniform_2026091304_positive,2026091304,uniform,14,positive,bounded,COVERAGE_ORDER,3510.868562,3510.868562,0.0,0.0,True,True
dispatch_development_uniform_2026091304_smooth,2026091304,uniform,14,smooth,bounded,COVERAGE_ORDER,3466.657513,3466.657513,0.0,0.0,True,True
dispatch_development_uniform_2026091304_spatial_hash,2026091304,uniform,14,spatial_hash,bounded,COVERAGE_ORDER,3449.560056,3449.560056,0.0,0.0,True,True
dispatch_development_uniform_2026091305_negative,2026091305,uniform,15,negative,bounded,COVERAGE_ORDER,3628.466106,3634.322536,5.856430000000273,0.16140236201507285,True,True
dispatch_development_uniform_2026091305_positive,2026091305,uniform,15,positive,bounded,COVERAGE_ORDER,3431.008674,3431.008674,0.0,0.0,True,True
dispatch_development_uniform_2026091305_smooth,2026091305,uniform,15,smooth,bounded,COVERAGE_ORDER,3453.452409,3453.452409,0.0,0.0,True,True
dispatch_development_uniform_2026091305_spatial_hash,2026091305,uniform,15,spatial_hash,bounded,COVERAGE_ORDER,3593.188085,3578.450471,-14.737613999999667,-0.41015425998774946,True,True
dispatch_development_uniform_2026091306_negative,2026091306,uniform,16,negative,bounded,COVERAGE_ORDER,3967.752616,3967.752616,0.0,0.0,True,True
dispatch_development_uniform_2026091306_positive,2026091306,uniform,16,positive,bounded,COVERAGE_ORDER,3812.04901,3812.04901,0.0,0.0,True,True
dispatch_development_uniform_2026091306_smooth,2026091306,uniform,16,smooth,bounded,COVERAGE_ORDER,3935.194121,3935.194121,0.0,0.0,True,True
dispatch_development_uniform_2026091306_spatial_hash,2026091306,uniform,16,spatial_hash,bounded,COVERAGE_ORDER,4157.072183,4646.563464,489.4912809999996,11.774904535017061,True,True
dispatch_development_cluster_2026091314_negative,2026091314,cluster,10,negative,pre_round_stress,COVERAGE_ORDER,2079.856384,2117.688445,37.83206099999961,1.818974679744012,True,True
dispatch_development_cluster_2026091314_positive,2026091314,cluster,10,positive,pre_round_stress,COVERAGE_ORDER,2072.141561,2072.141561,0.0,0.0,True,True
dispatch_development_cluster_2026091314_smooth,2026091314,cluster,10,smooth,pre_round_stress,COVERAGE_ORDER,2097.484088,2097.484088,0.0,0.0,True,True
dispatch_development_cluster_2026091314_spatial_hash,2026091314,cluster,10,spatial_hash,pre_round_stress,COVERAGE_ORDER,2091.245364,2091.245364,0.0,0.0,True,True
dispatch_development_cluster_2026091315_negative,2026091315,cluster,11,negative,pre_round_stress,COVERAGE_ORDER,2389.457857,2389.457857,0.0,0.0,True,True
dispatch_development_cluster_2026091315_positive,2026091315,cluster,11,positive,pre_round_stress,COVERAGE_ORDER,2173.835339,2173.835339,0.0,0.0,True,True
dispatch_development_cluster_2026091315_smooth,2026091315,cluster,11,smooth,pre_round_stress,COVERAGE_ORDER,2344.293234,2344.293234,0.0,0.0,True,True
dispatch_development_cluster_2026091315_spatial_hash,2026091315,cluster,11,spatial_hash,pre_round_stress,COVERAGE_ORDER,2143.954058,2143.954058,0.0,0.0,True,True
dispatch_development_cluster_2026091316_negative,2026091316,cluster,12,negative,pre_round_stress,COVERAGE_ORDER,2420.620371,2267.139449,-153.4809220000002,-6.340561446097171,True,True
dispatch_development_cluster_2026091316_positive,2026091316,cluster,12,positive,pre_round_stress,COVERAGE_ORDER,2218.631645,2218.631645,0.0,0.0,True,True
dispatch_development_cluster_2026091316_smooth,2026091316,cluster,12,smooth,pre_round_stress,COVERAGE_ORDER,2345.093551,2234.478509,-110.6150419999999,-4.716871186346971,True,True
dispatch_development_cluster_2026091316_spatial_hash,2026091316,cluster,12,spatial_hash,pre_round_stress,COVERAGE_ORDER,2262.106806,2226.106806,-36.0,-1.5914367926622153,True,True
dispatch_development_cluster_2026091317_negative,2026091317,cluster,13,negative,pre_round_stress,COVERAGE_ORDER,2385.802207,2343.802207,-42.0,-1.7604141649618321,True,True
dispatch_development_cluster_2026091317_positive,2026091317,cluster,13,positive,pre_round_stress,COVERAGE_ORDER,2267.381063,2267.381063,0.0,0.0,True,True
dispatch_development_cluster_2026091317_smooth,2026091317,cluster,13,smooth,pre_round_stress,COVERAGE_ORDER,2486.693204,2276.683171,-210.01003300000002,-8.445353558781832,True,True
dispatch_development_cluster_2026091317_spatial_hash,2026091317,cluster,13,spatial_hash,pre_round_stress,COVERAGE_ORDER,2526.475948,2270.3561,-256.1198479999998,-10.137434643015242,True,True
dispatch_development_cluster_2026091318_negative,2026091318,cluster,14,negative,pre_round_stress,COVERAGE_ORDER,1948.027665,1948.027665,0.0,0.0,True,True
dispatch_development_cluster_2026091318_positive,2026091318,cluster,14,positive,pre_round_stress,COVERAGE_ORDER,1922.082143,1922.082143,0.0,0.0,True,True
dispatch_development_cluster_2026091318_smooth,2026091318,cluster,14,smooth,pre_round_stress,COVERAGE_ORDER,1945.030469,1945.030469,0.0,0.0,True,True
dispatch_development_cluster_2026091318_spatial_hash,2026091318,cluster,14,spatial_hash,pre_round_stress,COVERAGE_ORDER,1949.611193,1949.611193,0.0,0.0,True,True
dispatch_development_cluster_2026091319_negative,2026091319,cluster,15,negative,pre_round_stress,COVERAGE_ORDER,2271.912508,2271.912508,0.0,0.0,True,True
dispatch_development_cluster_2026091319_positive,2026091319,cluster,15,positive,pre_round_stress,COVERAGE_ORDER,2219.537046,2219.537046,0.0,0.0,True,True
dispatch_development_cluster_2026091319_smooth,2026091319,cluster,15,smooth,pre_round_stress,COVERAGE_ORDER,2294.431479,2294.431479,0.0,0.0,True,True
dispatch_development_cluster_2026091319_spatial_hash,2026091319,cluster,15,spatial_hash,pre_round_stress,COVERAGE_ORDER,2249.711219,2249.711219,0.0,0.0,True,True
dispatch_development_cluster_2026091320_negative,2026091320,cluster,16,negative,pre_round_stress,COVERAGE_ORDER,1057.592526,1057.592526,0.0,0.0,True,True
dispatch_development_cluster_2026091320_positive,2026091320,cluster,16,positive,pre_round_stress,COVERAGE_ORDER,1042.353432,1042.353432,0.0,0.0,True,True
dispatch_development_cluster_2026091320_smooth,2026091320,cluster,16,smooth,pre_round_stress,COVERAGE_ORDER,960.359821,960.359821,0.0,0.0,True,True
dispatch_development_cluster_2026091320_spatial_hash,2026091320,cluster,16,spatial_hash,pre_round_stress,COVERAGE_ORDER,1026.581858,1026.581858,0.0,0.0,True,True
dispatch_development_min_radius_2026091321_negative,2026091321,min_radius,10,negative,pre_round_stress,COVERAGE_ORDER,3289.700367,3730.270543,440.5701760000002,13.392410458396009,True,True
dispatch_development_min_radius_2026091321_positive,2026091321,min_radius,10,positive,pre_round_stress,COVERAGE_ORDER,3216.313715,3672.589258,456.2755430000002,14.186288510105749,True,True
dispatch_development_min_radius_2026091321_smooth,2026091321,min_radius,10,smooth,pre_round_stress,COVERAGE_ORDER,3274.286877,3720.113413,445.82653600000003,13.615988847271666,True,True
dispatch_development_min_radius_2026091321_spatial_hash,2026091321,min_radius,10,spatial_hash,pre_round_stress,COVERAGE_ORDER,3255.97061,3704.317399,448.3467890000002,13.769988820630052,True,True
dispatch_development_min_radius_2026091322_negative,2026091322,min_radius,11,negative,pre_round_stress,COVERAGE_ORDER,3381.878015,3697.519015,315.6410000000001,9.333305299599925,True,True
dispatch_development_min_radius_2026091322_positive,2026091322,min_radius,11,positive,pre_round_stress,COVERAGE_ORDER,3287.676667,3606.564026,318.88735899999983,9.699474470857371,True,True
dispatch_development_min_radius_2026091322_smooth,2026091322,min_radius,11,smooth,pre_round_stress,COVERAGE_ORDER,3332.598999,3647.069029,314.47002999999995,9.436179693217262,True,True
dispatch_development_min_radius_2026091322_spatial_hash,2026091322,min_radius,11,spatial_hash,pre_round_stress,COVERAGE_ORDER,3306.506779,3623.982209,317.47542999999996,9.601535736031819,True,True
dispatch_development_min_radius_2026091323_negative,2026091323,min_radius,12,negative,pre_round_stress,COVERAGE_ORDER,3459.785339,3459.785339,0.0,0.0,True,True
dispatch_development_min_radius_2026091323_positive,2026091323,min_radius,12,positive,pre_round_stress,COVERAGE_ORDER,3486.00798,3435.729997,-50.27798299999995,-1.4422796301229335,True,True
dispatch_development_min_radius_2026091323_smooth,2026091323,min_radius,12,smooth,pre_round_stress,COVERAGE_ORDER,3501.546796,3452.455214,-49.09158200000002,-1.4019970276016314,True,True
dispatch_development_min_radius_2026091323_spatial_hash,2026091323,min_radius,12,spatial_hash,pre_round_stress,COVERAGE_ORDER,3465.40647,3465.40647,0.0,0.0,True,True
dispatch_development_min_radius_2026091324_negative,2026091324,min_radius,13,negative,pre_round_stress,COVERAGE_ORDER,4124.760113,4724.452044,599.6919309999994,14.538831703447453,True,True
dispatch_development_min_radius_2026091324_positive,2026091324,min_radius,13,positive,pre_round_stress,COVERAGE_ORDER,4176.240381,4722.212517,545.9721360000003,13.073292870877973,True,True
dispatch_development_min_radius_2026091324_smooth,2026091324,min_radius,13,smooth,pre_round_stress,COVERAGE_ORDER,4120.726434,4701.55087,580.8244359999999,14.095195235666068,True,True
dispatch_development_min_radius_2026091324_spatial_hash,2026091324,min_radius,13,spatial_hash,pre_round_stress,COVERAGE_ORDER,4171.698707,4735.803407,564.1047000000008,13.522182200105881,True,True
dispatch_development_min_radius_2026091325_negative,2026091325,min_radius,14,negative,pre_round_stress,COVERAGE_ORDER,3319.655521,3319.655521,0.0,0.0,True,True
dispatch_development_min_radius_2026091325_positive,2026091325,min_radius,14,positive,pre_round_stress,COVERAGE_ORDER,3429.982131,3429.982131,0.0,0.0,True,True
dispatch_development_min_radius_2026091325_smooth,2026091325,min_radius,14,smooth,pre_round_stress,COVERAGE_ORDER,3431.622689,3431.622689,0.0,0.0,True,True
dispatch_development_min_radius_2026091325_spatial_hash,2026091325,min_radius,14,spatial_hash,pre_round_stress,COVERAGE_ORDER,3385.645175,3385.645175,0.0,0.0,True,True
dispatch_development_min_radius_2026091326_negative,2026091326,min_radius,15,negative,pre_round_stress,COVERAGE_ORDER,3916.434906,4427.066966,510.63206000000037,13.038185805608805,True,True
dispatch_development_min_radius_2026091326_positive,2026091326,min_radius,15,positive,pre_round_stress,COVERAGE_ORDER,3843.0276,4373.370579,530.3429790000005,13.800134534552932,True,True
dispatch_development_min_radius_2026091326_smooth,2026091326,min_radius,15,smooth,pre_round_stress,COVERAGE_ORDER,3847.122461,4371.650223,524.5277619999997,13.634288154779895,True,True
dispatch_development_min_radius_2026091326_spatial_hash,2026091326,min_radius,15,spatial_hash,pre_round_stress,COVERAGE_ORDER,3879.825385,4411.739985,531.9146000000001,13.70975616728689,True,True
dispatch_development_min_radius_2026091327_negative,2026091327,min_radius,16,negative,pre_round_stress,COVERAGE_ORDER,3848.111134,3848.111134,0.0,0.0,True,True
dispatch_development_min_radius_2026091327_positive,2026091327,min_radius,16,positive,pre_round_stress,COVERAGE_ORDER,3792.58597,3792.58597,0.0,0.0,True,True
dispatch_development_min_radius_2026091327_smooth,2026091327,min_radius,16,smooth,pre_round_stress,COVERAGE_ORDER,3809.886575,3809.886575,0.0,0.0,True,True
dispatch_development_min_radius_2026091327_spatial_hash,2026091327,min_radius,16,spatial_hash,pre_round_stress,COVERAGE_ORDER,3787.359262,3787.359262,0.0,0.0,True,True
dispatch_development_outer_2026091307_negative,2026091307,outer,10,negative,pre_round_stress,COVERAGE_ORDER,3550.349871,3315.219375,-235.13049599999977,-6.622741547828703,True,True
dispatch_development_outer_2026091307_positive,2026091307,outer,10,positive,pre_round_stress,COVERAGE_ORDER,3570.631169,3313.071769,-257.5594000000001,-7.213273726956593,True,True
dispatch_development_outer_2026091307_smooth,2026091307,outer,10,smooth,pre_round_stress,COVERAGE_ORDER,3563.44455,3329.881294,-233.56325600000037,-6.554423752714222,True,True
dispatch_development_outer_2026091307_spatial_hash,2026091307,outer,10,spatial_hash,pre_round_stress,COVERAGE_ORDER,3575.179805,3344.644398,-230.5354070000003,-6.44821853931904,True,True
dispatch_development_outer_2026091308_negative,2026091308,outer,11,negative,pre_round_stress,COVERAGE_ORDER,2463.753471,2838.796614,375.0431429999999,15.222429817532657,True,True
dispatch_development_outer_2026091308_positive,2026091308,outer,11,positive,pre_round_stress,COVERAGE_ORDER,2470.037847,2852.45984,382.42199299999993,15.482434549109158,True,True
dispatch_development_outer_2026091308_smooth,2026091308,outer,11,smooth,pre_round_stress,COVERAGE_ORDER,2500.220657,2904.732095,404.511438,16.179029513553857,True,True
dispatch_development_outer_2026091308_spatial_hash,2026091308,outer,11,spatial_hash,pre_round_stress,COVERAGE_ORDER,2486.35374,2863.024291,376.67055100000016,15.149515732222408,True,True
dispatch_development_outer_2026091309_negative,2026091309,outer,12,negative,pre_round_stress,COVERAGE_ORDER,3490.333314,3693.161653,202.82833900000014,5.811145261870543,True,True
dispatch_development_outer_2026091309_positive,2026091309,outer,12,positive,pre_round_stress,COVERAGE_ORDER,3557.363542,3580.770377,23.406834999999774,0.6579826527046473,True,True
dispatch_development_outer_2026091309_smooth,2026091309,outer,12,smooth,pre_round_stress,COVERAGE_ORDER,3499.246729,3620.05721,120.81048099999998,3.452471070381624,True,True
dispatch_development_outer_2026091309_spatial_hash,2026091309,outer,12,spatial_hash,pre_round_stress,COVERAGE_ORDER,3514.631513,3734.55007,219.91855699999996,6.25722941897493,True,True
dispatch_development_outer_2026091310_negative,2026091310,outer,13,negative,pre_round_stress,COVERAGE_ORDER,2296.237089,2374.237089,78.0,3.3968617776297894,True,True
dispatch_development_outer_2026091310_positive,2026091310,outer,13,positive,pre_round_stress,COVERAGE_ORDER,2277.020942,2355.020942,78.0,3.4255284420656062,True,True
dispatch_development_outer_2026091310_smooth,2026091310,outer,13,smooth,pre_round_stress,COVERAGE_ORDER,2282.321573,2360.321573,78.0,3.4175727435934,True,True
dispatch_development_outer_2026091310_spatial_hash,2026091310,outer,13,spatial_hash,pre_round_stress,COVERAGE_ORDER,2274.996842,2352.996842,78.0,3.4285761878873,True,True
dispatch_development_outer_2026091311_negative,2026091311,outer,14,negative,pre_round_stress,COVERAGE_ORDER,3730.416234,3542.526528,-187.88970599999993,-5.036695484206922,True,True
dispatch_development_outer_2026091311_positive,2026091311,outer,14,positive,pre_round_stress,COVERAGE_ORDER,3649.015316,3559.976618,-89.03869799999984,-2.4400746582122546,True,True
dispatch_development_outer_2026091311_smooth,2026091311,outer,14,smooth,pre_round_stress,COVERAGE_ORDER,3729.360382,3598.715784,-130.64459799999986,-3.5031368550640596,True,True
dispatch_development_outer_2026091311_spatial_hash,2026091311,outer,14,spatial_hash,pre_round_stress,COVERAGE_ORDER,3727.54899,3564.44701,-163.1019799999999,-4.375582465517103,True,True
dispatch_development_outer_2026091312_negative,2026091312,outer,15,negative,pre_round_stress,COVERAGE_ORDER,2613.280173,2242.703244,-370.5769290000003,-14.180528089898004,True,True
dispatch_development_outer_2026091312_positive,2026091312,outer,15,positive,pre_round_stress,COVERAGE_ORDER,2621.290541,2243.826019,-377.46452199999976,-14.399949799383949,True,True
dispatch_development_outer_2026091312_smooth,2026091312,outer,15,smooth,pre_round_stress,COVERAGE_ORDER,2649.855612,2247.214128,-402.64148399999976,-15.194846171112808,True,True
dispatch_development_outer_2026091312_spatial_hash,2026091312,outer,15,spatial_hash,pre_round_stress,COVERAGE_ORDER,2673.028515,2249.52616,-423.5023550000001,-15.843540486884788,True,True
dispatch_development_outer_2026091313_negative,2026091313,outer,16,negative,pre_round_stress,COVERAGE_ORDER,3913.701268,3654.744607,-258.9566609999997,-6.616669062540204,True,True
dispatch_development_outer_2026091313_positive,2026091313,outer,16,positive,pre_round_stress,COVERAGE_ORDER,3947.676905,3678.480186,-269.19671900000003,-6.819117305649913,True,True
dispatch_development_outer_2026091313_smooth,2026091313,outer,16,smooth,pre_round_stress,COVERAGE_ORDER,3981.396854,3688.186694,-293.2101600000001,-7.364504739220356,True,True
dispatch_development_outer_2026091313_spatial_hash,2026091313,outer,16,spatial_hash,pre_round_stress,COVERAGE_ORDER,3900.064825,3636.172226,-263.8925989999998,-6.766364428314342,True,True
dispatch_development_radial_2026091328_negative,2026091328,radial,10,negative,pre_round_stress,COVERAGE_ORDER,2969.712318,3037.386335,67.67401700000028,2.278807162222929,True,True
dispatch_development_radial_2026091328_positive,2026091328,radial,10,positive,pre_round_stress,COVERAGE_ORDER,2818.969971,3023.351185,204.381214,7.250208980675943,True,True
dispatch_development_radial_2026091328_smooth,2026091328,radial,10,smooth,pre_round_stress,COVERAGE_ORDER,2871.933708,2805.085462,-66.84824600000002,-2.327638894093864,True,True
dispatch_development_radial_2026091328_spatial_hash,2026091328,radial,10,spatial_hash,pre_round_stress,COVERAGE_ORDER,2796.855461,2834.966123,38.11066200000005,1.362625367360737,True,True
dispatch_development_radial_2026091329_negative,2026091329,radial,11,negative,pre_round_stress,COVERAGE_ORDER,2496.397279,2496.397279,0.0,0.0,True,True
dispatch_development_radial_2026091329_positive,2026091329,radial,11,positive,pre_round_stress,COVERAGE_ORDER,2488.485805,2488.485805,0.0,0.0,True,True
dispatch_development_radial_2026091329_smooth,2026091329,radial,11,smooth,pre_round_stress,COVERAGE_ORDER,2536.076704,2708.382557,172.30585299999984,6.794189336948375,True,True
dispatch_development_radial_2026091329_spatial_hash,2026091329,radial,11,spatial_hash,pre_round_stress,COVERAGE_ORDER,2496.899004,2496.899004,0.0,0.0,True,True
dispatch_development_radial_2026091330_negative,2026091330,radial,12,negative,pre_round_stress,COVERAGE_ORDER,2450.950928,2450.950928,0.0,0.0,True,True
dispatch_development_radial_2026091330_positive,2026091330,radial,12,positive,pre_round_stress,COVERAGE_ORDER,2506.353304,2506.353304,0.0,0.0,True,True
dispatch_development_radial_2026091330_smooth,2026091330,radial,12,smooth,pre_round_stress,COVERAGE_ORDER,2464.930223,2464.930223,0.0,0.0,True,True
dispatch_development_radial_2026091330_spatial_hash,2026091330,radial,12,spatial_hash,pre_round_stress,COVERAGE_ORDER,2444.825497,2444.825497,0.0,0.0,True,True
dispatch_development_radial_2026091331_negative,2026091331,radial,13,negative,pre_round_stress,COVERAGE_ORDER,2677.811016,2846.497078,168.68606199999977,6.29940130173845,True,True
dispatch_development_radial_2026091331_positive,2026091331,radial,13,positive,pre_round_stress,COVERAGE_ORDER,2617.527349,2890.178666,272.65131699999984,10.416369368754207,True,True
dispatch_development_radial_2026091331_smooth,2026091331,radial,13,smooth,pre_round_stress,COVERAGE_ORDER,2713.552053,3068.31964,354.7675870000003,13.073918615557156,True,True
dispatch_development_radial_2026091331_spatial_hash,2026091331,radial,13,spatial_hash,pre_round_stress,COVERAGE_ORDER,2626.491412,3058.806734,432.3153219999999,16.459803372088857,True,True
dispatch_development_radial_2026091332_negative,2026091332,radial,14,negative,pre_round_stress,COVERAGE_ORDER,2517.5711,2845.744571,328.17347100000006,13.035320869388745,True,True
dispatch_development_radial_2026091332_positive,2026091332,radial,14,positive,pre_round_stress,COVERAGE_ORDER,2846.559601,2846.559601,0.0,0.0,True,True
dispatch_development_radial_2026091332_smooth,2026091332,radial,14,smooth,pre_round_stress,COVERAGE_ORDER,2878.240903,2850.574415,-27.666487999999845,-0.9612290608184693,True,True
dispatch_development_radial_2026091332_spatial_hash,2026091332,radial,14,spatial_hash,pre_round_stress,COVERAGE_ORDER,2562.979481,2832.198306,269.2188249999999,10.504135011449979,True,True
dispatch_development_radial_2026091333_negative,2026091333,radial,15,negative,pre_round_stress,COVERAGE_ORDER,2434.174534,2434.174534,0.0,0.0,True,True
dispatch_development_radial_2026091333_positive,2026091333,radial,15,positive,pre_round_stress,COVERAGE_ORDER,2465.982149,2465.982149,0.0,0.0,True,True
dispatch_development_radial_2026091333_smooth,2026091333,radial,15,smooth,pre_round_stress,COVERAGE_ORDER,2483.340195,2483.340195,0.0,0.0,True,True
dispatch_development_radial_2026091333_spatial_hash,2026091333,radial,15,spatial_hash,pre_round_stress,COVERAGE_ORDER,2543.111503,2749.698973,206.58746999999994,8.123413769168097,True,True
dispatch_development_radial_2026091334_negative,2026091334,radial,16,negative,pre_round_stress,COVERAGE_ORDER,2012.864187,2012.864187,0.0,0.0,True,True
dispatch_development_radial_2026091334_positive,2026091334,radial,16,positive,pre_round_stress,COVERAGE_ORDER,2857.605351,2020.605351,-837.0000000000002,-29.290258702346616,True,True
dispatch_development_radial_2026091334_smooth,2026091334,radial,16,smooth,pre_round_stress,COVERAGE_ORDER,2678.71406,2105.349359,-573.364701,-21.40447573564459,True,True
dispatch_development_radial_2026091334_spatial_hash,2026091334,radial,16,spatial_hash,pre_round_stress,COVERAGE_ORDER,1820.653163,2099.653163,279.0,15.324170779473167,True,True
dispatch_development_reception_edge_2026091335_negative,2026091335,reception_edge,10,negative,pre_round_stress,COVERAGE_ORDER,3549.54361,3549.54361,0.0,0.0,True,True
dispatch_development_reception_edge_2026091335_positive,2026091335,reception_edge,10,positive,pre_round_stress,COVERAGE_ORDER,3578.345218,3578.345218,0.0,0.0,True,True
dispatch_development_reception_edge_2026091335_smooth,2026091335,reception_edge,10,smooth,pre_round_stress,COVERAGE_ORDER,3594.296047,3594.296047,0.0,0.0,True,True
dispatch_development_reception_edge_2026091335_spatial_hash,2026091335,reception_edge,10,spatial_hash,pre_round_stress,COVERAGE_ORDER,3568.151988,3568.151988,0.0,0.0,True,True
dispatch_development_reception_edge_2026091336_negative,2026091336,reception_edge,11,negative,pre_round_stress,COVERAGE_ORDER,3056.606656,3056.606656,0.0,0.0,True,True
dispatch_development_reception_edge_2026091336_positive,2026091336,reception_edge,11,positive,pre_round_stress,COVERAGE_ORDER,3044.541771,3044.541771,0.0,0.0,True,True
dispatch_development_reception_edge_2026091336_smooth,2026091336,reception_edge,11,smooth,pre_round_stress,COVERAGE_ORDER,3018.505421,3018.505421,0.0,0.0,True,True
dispatch_development_reception_edge_2026091336_spatial_hash,2026091336,reception_edge,11,spatial_hash,pre_round_stress,COVERAGE_ORDER,3067.356765,3067.356765,0.0,0.0,True,True
dispatch_development_reception_edge_2026091337_negative,2026091337,reception_edge,12,negative,pre_round_stress,COVERAGE_ORDER,3590.616746,3590.616746,0.0,0.0,True,True
dispatch_development_reception_edge_2026091337_positive,2026091337,reception_edge,12,positive,pre_round_stress,COVERAGE_ORDER,3931.54251,3931.54251,0.0,0.0,True,True
dispatch_development_reception_edge_2026091337_smooth,2026091337,reception_edge,12,smooth,pre_round_stress,COVERAGE_ORDER,3911.731192,3911.731192,0.0,0.0,True,True
dispatch_development_reception_edge_2026091337_spatial_hash,2026091337,reception_edge,12,spatial_hash,pre_round_stress,COVERAGE_ORDER,3627.563015,3627.563015,0.0,0.0,True,True
dispatch_development_reception_edge_2026091338_negative,2026091338,reception_edge,13,negative,pre_round_stress,COVERAGE_ORDER,3940.708457,3940.708457,0.0,0.0,True,True
dispatch_development_reception_edge_2026091338_positive,2026091338,reception_edge,13,positive,pre_round_stress,COVERAGE_ORDER,3951.716033,3951.716033,0.0,0.0,True,True
dispatch_development_reception_edge_2026091338_smooth,2026091338,reception_edge,13,smooth,pre_round_stress,COVERAGE_ORDER,3977.307525,3977.307525,0.0,0.0,True,True
dispatch_development_reception_edge_2026091338_spatial_hash,2026091338,reception_edge,13,spatial_hash,pre_round_stress,COVERAGE_ORDER,3930.673356,3930.673356,0.0,0.0,True,True
dispatch_development_reception_edge_2026091339_negative,2026091339,reception_edge,14,negative,pre_round_stress,COVERAGE_ORDER,3772.190371,3772.190371,0.0,0.0,True,True
dispatch_development_reception_edge_2026091339_positive,2026091339,reception_edge,14,positive,pre_round_stress,COVERAGE_ORDER,3912.333917,3912.333917,0.0,0.0,True,True
dispatch_development_reception_edge_2026091339_smooth,2026091339,reception_edge,14,smooth,pre_round_stress,COVERAGE_ORDER,3889.557319,3889.557319,0.0,0.0,True,True
dispatch_development_reception_edge_2026091339_spatial_hash,2026091339,reception_edge,14,spatial_hash,pre_round_stress,COVERAGE_ORDER,3923.446386,3923.446386,0.0,0.0,True,True
dispatch_development_reception_edge_2026091340_negative,2026091340,reception_edge,15,negative,pre_round_stress,COVERAGE_ORDER,4207.646354,4207.646354,0.0,0.0,True,True
dispatch_development_reception_edge_2026091340_positive,2026091340,reception_edge,15,positive,pre_round_stress,COVERAGE_ORDER,4205.139428,4205.139428,0.0,0.0,True,True
dispatch_development_reception_edge_2026091340_smooth,2026091340,reception_edge,15,smooth,pre_round_stress,COVERAGE_ORDER,4211.07549,4211.07549,0.0,0.0,True,True
dispatch_development_reception_edge_2026091340_spatial_hash,2026091340,reception_edge,15,spatial_hash,pre_round_stress,COVERAGE_ORDER,4202.863157,4202.863157,0.0,0.0,True,True
dispatch_development_reception_edge_2026091341_negative,2026091341,reception_edge,16,negative,pre_round_stress,COVERAGE_ORDER,4070.263315,4070.263315,0.0,0.0,True,True
dispatch_development_reception_edge_2026091341_positive,2026091341,reception_edge,16,positive,pre_round_stress,COVERAGE_ORDER,3938.304679,3938.304679,0.0,0.0,True,True
dispatch_development_reception_edge_2026091341_smooth,2026091341,reception_edge,16,smooth,pre_round_stress,COVERAGE_ORDER,4027.783268,4027.783268,0.0,0.0,True,True
dispatch_development_reception_edge_2026091341_spatial_hash,2026091341,reception_edge,16,spatial_hash,pre_round_stress,COVERAGE_ORDER,4010.982083,4010.982083,0.0,0.0,True,True
dispatch_development_uniform_2026091300_negative,2026091300,uniform,10,negative,pre_round_stress,COVERAGE_ORDER,3156.039177,3156.039177,0.0,0.0,True,True
dispatch_development_uniform_2026091300_positive,2026091300,uniform,10,positive,pre_round_stress,COVERAGE_ORDER,3171.143463,3171.143463,0.0,0.0,True,True
dispatch_development_uniform_2026091300_smooth,2026091300,uniform,10,smooth,pre_round_stress,COVERAGE_ORDER,3218.724698,3218.724698,0.0,0.0,True,True
dispatch_development_uniform_2026091300_spatial_hash,2026091300,uniform,10,spatial_hash,pre_round_stress,COVERAGE_ORDER,3174.491753,3174.491753,0.0,0.0,True,True
dispatch_development_uniform_2026091301_negative,2026091301,uniform,11,negative,pre_round_stress,COVERAGE_ORDER,3723.377248,3723.377248,0.0,0.0,True,True
dispatch_development_uniform_2026091301_positive,2026091301,uniform,11,positive,pre_round_stress,COVERAGE_ORDER,3583.434597,3583.434597,0.0,0.0,True,True
dispatch_development_uniform_2026091301_smooth,2026091301,uniform,11,smooth,pre_round_stress,COVERAGE_ORDER,3739.757401,3739.757401,0.0,0.0,True,True
dispatch_development_uniform_2026091301_spatial_hash,2026091301,uniform,11,spatial_hash,pre_round_stress,COVERAGE_ORDER,3422.535735,3422.535735,0.0,0.0,True,True
dispatch_development_uniform_2026091302_negative,2026091302,uniform,12,negative,pre_round_stress,COVERAGE_ORDER,3094.509872,3094.509872,0.0,0.0,True,True
dispatch_development_uniform_2026091302_positive,2026091302,uniform,12,positive,pre_round_stress,COVERAGE_ORDER,2898.887133,2898.887133,0.0,0.0,True,True
dispatch_development_uniform_2026091302_smooth,2026091302,uniform,12,smooth,pre_round_stress,COVERAGE_ORDER,2905.445945,2905.445945,0.0,0.0,True,True
dispatch_development_uniform_2026091302_spatial_hash,2026091302,uniform,12,spatial_hash,pre_round_stress,COVERAGE_ORDER,3061.054645,3061.054645,0.0,0.0,True,True
dispatch_development_uniform_2026091303_negative,2026091303,uniform,13,negative,pre_round_stress,COVERAGE_ORDER,3197.466136,3400.452673,202.98653699999977,6.348356115944176,True,True
dispatch_development_uniform_2026091303_positive,2026091303,uniform,13,positive,pre_round_stress,COVERAGE_ORDER,3234.431018,3234.431018,0.0,0.0,True,True
dispatch_development_uniform_2026091303_smooth,2026091303,uniform,13,smooth,pre_round_stress,COVERAGE_ORDER,3252.867678,3252.867678,0.0,0.0,True,True
dispatch_development_uniform_2026091303_spatial_hash,2026091303,uniform,13,spatial_hash,pre_round_stress,COVERAGE_ORDER,3189.318307,3396.842491,207.52418399999988,6.506850807099451,True,True
dispatch_development_uniform_2026091304_negative,2026091304,uniform,14,negative,pre_round_stress,COVERAGE_ORDER,3380.771738,3380.771738,0.0,0.0,True,True
dispatch_development_uniform_2026091304_positive,2026091304,uniform,14,positive,pre_round_stress,COVERAGE_ORDER,3511.271918,3511.271918,0.0,0.0,True,True
dispatch_development_uniform_2026091304_smooth,2026091304,uniform,14,smooth,pre_round_stress,COVERAGE_ORDER,3466.657513,3466.657513,0.0,0.0,True,True
dispatch_development_uniform_2026091304_spatial_hash,2026091304,uniform,14,spatial_hash,pre_round_stress,COVERAGE_ORDER,3449.560056,3449.560056,0.0,0.0,True,True
dispatch_development_uniform_2026091305_negative,2026091305,uniform,15,negative,pre_round_stress,COVERAGE_ORDER,3628.673934,3634.497108,5.823174000000108,0.1604766398390911,True,True
dispatch_development_uniform_2026091305_positive,2026091305,uniform,15,positive,pre_round_stress,COVERAGE_ORDER,3430.605874,3430.605874,0.0,0.0,True,True
dispatch_development_uniform_2026091305_smooth,2026091305,uniform,15,smooth,pre_round_stress,COVERAGE_ORDER,3453.401893,3453.401893,0.0,0.0,True,True
dispatch_development_uniform_2026091305_spatial_hash,2026091305,uniform,15,spatial_hash,pre_round_stress,COVERAGE_ORDER,3593.188085,3578.450471,-14.737613999999667,-0.41015425998774946,True,True
dispatch_development_uniform_2026091306_negative,2026091306,uniform,16,negative,pre_round_stress,COVERAGE_ORDER,3967.267701,3967.267701,0.0,0.0,True,True
dispatch_development_uniform_2026091306_positive,2026091306,uniform,16,positive,pre_round_stress,COVERAGE_ORDER,3811.594716,3811.594716,0.0,0.0,True,True
dispatch_development_uniform_2026091306_smooth,2026091306,uniform,16,smooth,pre_round_stress,COVERAGE_ORDER,3935.196314,3935.196314,0.0,0.0,True,True
dispatch_development_uniform_2026091306_spatial_hash,2026091306,uniform,16,spatial_hash,pre_round_stress,COVERAGE_ORDER,4157.072183,4646.563464,489.4912809999996,11.774904535017061,True,True
dispatch_development_cluster_2026091314_negative,2026091314,cluster,10,negative,bounded,COVERAGE_PRIORITY,2117.559119,2452.569319,335.01020000000017,15.820583094662588,True,True
dispatch_development_cluster_2026091314_positive,2026091314,cluster,10,positive,bounded,COVERAGE_PRIORITY,2103.266382,2415.186897,311.92051500000025,14.8302905266519,True,True
dispatch_development_cluster_2026091314_smooth,2026091314,cluster,10,smooth,bounded,COVERAGE_PRIORITY,2074.797142,2438.376102,363.5789600000003,17.52359074726353,True,True
dispatch_development_cluster_2026091314_spatial_hash,2026091314,cluster,10,spatial_hash,bounded,COVERAGE_PRIORITY,2091.245364,2431.901277,340.65591300000006,16.28961951879311,True,True
dispatch_development_cluster_2026091315_negative,2026091315,cluster,11,negative,bounded,COVERAGE_PRIORITY,2389.059309,2400.571949,11.51263999999992,0.48189008772741015,True,True
dispatch_development_cluster_2026091315_positive,2026091315,cluster,11,positive,bounded,COVERAGE_PRIORITY,2173.706601,2662.007968,488.301367,22.463996142596244,True,True
dispatch_development_cluster_2026091315_smooth,2026091315,cluster,11,smooth,bounded,COVERAGE_PRIORITY,2344.290144,2387.551154,43.26101000000017,1.845377804907078,True,True
dispatch_development_cluster_2026091315_spatial_hash,2026091315,cluster,11,spatial_hash,bounded,COVERAGE_PRIORITY,2143.954058,2382.453075,238.4990170000001,11.124259687844496,True,True
dispatch_development_cluster_2026091316_negative,2026091316,cluster,12,negative,bounded,COVERAGE_PRIORITY,2420.546752,2568.828109,148.28135699999984,6.125944763408553,True,True
dispatch_development_cluster_2026091316_positive,2026091316,cluster,12,positive,bounded,COVERAGE_PRIORITY,2350.254346,2722.457266,372.2029199999997,15.83670808367903,True,True
dispatch_development_cluster_2026091316_smooth,2026091316,cluster,12,smooth,bounded,COVERAGE_PRIORITY,2234.460985,2631.394568,396.933583,17.76417604355709,True,True
dispatch_development_cluster_2026091316_spatial_hash,2026091316,cluster,12,spatial_hash,bounded,COVERAGE_PRIORITY,2262.106806,2580.811442,318.7046360000004,14.088841214511616,True,True
dispatch_development_cluster_2026091317_negative,2026091317,cluster,13,negative,bounded,COVERAGE_PRIORITY,2492.968582,2604.55764,111.58905800000002,4.4761517977285115,True,True
dispatch_development_cluster_2026091317_positive,2026091317,cluster,13,positive,bounded,COVERAGE_PRIORITY,2521.063987,2642.537823,121.47383600000012,4.818355925370654,True,True
dispatch_development_cluster_2026091317_smooth,2026091317,cluster,13,smooth,bounded,COVERAGE_PRIORITY,2486.693204,2601.688921,114.99571699999979,4.62444328938616,True,True
dispatch_development_cluster_2026091317_spatial_hash,2026091317,cluster,13,spatial_hash,bounded,COVERAGE_PRIORITY,2526.475948,2618.214779,91.73883100000012,3.63109852965835,True,True
dispatch_development_cluster_2026091318_negative,2026091318,cluster,14,negative,bounded,COVERAGE_PRIORITY,1947.969347,1946.748915,-1.2204320000000735,-0.06265149920759994,True,True
dispatch_development_cluster_2026091318_positive,2026091318,cluster,14,positive,bounded,COVERAGE_PRIORITY,1922.047939,1941.988883,19.940943999999945,1.0374842164641684,True,True
dispatch_development_cluster_2026091318_smooth,2026091318,cluster,14,smooth,bounded,COVERAGE_PRIORITY,1945.030469,1946.674777,1.64430799999991,0.08453893274202873,True,True
dispatch_development_cluster_2026091318_spatial_hash,2026091318,cluster,14,spatial_hash,bounded,COVERAGE_PRIORITY,1949.611193,1953.331239,3.7200460000001385,0.1908096349342303,True,True
dispatch_development_cluster_2026091319_negative,2026091319,cluster,15,negative,bounded,COVERAGE_PRIORITY,2271.63164,2273.862948,2.231307999999899,0.0982249041046046,True,True
dispatch_development_cluster_2026091319_positive,2026091319,cluster,15,positive,bounded,COVERAGE_PRIORITY,2219.447558,2290.719968,71.27241000000004,3.211268035737036,True,True
dispatch_development_cluster_2026091319_smooth,2026091319,cluster,15,smooth,bounded,COVERAGE_PRIORITY,2294.436687,2331.650546,37.21385899999996,1.6219170139167183,True,True
dispatch_development_cluster_2026091319_spatial_hash,2026091319,cluster,15,spatial_hash,bounded,COVERAGE_PRIORITY,2249.711219,2413.964758,164.25353900000027,7.301094363258365,True,True
dispatch_development_cluster_2026091320_negative,2026091320,cluster,16,negative,bounded,COVERAGE_PRIORITY,1057.408694,1057.408694,0.0,0.0,True,True
dispatch_development_cluster_2026091320_positive,2026091320,cluster,16,positive,bounded,COVERAGE_PRIORITY,1042.350538,1042.350538,0.0,0.0,True,True
dispatch_development_cluster_2026091320_smooth,2026091320,cluster,16,smooth,bounded,COVERAGE_PRIORITY,960.362381,960.362381,0.0,0.0,True,True
dispatch_development_cluster_2026091320_spatial_hash,2026091320,cluster,16,spatial_hash,bounded,COVERAGE_PRIORITY,1026.581858,1026.581858,0.0,0.0,True,True
dispatch_development_min_radius_2026091321_negative,2026091321,min_radius,10,negative,bounded,COVERAGE_PRIORITY,3289.570746,3822.938117,533.3673710000003,16.21388965866004,True,True
dispatch_development_min_radius_2026091321_positive,2026091321,min_radius,10,positive,bounded,COVERAGE_PRIORITY,3216.437047,3820.205348,603.7683010000001,18.771338974693762,True,True
dispatch_development_min_radius_2026091321_smooth,2026091321,min_radius,10,smooth,bounded,COVERAGE_PRIORITY,3274.410576,3816.283385,541.872809,16.548713010264837,True,True
dispatch_development_min_radius_2026091321_spatial_hash,2026091321,min_radius,10,spatial_hash,bounded,COVERAGE_PRIORITY,3255.97061,3815.116183,559.1455730000002,17.172930593498204,True,True
dispatch_development_min_radius_2026091322_negative,2026091322,min_radius,11,negative,bounded,COVERAGE_PRIORITY,3381.5369,3948.295824,566.7589239999998,16.760394482165776,True,True
dispatch_development_min_radius_2026091322_positive,2026091322,min_radius,11,positive,bounded,COVERAGE_PRIORITY,3287.74129,3952.532755,664.7914650000002,20.22030951833196,True,True
dispatch_development_min_radius_2026091322_smooth,2026091322,min_radius,11,smooth,bounded,COVERAGE_PRIORITY,3332.533794,3929.610358,597.076564,17.91659442658904,True,True
dispatch_development_min_radius_2026091322_spatial_hash,2026091322,min_radius,11,spatial_hash,bounded,COVERAGE_PRIORITY,3306.61828,3938.081433,631.4631529999997,19.09694738033081,True,True
dispatch_development_min_radius_2026091323_negative,2026091323,min_radius,12,negative,bounded,COVERAGE_PRIORITY,3591.413651,4144.435965,553.0223139999998,15.398457758994578,True,True
dispatch_development_min_radius_2026091323_positive,2026091323,min_radius,12,positive,bounded,COVERAGE_PRIORITY,3486.139701,4132.278775,646.1390739999997,18.534514661436386,True,True
dispatch_development_min_radius_2026091323_smooth,2026091323,min_radius,12,smooth,bounded,COVERAGE_PRIORITY,3501.546796,4165.968386,664.4215899999995,18.975088117028815,True,True
dispatch_development_min_radius_2026091323_spatial_hash,2026091323,min_radius,12,spatial_hash,bounded,COVERAGE_PRIORITY,3465.40647,4162.060075,696.6536050000004,20.103084905938907,True,True
dispatch_development_min_radius_2026091324_negative,2026091324,min_radius,13,negative,bounded,COVERAGE_PRIORITY,4124.705997,4668.592763,543.8867659999996,13.186073538225074,True,True
dispatch_development_min_radius_2026091324_positive,2026091324,min_radius,13,positive,bounded,COVERAGE_PRIORITY,4176.069137,4648.722511,472.65337399999953,11.318140540641132,True,True
dispatch_development_min_radius_2026091324_smooth,2026091324,min_radius,13,smooth,bounded,COVERAGE_PRIORITY,4120.76063,4659.027385,538.2667550000006,13.062315512366961,True,True
dispatch_development_min_radius_2026091324_spatial_hash,2026091324,min_radius,13,spatial_hash,bounded,COVERAGE_PRIORITY,4171.698707,4658.550821,486.85211400000026,11.670356566812345,True,True
dispatch_development_min_radius_2026091325_negative,2026091325,min_radius,14,negative,bounded,COVERAGE_PRIORITY,3319.663532,4001.586848,681.9233159999999,20.5419407547355,True,True
dispatch_development_min_radius_2026091325_positive,2026091325,min_radius,14,positive,bounded,COVERAGE_PRIORITY,3429.445466,3980.906118,551.4606519999998,16.080169737855798,True,True
dispatch_development_min_radius_2026091325_smooth,2026091325,min_radius,14,smooth,bounded,COVERAGE_PRIORITY,3431.624371,3980.447582,548.8232109999999,15.993102731114739,True,True
dispatch_development_min_radius_2026091325_spatial_hash,2026091325,min_radius,14,spatial_hash,bounded,COVERAGE_PRIORITY,3385.645175,4033.750104,648.1049290000001,19.142730425080657,True,True
dispatch_development_min_radius_2026091326_negative,2026091326,min_radius,15,negative,bounded,COVERAGE_PRIORITY,3916.261661,4617.15246,700.8907990000002,17.896934874903913,True,True
dispatch_development_min_radius_2026091326_positive,2026091326,min_radius,15,positive,bounded,COVERAGE_PRIORITY,3843.229319,4493.907211,650.6778919999997,16.930498754867564,True,True
dispatch_development_min_radius_2026091326_smooth,2026091326,min_radius,15,smooth,bounded,COVERAGE_PRIORITY,3847.122461,4598.642178,751.5197170000001,19.534593052820416,True,True
dispatch_development_min_radius_2026091326_spatial_hash,2026091326,min_radius,15,spatial_hash,bounded,COVERAGE_PRIORITY,3879.825385,4602.10799,722.2826050000003,18.616368865270474,True,True
dispatch_development_min_radius_2026091327_negative,2026091327,min_radius,16,negative,bounded,COVERAGE_PRIORITY,3848.031747,4212.205549,364.17380200000025,9.463898063832698,True,True
dispatch_development_min_radius_2026091327_positive,2026091327,min_radius,16,positive,bounded,COVERAGE_PRIORITY,3792.731434,3428.236158,-364.49527599999965,-9.61036346345212,True,True
dispatch_development_min_radius_2026091327_smooth,2026091327,min_radius,16,smooth,bounded,COVERAGE_PRIORITY,3809.876043,3563.176229,-246.69981400000006,-6.475271405568927,True,True
dispatch_development_min_radius_2026091327_spatial_hash,2026091327,min_radius,16,spatial_hash,bounded,COVERAGE_PRIORITY,3787.359262,4184.819384,397.4601220000004,10.494386576627868,True,True
dispatch_development_outer_2026091307_negative,2026091307,outer,10,negative,bounded,COVERAGE_PRIORITY,3550.300633,4174.003404,623.7027710000002,17.56760442207881,True,True
dispatch_development_outer_2026091307_positive,2026091307,outer,10,positive,bounded,COVERAGE_PRIORITY,3570.237987,4173.936365,603.6983779999996,16.90919149362575,True,True
dispatch_development_outer_2026091307_smooth,2026091307,outer,10,smooth,bounded,COVERAGE_PRIORITY,3563.44455,4190.309819,626.8652689999999,17.591553908142043,True,True
dispatch_development_outer_2026091307_spatial_hash,2026091307,outer,10,spatial_hash,bounded,COVERAGE_PRIORITY,3575.179805,4179.112855,603.9330500000001,16.8923825636792,True,True
dispatch_development_outer_2026091308_negative,2026091308,outer,11,negative,bounded,COVERAGE_PRIORITY,2463.823071,3175.994445,712.171374,28.905134560289227,True,True
dispatch_development_outer_2026091308_positive,2026091308,outer,11,positive,bounded,COVERAGE_PRIORITY,2469.935892,3150.915356,680.979464,27.570734374347893,True,True
dispatch_development_outer_2026091308_smooth,2026091308,outer,11,smooth,bounded,COVERAGE_PRIORITY,2500.267471,3204.81162,704.5441489999998,28.178751160499328,True,True
dispatch_development_outer_2026091308_spatial_hash,2026091308,outer,11,spatial_hash,bounded,COVERAGE_PRIORITY,2486.35374,3161.520788,675.1670479999998,27.15490708896473,True,True
dispatch_development_outer_2026091309_negative,2026091309,outer,12,negative,bounded,COVERAGE_PRIORITY,3490.137784,4365.769945,875.632161,25.08875623805458,True,True
dispatch_development_outer_2026091309_positive,2026091309,outer,12,positive,bounded,COVERAGE_PRIORITY,3557.365423,4329.841118,772.4756950000001,21.714825528060455,True,True
dispatch_development_outer_2026091309_smooth,2026091309,outer,12,smooth,bounded,COVERAGE_PRIORITY,3499.246729,4367.751679,868.50495,24.819768860602686,True,True
dispatch_development_outer_2026091309_spatial_hash,2026091309,outer,12,spatial_hash,bounded,COVERAGE_PRIORITY,3514.631513,4358.870804,844.2392910000003,24.020705666506114,True,True
dispatch_development_outer_2026091310_negative,2026091310,outer,13,negative,bounded,COVERAGE_PRIORITY,2296.26251,2413.789533,117.5270230000001,5.1181875978108415,True,True
dispatch_development_outer_2026091310_positive,2026091310,outer,13,positive,bounded,COVERAGE_PRIORITY,2276.989919,2372.319789,95.32987000000003,4.1866619261040405,True,True
dispatch_development_outer_2026091310_smooth,2026091310,outer,13,smooth,bounded,COVERAGE_PRIORITY,2282.330133,2396.642267,114.31213400000024,5.008571387073757,True,True
dispatch_development_outer_2026091310_spatial_hash,2026091310,outer,13,spatial_hash,bounded,COVERAGE_PRIORITY,2274.996842,2370.925736,95.92889400000013,4.216660534599548,True,True
dispatch_development_outer_2026091311_negative,2026091311,outer,14,negative,bounded,COVERAGE_PRIORITY,3722.404984,4301.903964,579.4989800000003,15.56786492847657,True,True
dispatch_development_outer_2026091311_positive,2026091311,outer,14,positive,bounded,COVERAGE_PRIORITY,3648.855935,4289.520169,640.6642340000003,17.557948173692427,True,True
dispatch_development_outer_2026091311_smooth,2026091311,outer,14,smooth,bounded,COVERAGE_PRIORITY,3729.360382,4301.50276,572.1423780000005,15.341568510286185,True,True
dispatch_development_outer_2026091311_spatial_hash,2026091311,outer,14,spatial_hash,bounded,COVERAGE_PRIORITY,3727.54899,4327.3351,599.7861100000005,16.090629837704707,True,True
dispatch_development_outer_2026091312_negative,2026091312,outer,15,negative,bounded,COVERAGE_PRIORITY,2613.224342,2267.159765,-346.0645770000001,-13.24281928030503,True,True
dispatch_development_outer_2026091312_positive,2026091312,outer,15,positive,bounded,COVERAGE_PRIORITY,2621.262597,2250.910771,-370.3518260000001,-14.128757127342483,True,True
dispatch_development_outer_2026091312_smooth,2026091312,outer,15,smooth,bounded,COVERAGE_PRIORITY,2649.832806,2298.475963,-351.356843,-13.259585367213544,True,True
dispatch_development_outer_2026091312_spatial_hash,2026091312,outer,15,spatial_hash,bounded,COVERAGE_PRIORITY,2673.028515,2319.747848,-353.280667,-13.216494512405152,True,True
dispatch_development_outer_2026091313_negative,2026091313,outer,16,negative,bounded,COVERAGE_PRIORITY,3913.776992,4559.478571,645.7015789999996,16.4981699345633,True,True
dispatch_development_outer_2026091313_positive,2026091313,outer,16,positive,bounded,COVERAGE_PRIORITY,3948.108987,4617.5951,669.4861129999995,16.95713353416601,True,True
dispatch_development_outer_2026091313_smooth,2026091313,outer,16,smooth,bounded,COVERAGE_PRIORITY,3981.396854,4606.711114,625.3142599999996,15.705901293707104,True,True
dispatch_development_outer_2026091313_spatial_hash,2026091313,outer,16,spatial_hash,bounded,COVERAGE_PRIORITY,3900.064825,4636.631652,736.5668270000001,18.886014977969,True,True
dispatch_development_radial_2026091328_negative,2026091328,radial,10,negative,bounded,COVERAGE_PRIORITY,2834.369393,2890.940283,56.57088999999996,1.995889813787577,True,True
dispatch_development_radial_2026091328_positive,2026091328,radial,10,positive,bounded,COVERAGE_PRIORITY,2981.274825,2848.54463,-132.7301950000001,-4.4521287969484735,True,True
dispatch_development_radial_2026091328_smooth,2026091328,radial,10,smooth,bounded,COVERAGE_PRIORITY,2871.895562,2789.685067,-82.21049500000026,-2.862586512120535,True,True
dispatch_development_radial_2026091328_spatial_hash,2026091328,radial,10,spatial_hash,bounded,COVERAGE_PRIORITY,2796.855461,2831.03448,34.1790189999997,1.2220516746968002,True,True
dispatch_development_radial_2026091329_negative,2026091329,radial,11,negative,bounded,COVERAGE_PRIORITY,2496.202771,2748.967793,252.7650219999996,10.125981147706998,True,True
dispatch_development_radial_2026091329_positive,2026091329,radial,11,positive,bounded,COVERAGE_PRIORITY,2488.521843,2720.911107,232.3892639999999,9.338445818898112,True,True
dispatch_development_radial_2026091329_smooth,2026091329,radial,11,smooth,bounded,COVERAGE_PRIORITY,2536.076704,2728.381582,192.30487799999992,7.582770572226338,True,True
dispatch_development_radial_2026091329_spatial_hash,2026091329,radial,11,spatial_hash,bounded,COVERAGE_PRIORITY,2496.899004,2703.618298,206.719294,8.27904106929589,True,True
dispatch_development_radial_2026091330_negative,2026091330,radial,12,negative,bounded,COVERAGE_PRIORITY,2450.979019,2980.481068,529.5020490000002,21.603695702627324,True,True
dispatch_development_radial_2026091330_positive,2026091330,radial,12,positive,bounded,COVERAGE_PRIORITY,2506.072129,3007.556467,501.48433799999975,20.01077032847045,True,True
dispatch_development_radial_2026091330_smooth,2026091330,radial,12,smooth,bounded,COVERAGE_PRIORITY,2464.931869,2987.216744,522.2848749999998,21.188613022877824,True,True
dispatch_development_radial_2026091330_spatial_hash,2026091330,radial,12,spatial_hash,bounded,COVERAGE_PRIORITY,2444.825497,2963.512881,518.6873840000003,21.215722129717317,True,True
dispatch_development_radial_2026091331_negative,2026091331,radial,13,negative,bounded,COVERAGE_PRIORITY,2611.181217,2693.92331,82.7420930000003,3.1687610366262886,True,True
dispatch_development_radial_2026091331_positive,2026091331,radial,13,positive,bounded,COVERAGE_PRIORITY,2721.37942,3105.699854,384.32043399999975,14.122265758884867,True,True
dispatch_development_radial_2026091331_smooth,2026091331,radial,13,smooth,bounded,COVERAGE_PRIORITY,2713.383795,2992.203907,278.8201119999999,10.275734399010815,True,True
dispatch_development_radial_2026091331_spatial_hash,2026091331,radial,13,spatial_hash,bounded,COVERAGE_PRIORITY,2626.491412,2984.476746,357.98533399999997,13.629792671867303,True,True
dispatch_development_radial_2026091332_negative,2026091332,radial,14,negative,bounded,COVERAGE_PRIORITY,2865.319336,2713.324323,-151.9950130000002,-5.304644794397895,True,True
dispatch_development_radial_2026091332_positive,2026091332,radial,14,positive,bounded,COVERAGE_PRIORITY,2621.58224,2725.077594,103.49535399999968,3.9478202293588893,True,True
dispatch_development_radial_2026091332_smooth,2026091332,radial,14,smooth,bounded,COVERAGE_PRIORITY,2531.561178,2677.975887,146.41470900000013,5.783573799139696,True,True
dispatch_development_radial_2026091332_spatial_hash,2026091332,radial,14,spatial_hash,bounded,COVERAGE_PRIORITY,2562.979481,2741.846382,178.86690100000033,6.978865899082876,True,True
dispatch_development_radial_2026091333_negative,2026091333,radial,15,negative,bounded,COVERAGE_PRIORITY,2434.230595,2815.165482,380.9348869999999,15.64908796161113,True,True
dispatch_development_radial_2026091333_positive,2026091333,radial,15,positive,bounded,COVERAGE_PRIORITY,2465.979075,3059.623884,593.6448089999999,24.07339198529086,True,True
dispatch_development_radial_2026091333_smooth,2026091333,radial,15,smooth,bounded,COVERAGE_PRIORITY,2483.307474,3039.07752,555.7700459999996,22.380234901189677,True,True
dispatch_development_radial_2026091333_spatial_hash,2026091333,radial,15,spatial_hash,bounded,COVERAGE_PRIORITY,2543.111503,3045.735004,502.62350100000003,19.764115745891452,True,True
dispatch_development_radial_2026091334_negative,2026091334,radial,16,negative,bounded,COVERAGE_PRIORITY,1733.643185,3234.811625,1501.16844,86.59039258992615,True,True
dispatch_development_radial_2026091334_positive,2026091334,radial,16,positive,bounded,COVERAGE_PRIORITY,1741.166776,2175.33601,434.16923399999996,24.93553403295583,True,True
dispatch_development_radial_2026091334_smooth,2026091334,radial,16,smooth,bounded,COVERAGE_PRIORITY,2678.714042,3102.207399,423.49335699999983,15.809576922358183,True,True
dispatch_development_radial_2026091334_spatial_hash,2026091334,radial,16,spatial_hash,bounded,COVERAGE_PRIORITY,1820.653163,3101.604496,1280.951333,70.35669170998496,True,True
dispatch_development_reception_edge_2026091335_negative,2026091335,reception_edge,10,negative,bounded,COVERAGE_PRIORITY,3549.83371,4360.066529,810.2328189999998,22.824528842507384,True,True
dispatch_development_reception_edge_2026091335_positive,2026091335,reception_edge,10,positive,bounded,COVERAGE_PRIORITY,3578.292354,4423.406305,845.1139510000003,23.617800542632807,True,True
dispatch_development_reception_edge_2026091335_smooth,2026091335,reception_edge,10,smooth,bounded,COVERAGE_PRIORITY,3594.469725,4396.511511,802.0417859999998,22.313215783170914,True,True
dispatch_development_reception_edge_2026091335_spatial_hash,2026091335,reception_edge,10,spatial_hash,bounded,COVERAGE_PRIORITY,3568.151988,4418.532062,850.3800740000001,23.832507047342744,True,True
dispatch_development_reception_edge_2026091336_negative,2026091336,reception_edge,11,negative,bounded,COVERAGE_PRIORITY,3056.657098,4071.556504,1014.899406,33.202919838933134,True,True
dispatch_development_reception_edge_2026091336_positive,2026091336,reception_edge,11,positive,bounded,COVERAGE_PRIORITY,3044.456745,4146.416879,1101.9601340000004,36.19562458260515,True,True
dispatch_development_reception_edge_2026091336_smooth,2026091336,reception_edge,11,smooth,bounded,COVERAGE_PRIORITY,3018.504622,4226.159531,1207.6549090000003,40.00838362804402,True,True
dispatch_development_reception_edge_2026091336_spatial_hash,2026091336,reception_edge,11,spatial_hash,bounded,COVERAGE_PRIORITY,3067.356765,4089.296651,1021.9398860000001,33.31662940746967,True,True
dispatch_development_reception_edge_2026091337_negative,2026091337,reception_edge,12,negative,bounded,COVERAGE_PRIORITY,3590.720038,4473.108051,882.3880130000002,24.574124511569618,True,True
dispatch_development_reception_edge_2026091337_positive,2026091337,reception_edge,12,positive,bounded,COVERAGE_PRIORITY,3931.425931,4548.91337,617.487439,15.706449767525843,True,True
dispatch_development_reception_edge_2026091337_smooth,2026091337,reception_edge,12,smooth,bounded,COVERAGE_PRIORITY,3911.745014,4548.111464,636.3664499999995,16.268096405120126,True,True
dispatch_development_reception_edge_2026091337_spatial_hash,2026091337,reception_edge,12,spatial_hash,bounded,COVERAGE_PRIORITY,3627.563015,4495.959285,868.3962699999997,23.938833492600263,True,True
dispatch_development_reception_edge_2026091338_negative,2026091338,reception_edge,13,negative,bounded,COVERAGE_PRIORITY,3940.946121,5027.463056,1086.5169349999996,27.56995152027859,True,True
dispatch_development_reception_edge_2026091338_positive,2026091338,reception_edge,13,positive,bounded,COVERAGE_PRIORITY,3951.768423,5042.019336,1090.2509130000003,27.58893731359724,True,True
dispatch_development_reception_edge_2026091338_smooth,2026091338,reception_edge,13,smooth,bounded,COVERAGE_PRIORITY,3977.289486,4946.597538,969.3080519999999,24.37107118835453,True,True
dispatch_development_reception_edge_2026091338_spatial_hash,2026091338,reception_edge,13,spatial_hash,bounded,COVERAGE_PRIORITY,3930.673356,4874.094126,943.4207700000002,24.001505201644658,True,True
dispatch_development_reception_edge_2026091339_negative,2026091339,reception_edge,14,negative,bounded,COVERAGE_PRIORITY,3772.223662,4664.440621,892.2169589999999,23.652281490831694,True,True
dispatch_development_reception_edge_2026091339_positive,2026091339,reception_edge,14,positive,bounded,COVERAGE_PRIORITY,3912.568597,4695.918862,783.3502650000005,20.02138098232047,True,True
dispatch_development_reception_edge_2026091339_smooth,2026091339,reception_edge,14,smooth,bounded,COVERAGE_PRIORITY,3889.557319,4696.769966,807.2126469999998,20.753329512766584,True,True
dispatch_development_reception_edge_2026091339_spatial_hash,2026091339,reception_edge,14,spatial_hash,bounded,COVERAGE_PRIORITY,3923.446386,4654.928564,731.4821779999997,18.643868324800895,True,True
dispatch_development_reception_edge_2026091340_negative,2026091340,reception_edge,15,negative,bounded,COVERAGE_PRIORITY,4207.406019,4912.806536,705.400517,16.765686834465686,True,True
dispatch_development_reception_edge_2026091340_positive,2026091340,reception_edge,15,positive,bounded,COVERAGE_PRIORITY,4204.956573,4861.061977,656.1054039999999,15.603143400168463,True,True
dispatch_development_reception_edge_2026091340_smooth,2026091340,reception_edge,15,smooth,bounded,COVERAGE_PRIORITY,4211.04073,4867.937199,656.8964690000003,15.599385309198865,True,True
dispatch_development_reception_edge_2026091340_spatial_hash,2026091340,reception_edge,15,spatial_hash,bounded,COVERAGE_PRIORITY,4202.863157,4837.792151,634.9289939999999,15.107058457102163,True,True
dispatch_development_reception_edge_2026091341_negative,2026091341,reception_edge,16,negative,bounded,COVERAGE_PRIORITY,4069.975775,4837.879631,767.9038559999999,18.86752891053756,True,True
dispatch_development_reception_edge_2026091341_positive,2026091341,reception_edge,16,positive,bounded,COVERAGE_PRIORITY,3938.445409,4887.460037,949.0146279999999,24.096173221833773,True,True
dispatch_development_reception_edge_2026091341_smooth,2026091341,reception_edge,16,smooth,bounded,COVERAGE_PRIORITY,4027.782147,5021.239233,993.4570860000003,24.66511468948125,True,True
dispatch_development_reception_edge_2026091341_spatial_hash,2026091341,reception_edge,16,spatial_hash,bounded,COVERAGE_PRIORITY,4010.982083,4769.453347,758.4712639999998,18.9098641755264,True,True
dispatch_development_uniform_2026091300_negative,2026091300,uniform,10,negative,bounded,COVERAGE_PRIORITY,3155.858457,4245.831337,1089.9728799999998,34.538078777973524,True,True
dispatch_development_uniform_2026091300_positive,2026091300,uniform,10,positive,bounded,COVERAGE_PRIORITY,3170.951423,4241.874345,1070.9229220000002,33.772921093405216,True,True
dispatch_development_uniform_2026091300_smooth,2026091300,uniform,10,smooth,bounded,COVERAGE_PRIORITY,3218.724698,4230.659031,1011.9343330000002,31.438983695274715,True,True
dispatch_development_uniform_2026091300_spatial_hash,2026091300,uniform,10,spatial_hash,bounded,COVERAGE_PRIORITY,3174.491753,4298.776244,1124.284491,35.41620449753928,True,True
dispatch_development_uniform_2026091301_negative,2026091301,uniform,11,negative,bounded,COVERAGE_PRIORITY,3722.752628,4237.281567,514.5289389999998,13.821196045368822,True,True
dispatch_development_uniform_2026091301_positive,2026091301,uniform,11,positive,bounded,COVERAGE_PRIORITY,3583.856524,4080.546549,496.69002500000033,13.859093456275895,True,True
dispatch_development_uniform_2026091301_smooth,2026091301,uniform,11,smooth,bounded,COVERAGE_PRIORITY,3739.757401,4179.856135,440.09873400000015,11.768109179550489,True,True
dispatch_development_uniform_2026091301_spatial_hash,2026091301,uniform,11,spatial_hash,bounded,COVERAGE_PRIORITY,3422.535735,4152.076844,729.5411090000002,21.315806918813674,True,True
dispatch_development_uniform_2026091302_negative,2026091302,uniform,12,negative,bounded,COVERAGE_PRIORITY,3094.316653,3743.689979,649.3733260000004,20.9860010729807,True,True
dispatch_development_uniform_2026091302_positive,2026091302,uniform,12,positive,bounded,COVERAGE_PRIORITY,2898.779189,3874.718013,975.9388240000003,33.667235769574866,True,True
dispatch_development_uniform_2026091302_smooth,2026091302,uniform,12,smooth,bounded,COVERAGE_PRIORITY,2905.445945,3855.455298,950.0093529999999,32.69754010171406,True,True
dispatch_development_uniform_2026091302_spatial_hash,2026091302,uniform,12,spatial_hash,bounded,COVERAGE_PRIORITY,3061.054645,3813.90302,752.848375,24.594411479380817,True,True
dispatch_development_uniform_2026091303_negative,2026091303,uniform,13,negative,bounded,COVERAGE_PRIORITY,3197.227235,3761.040297,563.8130620000002,17.634438235354267,True,True
dispatch_development_uniform_2026091303_positive,2026091303,uniform,13,positive,bounded,COVERAGE_PRIORITY,3234.735105,3731.973366,497.23826099999997,15.371838647047408,True,True
dispatch_development_uniform_2026091303_smooth,2026091303,uniform,13,smooth,bounded,COVERAGE_PRIORITY,3253.01159,3731.427002,478.41541199999983,14.706846218153192,True,True
dispatch_development_uniform_2026091303_spatial_hash,2026091303,uniform,13,spatial_hash,bounded,COVERAGE_PRIORITY,3189.318307,3763.522771,574.2044639999999,18.003987332958292,True,True
dispatch_development_uniform_2026091304_negative,2026091304,uniform,14,negative,bounded,COVERAGE_PRIORITY,3380.876498,4216.966872,836.0903739999999,24.72998864331779,True,True
dispatch_development_uniform_2026091304_positive,2026091304,uniform,14,positive,bounded,COVERAGE_PRIORITY,3510.868562,4276.210772,765.3422100000003,21.79922707115005,True,True
dispatch_development_uniform_2026091304_smooth,2026091304,uniform,14,smooth,bounded,COVERAGE_PRIORITY,3466.657513,4231.404305,764.7467919999999,22.060061864553738,True,True
dispatch_development_uniform_2026091304_spatial_hash,2026091304,uniform,14,spatial_hash,bounded,COVERAGE_PRIORITY,3449.560056,4267.537361,817.9773049999999,23.7125109208419,True,True
dispatch_development_uniform_2026091305_negative,2026091305,uniform,15,negative,bounded,COVERAGE_PRIORITY,3628.466106,4502.164466,873.6983600000003,24.079000174626408,True,True
dispatch_development_uniform_2026091305_positive,2026091305,uniform,15,positive,bounded,COVERAGE_PRIORITY,3431.008674,4372.775127,941.7664529999997,27.448675957500647,True,True
dispatch_development_uniform_2026091305_smooth,2026091305,uniform,15,smooth,bounded,COVERAGE_PRIORITY,3453.452409,4437.586475,984.1340660000001,28.49710809493886,True,True
dispatch_development_uniform_2026091305_spatial_hash,2026091305,uniform,15,spatial_hash,bounded,COVERAGE_PRIORITY,3593.188085,4421.177235,827.9891500000003,23.043301113473458,True,True
dispatch_development_uniform_2026091306_negative,2026091306,uniform,16,negative,bounded,COVERAGE_PRIORITY,3967.752616,4551.411378,583.6587619999996,14.710059282587086,True,True
dispatch_development_uniform_2026091306_positive,2026091306,uniform,16,positive,bounded,COVERAGE_PRIORITY,3812.04901,4590.310335,778.2613249999999,20.41582684163863,True,True
dispatch_development_uniform_2026091306_smooth,2026091306,uniform,16,smooth,bounded,COVERAGE_PRIORITY,3935.194121,4540.744576,605.550455,15.38807073756554,True,True
dispatch_development_uniform_2026091306_spatial_hash,2026091306,uniform,16,spatial_hash,bounded,COVERAGE_PRIORITY,4157.072183,4552.307648,395.23546499999975,9.507543954042518,True,True
dispatch_development_cluster_2026091314_negative,2026091314,cluster,10,negative,pre_round_stress,COVERAGE_PRIORITY,2079.856384,2452.671139,372.8147549999999,17.92502395203841,True,True
dispatch_development_cluster_2026091314_positive,2026091314,cluster,10,positive,pre_round_stress,COVERAGE_PRIORITY,2072.141561,2415.205066,343.0635050000001,16.55598784643073,True,True
dispatch_development_cluster_2026091314_smooth,2026091314,cluster,10,smooth,pre_round_stress,COVERAGE_PRIORITY,2097.484088,2438.407675,340.92358699999977,16.253929598344573,True,True
dispatch_development_cluster_2026091314_spatial_hash,2026091314,cluster,10,spatial_hash,pre_round_stress,COVERAGE_PRIORITY,2091.245364,2431.901277,340.65591300000006,16.28961951879311,True,True
dispatch_development_cluster_2026091315_negative,2026091315,cluster,11,negative,pre_round_stress,COVERAGE_PRIORITY,2389.457857,2400.615874,11.1580170000002,0.46696856223316097,True,True
dispatch_development_cluster_2026091315_positive,2026091315,cluster,11,positive,pre_round_stress,COVERAGE_PRIORITY,2173.835339,2662.36104,488.5257009999996,22.47298552174284,True,True
dispatch_development_cluster_2026091315_smooth,2026091315,cluster,11,smooth,pre_round_stress,COVERAGE_PRIORITY,2344.293234,2387.55494,43.261705999999776,1.8454050616433904,True,True
dispatch_development_cluster_2026091315_spatial_hash,2026091315,cluster,11,spatial_hash,pre_round_stress,COVERAGE_PRIORITY,2143.954058,2382.453075,238.4990170000001,11.124259687844496,True,True
dispatch_development_cluster_2026091316_negative,2026091316,cluster,12,negative,pre_round_stress,COVERAGE_PRIORITY,2420.620371,2568.815543,148.19517200000018,6.122198002439272,True,True
dispatch_development_cluster_2026091316_positive,2026091316,cluster,12,positive,pre_round_stress,COVERAGE_PRIORITY,2218.631645,2724.063582,505.4319370000003,22.781246185641614,True,True
dispatch_development_cluster_2026091316_smooth,2026091316,cluster,12,smooth,pre_round_stress,COVERAGE_PRIORITY,2345.093551,2631.381077,286.28752600000007,12.20793626241139,True,True
dispatch_development_cluster_2026091316_spatial_hash,2026091316,cluster,12,spatial_hash,pre_round_stress,COVERAGE_PRIORITY,2262.106806,2580.811442,318.7046360000004,14.088841214511616,True,True
dispatch_development_cluster_2026091317_negative,2026091317,cluster,13,negative,pre_round_stress,COVERAGE_PRIORITY,2385.802207,2618.519669,232.7174619999996,9.75426467949443,True,True
dispatch_development_cluster_2026091317_positive,2026091317,cluster,13,positive,pre_round_stress,COVERAGE_PRIORITY,2267.381063,2642.84955,375.4684870000001,16.559567032072376,True,True
dispatch_development_cluster_2026091317_smooth,2026091317,cluster,13,smooth,pre_round_stress,COVERAGE_PRIORITY,2486.693204,2601.687252,114.99404800000002,4.624376172139977,True,True
dispatch_development_cluster_2026091317_spatial_hash,2026091317,cluster,13,spatial_hash,pre_round_stress,COVERAGE_PRIORITY,2526.475948,2618.214779,91.73883100000012,3.63109852965835,True,True
dispatch_development_cluster_2026091318_negative,2026091318,cluster,14,negative,pre_round_stress,COVERAGE_PRIORITY,1948.027665,1946.811915,-1.215750000000071,-0.062409277950381536,True,True
dispatch_development_cluster_2026091318_positive,2026091318,cluster,14,positive,pre_round_stress,COVERAGE_PRIORITY,1922.082143,1942.046621,19.964477999999872,1.0386901555018424,True,True
dispatch_development_cluster_2026091318_smooth,2026091318,cluster,14,smooth,pre_round_stress,COVERAGE_PRIORITY,1945.030469,1946.674777,1.64430799999991,0.08453893274202873,True,True
dispatch_development_cluster_2026091318_spatial_hash,2026091318,cluster,14,spatial_hash,pre_round_stress,COVERAGE_PRIORITY,1949.611193,1953.331239,3.7200460000001385,0.1908096349342303,True,True
dispatch_development_cluster_2026091319_negative,2026091319,cluster,15,negative,pre_round_stress,COVERAGE_PRIORITY,2271.912508,2273.792436,1.879928000000291,0.08274649632766806,True,True
dispatch_development_cluster_2026091319_positive,2026091319,cluster,15,positive,pre_round_stress,COVERAGE_PRIORITY,2219.537046,2290.805236,71.26819000000023,3.2109484330724802,True,True
dispatch_development_cluster_2026091319_smooth,2026091319,cluster,15,smooth,pre_round_stress,COVERAGE_PRIORITY,2294.431479,2331.409046,36.97756700000036,1.61162219654154,True,True
dispatch_development_cluster_2026091319_spatial_hash,2026091319,cluster,15,spatial_hash,pre_round_stress,COVERAGE_PRIORITY,2249.711219,2413.964758,164.25353900000027,7.301094363258365,True,True
dispatch_development_cluster_2026091320_negative,2026091320,cluster,16,negative,pre_round_stress,COVERAGE_PRIORITY,1057.592526,1057.592526,0.0,0.0,True,True
dispatch_development_cluster_2026091320_positive,2026091320,cluster,16,positive,pre_round_stress,COVERAGE_PRIORITY,1042.353432,1042.353432,0.0,0.0,True,True
dispatch_development_cluster_2026091320_smooth,2026091320,cluster,16,smooth,pre_round_stress,COVERAGE_PRIORITY,960.359821,960.359821,0.0,0.0,True,True
dispatch_development_cluster_2026091320_spatial_hash,2026091320,cluster,16,spatial_hash,pre_round_stress,COVERAGE_PRIORITY,1026.581858,1026.581858,0.0,0.0,True,True
dispatch_development_min_radius_2026091321_negative,2026091321,min_radius,10,negative,pre_round_stress,COVERAGE_PRIORITY,3289.700367,3822.907681,533.2073140000002,16.208385400347325,True,True
dispatch_development_min_radius_2026091321_positive,2026091321,min_radius,10,positive,pre_round_stress,COVERAGE_PRIORITY,3216.313715,3820.145933,603.832218,18.774046051039516,True,True
dispatch_development_min_radius_2026091321_smooth,2026091321,min_radius,10,smooth,pre_round_stress,COVERAGE_PRIORITY,3274.286877,3816.214009,541.9271319999998,16.550997281476132,True,True
dispatch_development_min_radius_2026091321_spatial_hash,2026091321,min_radius,10,spatial_hash,pre_round_stress,COVERAGE_PRIORITY,3255.97061,3815.116183,559.1455730000002,17.172930593498204,True,True
dispatch_development_min_radius_2026091322_negative,2026091322,min_radius,11,negative,pre_round_stress,COVERAGE_PRIORITY,3381.878015,3948.270207,566.3921920000003,16.747859901741613,True,True
dispatch_development_min_radius_2026091322_positive,2026091322,min_radius,11,positive,pre_round_stress,COVERAGE_PRIORITY,3287.676667,3952.459404,664.782737,20.220441495136843,True,True
dispatch_development_min_radius_2026091322_smooth,2026091322,min_radius,11,smooth,pre_round_stress,COVERAGE_PRIORITY,3332.598999,3929.669613,597.0706140000002,17.91606533456802,True,True
dispatch_development_min_radius_2026091322_spatial_hash,2026091322,min_radius,11,spatial_hash,pre_round_stress,COVERAGE_PRIORITY,3306.506779,3938.025929,631.5191500000001,19.099284901239265,True,True
dispatch_development_min_radius_2026091323_negative,2026091323,min_radius,12,negative,pre_round_stress,COVERAGE_PRIORITY,3459.785339,4144.480371,684.6950319999996,19.790101549996763,True,True
dispatch_development_min_radius_2026091323_positive,2026091323,min_radius,12,positive,pre_round_stress,COVERAGE_PRIORITY,3486.00798,4132.363218,646.3552380000006,18.54141590347136,True,True
dispatch_development_min_radius_2026091323_smooth,2026091323,min_radius,12,smooth,pre_round_stress,COVERAGE_PRIORITY,3501.546796,4165.968386,664.4215899999995,18.975088117028815,True,True
dispatch_development_min_radius_2026091323_spatial_hash,2026091323,min_radius,12,spatial_hash,pre_round_stress,COVERAGE_PRIORITY,3465.40647,4162.060075,696.6536050000004,20.103084905938907,True,True
dispatch_development_min_radius_2026091324_negative,2026091324,min_radius,13,negative,pre_round_stress,COVERAGE_PRIORITY,4124.760113,4668.737756,543.9776430000002,13.188103746580238,True,True
dispatch_development_min_radius_2026091324_positive,2026091324,min_radius,13,positive,pre_round_stress,COVERAGE_PRIORITY,4176.240381,4648.761731,472.52135,11.314515135425584,True,True
dispatch_development_min_radius_2026091324_smooth,2026091324,min_radius,13,smooth,pre_round_stress,COVERAGE_PRIORITY,4120.726434,4658.99354,538.2671060000002,13.062432428388671,True,True
dispatch_development_min_radius_2026091324_spatial_hash,2026091324,min_radius,13,spatial_hash,pre_round_stress,COVERAGE_PRIORITY,4171.698707,4658.550821,486.85211400000026,11.670356566812345,True,True
dispatch_development_min_radius_2026091325_negative,2026091325,min_radius,14,negative,pre_round_stress,COVERAGE_PRIORITY,3319.655521,4001.536615,681.8810939999998,20.540718447635562,True,True
dispatch_development_min_radius_2026091325_positive,2026091325,min_radius,14,positive,pre_round_stress,COVERAGE_PRIORITY,3429.982131,3980.882946,550.900815,16.0613319241808,True,True
dispatch_development_min_radius_2026091325_smooth,2026091325,min_radius,14,smooth,pre_round_stress,COVERAGE_PRIORITY,3431.622689,3980.447582,548.824893,15.99315958480072,True,True
dispatch_development_min_radius_2026091325_spatial_hash,2026091325,min_radius,14,spatial_hash,pre_round_stress,COVERAGE_PRIORITY,3385.645175,4033.750104,648.1049290000001,19.142730425080657,True,True
dispatch_development_min_radius_2026091326_negative,2026091326,min_radius,15,negative,pre_round_stress,COVERAGE_PRIORITY,3916.434906,4617.417718,700.9828119999997,17.89849260423275,True,True
dispatch_development_min_radius_2026091326_positive,2026091326,min_radius,15,positive,pre_round_stress,COVERAGE_PRIORITY,3843.0276,4493.615735,650.5881350000004,16.929051849640643,True,True
dispatch_development_min_radius_2026091326_smooth,2026091326,min_radius,15,smooth,pre_round_stress,COVERAGE_PRIORITY,3847.122461,4598.642178,751.5197170000001,19.534593052820416,True,True
dispatch_development_min_radius_2026091326_spatial_hash,2026091326,min_radius,15,spatial_hash,pre_round_stress,COVERAGE_PRIORITY,3879.825385,4602.10799,722.2826050000003,18.616368865270474,True,True
dispatch_development_min_radius_2026091327_negative,2026091327,min_radius,16,negative,pre_round_stress,COVERAGE_PRIORITY,3848.111134,4212.505086,364.3939519999999,9.469423811084754,True,True
dispatch_development_min_radius_2026091327_positive,2026091327,min_radius,16,positive,pre_round_stress,COVERAGE_PRIORITY,3792.58597,3428.185818,-364.40015200000016,-9.608223910610524,True,True
dispatch_development_min_radius_2026091327_smooth,2026091327,min_radius,16,smooth,pre_round_stress,COVERAGE_PRIORITY,3809.886575,3563.186761,-246.69981400000006,-6.475253505414402,True,True
dispatch_development_min_radius_2026091327_spatial_hash,2026091327,min_radius,16,spatial_hash,pre_round_stress,COVERAGE_PRIORITY,3787.359262,4184.819384,397.4601220000004,10.494386576627868,True,True
dispatch_development_outer_2026091307_negative,2026091307,outer,10,negative,pre_round_stress,COVERAGE_PRIORITY,3550.349871,4173.814072,623.4642010000002,17.560641166454772,True,True
dispatch_development_outer_2026091307_positive,2026091307,outer,10,positive,pre_round_stress,COVERAGE_PRIORITY,3570.631169,4173.968447,603.337278,16.897216470805976,True,True
dispatch_development_outer_2026091307_smooth,2026091307,outer,10,smooth,pre_round_stress,COVERAGE_PRIORITY,3563.44455,4190.308839,626.8642890000001,17.59152640666177,True,True
dispatch_development_outer_2026091307_spatial_hash,2026091307,outer,10,spatial_hash,pre_round_stress,COVERAGE_PRIORITY,3575.179805,4179.112855,603.9330500000001,16.8923825636792,True,True
dispatch_development_outer_2026091308_negative,2026091308,outer,11,negative,pre_round_stress,COVERAGE_PRIORITY,2463.753471,3175.922544,712.169073,28.905857724106674,True,True
dispatch_development_outer_2026091308_positive,2026091308,outer,11,positive,pre_round_stress,COVERAGE_PRIORITY,2470.037847,3150.959314,680.9214670000001,27.567248324839145,True,True
dispatch_development_outer_2026091308_smooth,2026091308,outer,11,smooth,pre_round_stress,COVERAGE_PRIORITY,2500.220657,3204.722082,704.5014249999999,28.177569968777362,True,True
dispatch_development_outer_2026091308_spatial_hash,2026091308,outer,11,spatial_hash,pre_round_stress,COVERAGE_PRIORITY,2486.35374,3161.520788,675.1670479999998,27.15490708896473,True,True
dispatch_development_outer_2026091309_negative,2026091309,outer,12,negative,pre_round_stress,COVERAGE_PRIORITY,3490.333314,4365.786908,875.4535940000001,25.082234710607352,True,True
dispatch_development_outer_2026091309_positive,2026091309,outer,12,positive,pre_round_stress,COVERAGE_PRIORITY,3557.363542,4329.646126,772.2825839999996,21.709408523532893,True,True
dispatch_development_outer_2026091309_smooth,2026091309,outer,12,smooth,pre_round_stress,COVERAGE_PRIORITY,3499.246729,4367.751331,868.5046020000004,24.819758915605195,True,True
dispatch_development_outer_2026091309_spatial_hash,2026091309,outer,12,spatial_hash,pre_round_stress,COVERAGE_PRIORITY,3514.631513,4358.870804,844.2392910000003,24.020705666506114,True,True
dispatch_development_outer_2026091310_negative,2026091310,outer,13,negative,pre_round_stress,COVERAGE_PRIORITY,2296.237089,2413.885426,117.64833699999963,5.1235274250898355,True,True
dispatch_development_outer_2026091310_positive,2026091310,outer,13,positive,pre_round_stress,COVERAGE_PRIORITY,2277.020942,2372.394288,95.37334599999986,4.18851422228157,True,True
dispatch_development_outer_2026091310_smooth,2026091310,outer,13,smooth,pre_round_stress,COVERAGE_PRIORITY,2282.321573,2396.633707,114.31213399999979,5.008590172056349,True,True
dispatch_development_outer_2026091310_spatial_hash,2026091310,outer,13,spatial_hash,pre_round_stress,COVERAGE_PRIORITY,2274.996842,2370.925736,95.92889400000013,4.216660534599548,True,True
dispatch_development_outer_2026091311_negative,2026091311,outer,14,negative,pre_round_stress,COVERAGE_PRIORITY,3730.416234,4301.891968,571.4757340000001,15.319355754229758,True,True
dispatch_development_outer_2026091311_positive,2026091311,outer,14,positive,pre_round_stress,COVERAGE_PRIORITY,3649.015316,4288.913704,639.8983879999996,17.536193536766163,True,True
dispatch_development_outer_2026091311_smooth,2026091311,outer,14,smooth,pre_round_stress,COVERAGE_PRIORITY,3729.360382,4301.50276,572.1423780000005,15.341568510286185,True,True
dispatch_development_outer_2026091311_spatial_hash,2026091311,outer,14,spatial_hash,pre_round_stress,COVERAGE_PRIORITY,3727.54899,4327.3351,599.7861100000005,16.090629837704707,True,True
dispatch_development_outer_2026091312_negative,2026091312,outer,15,negative,pre_round_stress,COVERAGE_PRIORITY,2613.280173,2267.15146,-346.12871300000006,-13.244990589839833,True,True
dispatch_development_outer_2026091312_positive,2026091312,outer,15,positive,pre_round_stress,COVERAGE_PRIORITY,2621.290541,2250.871116,-370.41942500000005,-14.131185353405662,True,True
dispatch_development_outer_2026091312_smooth,2026091312,outer,15,smooth,pre_round_stress,COVERAGE_PRIORITY,2649.855612,2298.457646,-351.397966,-13.261023144381046,True,True
dispatch_development_outer_2026091312_spatial_hash,2026091312,outer,15,spatial_hash,pre_round_stress,COVERAGE_PRIORITY,2673.028515,2319.747848,-353.280667,-13.216494512405152,True,True
dispatch_development_outer_2026091313_negative,2026091313,outer,16,negative,pre_round_stress,COVERAGE_PRIORITY,3913.701268,4559.423452,645.7221840000002,16.499015632074055,True,True
dispatch_development_outer_2026091313_positive,2026091313,outer,16,positive,pre_round_stress,COVERAGE_PRIORITY,3947.676905,4617.65396,669.9770549999998,16.971425755522908,True,True
dispatch_development_outer_2026091313_smooth,2026091313,outer,16,smooth,pre_round_stress,COVERAGE_PRIORITY,3981.396854,4606.711114,625.3142599999996,15.705901293707104,True,True
dispatch_development_outer_2026091313_spatial_hash,2026091313,outer,16,spatial_hash,pre_round_stress,COVERAGE_PRIORITY,3900.064825,4636.631652,736.5668270000001,18.886014977969,True,True
dispatch_development_radial_2026091328_negative,2026091328,radial,10,negative,pre_round_stress,COVERAGE_PRIORITY,2969.712318,2891.010577,-78.70174099999986,-2.6501469695557223,True,True
dispatch_development_radial_2026091328_positive,2026091328,radial,10,positive,pre_round_stress,COVERAGE_PRIORITY,2818.969971,2848.463672,29.493700999999874,1.0462580766526397,True,True
dispatch_development_radial_2026091328_smooth,2026091328,radial,10,smooth,pre_round_stress,COVERAGE_PRIORITY,2871.933708,2789.685067,-82.24864100000013,-2.8638767242743057,True,True
dispatch_development_radial_2026091328_spatial_hash,2026091328,radial,10,spatial_hash,pre_round_stress,COVERAGE_PRIORITY,2796.855461,2831.03448,34.1790189999997,1.2220516746968002,True,True
dispatch_development_radial_2026091329_negative,2026091329,radial,11,negative,pre_round_stress,COVERAGE_PRIORITY,2496.397279,2749.123775,252.72649600000022,10.123648913014227,True,True
dispatch_development_radial_2026091329_positive,2026091329,radial,11,positive,pre_round_stress,COVERAGE_PRIORITY,2488.485805,2720.937183,232.4513780000002,9.341077113357299,True,True
dispatch_development_radial_2026091329_smooth,2026091329,radial,11,smooth,pre_round_stress,COVERAGE_PRIORITY,2536.076704,2728.357801,192.28109700000005,7.581832863995275,True,True
dispatch_development_radial_2026091329_spatial_hash,2026091329,radial,11,spatial_hash,pre_round_stress,COVERAGE_PRIORITY,2496.899004,2703.618298,206.719294,8.27904106929589,True,True
dispatch_development_radial_2026091330_negative,2026091330,radial,12,negative,pre_round_stress,COVERAGE_PRIORITY,2450.950928,2980.464233,529.513305,21.60440255864642,True,True
dispatch_development_radial_2026091330_positive,2026091330,radial,12,positive,pre_round_stress,COVERAGE_PRIORITY,2506.353304,3007.893133,501.5398289999998,20.010739435640225,True,True
dispatch_development_radial_2026091330_smooth,2026091330,radial,12,smooth,pre_round_stress,COVERAGE_PRIORITY,2464.930223,2987.216744,522.286521,21.188693948680594,True,True
dispatch_development_radial_2026091330_spatial_hash,2026091330,radial,12,spatial_hash,pre_round_stress,COVERAGE_PRIORITY,2444.825497,2963.514642,518.6891450000003,21.21579415939805,True,True
dispatch_development_radial_2026091331_negative,2026091331,radial,13,negative,pre_round_stress,COVERAGE_PRIORITY,2677.811016,2693.956892,16.145876000000044,0.6029505407038727,True,True
dispatch_development_radial_2026091331_positive,2026091331,radial,13,positive,pre_round_stress,COVERAGE_PRIORITY,2617.527349,3105.8285,488.3011510000001,18.655054404170812,True,True
dispatch_development_radial_2026091331_smooth,2026091331,radial,13,smooth,pre_round_stress,COVERAGE_PRIORITY,2713.552053,2992.352426,278.80037300000004,10.274369813240503,True,True
dispatch_development_radial_2026091331_spatial_hash,2026091331,radial,13,spatial_hash,pre_round_stress,COVERAGE_PRIORITY,2626.491412,2984.476746,357.98533399999997,13.629792671867303,True,True
dispatch_development_radial_2026091332_negative,2026091332,radial,14,negative,pre_round_stress,COVERAGE_PRIORITY,2517.5711,2664.301822,146.7307219999998,5.828265267264943,True,True
dispatch_development_radial_2026091332_positive,2026091332,radial,14,positive,pre_round_stress,COVERAGE_PRIORITY,2846.559601,2719.785685,-126.7739160000001,-4.453583756175849,True,True
dispatch_development_radial_2026091332_smooth,2026091332,radial,14,smooth,pre_round_stress,COVERAGE_PRIORITY,2878.240903,2677.944727,-200.29617599999983,-6.958978860707266,True,True
dispatch_development_radial_2026091332_spatial_hash,2026091332,radial,14,spatial_hash,pre_round_stress,COVERAGE_PRIORITY,2562.979481,2741.846382,178.86690100000033,6.978865899082876,True,True
dispatch_development_radial_2026091333_negative,2026091333,radial,15,negative,pre_round_stress,COVERAGE_PRIORITY,2434.174534,3008.771555,574.5970209999996,23.605415839092814,True,True
dispatch_development_radial_2026091333_positive,2026091333,radial,15,positive,pre_round_stress,COVERAGE_PRIORITY,2465.982149,3059.527225,593.5450759999999,24.06931762424529,True,True
dispatch_development_radial_2026091333_smooth,2026091333,radial,15,smooth,pre_round_stress,COVERAGE_PRIORITY,2483.340195,3039.08364,555.7434449999996,22.37886883637381,True,True
dispatch_development_radial_2026091333_spatial_hash,2026091333,radial,15,spatial_hash,pre_round_stress,COVERAGE_PRIORITY,2543.111503,3045.735004,502.62350100000003,19.764115745891452,True,True
dispatch_development_radial_2026091334_negative,2026091334,radial,16,negative,pre_round_stress,COVERAGE_PRIORITY,2012.864187,3234.920025,1222.055838,60.7122848075194,True,True
dispatch_development_radial_2026091334_positive,2026091334,radial,16,positive,pre_round_stress,COVERAGE_PRIORITY,2857.605351,2175.937496,-681.6678550000001,-23.854513526910036,True,True
dispatch_development_radial_2026091334_smooth,2026091334,radial,16,smooth,pre_round_stress,COVERAGE_PRIORITY,2678.71406,3102.207399,423.4933390000001,15.809576144159276,True,True
dispatch_development_radial_2026091334_spatial_hash,2026091334,radial,16,spatial_hash,pre_round_stress,COVERAGE_PRIORITY,1820.653163,3101.604496,1280.951333,70.35669170998496,True,True
dispatch_development_reception_edge_2026091335_negative,2026091335,reception_edge,10,negative,pre_round_stress,COVERAGE_PRIORITY,3549.54361,4359.775668,810.232058,22.82637282487141,True,True
dispatch_development_reception_edge_2026091335_positive,2026091335,reception_edge,10,positive,pre_round_stress,COVERAGE_PRIORITY,3578.345218,4423.421263,845.0760450000002,23.616392313101862,True,True
dispatch_development_reception_edge_2026091335_smooth,2026091335,reception_edge,10,smooth,pre_round_stress,COVERAGE_PRIORITY,3594.296047,4396.512003,802.215956,22.319139701070934,True,True
dispatch_development_reception_edge_2026091335_spatial_hash,2026091335,reception_edge,10,spatial_hash,pre_round_stress,COVERAGE_PRIORITY,3568.151988,4418.532062,850.3800740000001,23.832507047342744,True,True
dispatch_development_reception_edge_2026091336_negative,2026091336,reception_edge,11,negative,pre_round_stress,COVERAGE_PRIORITY,3056.606656,4071.492279,1014.8856230000001,33.203016849021736,True,True
dispatch_development_reception_edge_2026091336_positive,2026091336,reception_edge,11,positive,pre_round_stress,COVERAGE_PRIORITY,3044.541771,4146.363668,1101.8218969999998,36.19007324830032,True,True
dispatch_development_reception_edge_2026091336_smooth,2026091336,reception_edge,11,smooth,pre_round_stress,COVERAGE_PRIORITY,3018.505421,4226.16033,1207.6549089999999,40.008373037803466,True,True
dispatch_development_reception_edge_2026091336_spatial_hash,2026091336,reception_edge,11,spatial_hash,pre_round_stress,COVERAGE_PRIORITY,3067.356765,4089.296651,1021.9398860000001,33.31662940746967,True,True
dispatch_development_reception_edge_2026091337_negative,2026091337,reception_edge,12,negative,pre_round_stress,COVERAGE_PRIORITY,3590.616746,4473.099365,882.4826189999999,24.57746625236732,True,True
dispatch_development_reception_edge_2026091337_positive,2026091337,reception_edge,12,positive,pre_round_stress,COVERAGE_PRIORITY,3931.54251,4548.950388,617.407878,15.703960377627958,True,True
dispatch_development_reception_edge_2026091337_smooth,2026091337,reception_edge,12,smooth,pre_round_stress,COVERAGE_PRIORITY,3911.731192,4548.111464,636.3802719999994,16.268507235402076,True,True
dispatch_development_reception_edge_2026091337_spatial_hash,2026091337,reception_edge,12,spatial_hash,pre_round_stress,COVERAGE_PRIORITY,3627.563015,4495.959285,868.3962699999997,23.938833492600263,True,True
dispatch_development_reception_edge_2026091338_negative,2026091338,reception_edge,13,negative,pre_round_stress,COVERAGE_PRIORITY,3940.708457,5027.386847,1086.6783899999996,27.57571136909911,True,True
dispatch_development_reception_edge_2026091338_positive,2026091338,reception_edge,13,positive,pre_round_stress,COVERAGE_PRIORITY,3951.716033,5041.967082,1090.251049,27.589306516347033,True,True
dispatch_development_reception_edge_2026091338_smooth,2026091338,reception_edge,13,smooth,pre_round_stress,COVERAGE_PRIORITY,3977.307525,4946.609201,969.301676,24.370800344386232,True,True
dispatch_development_reception_edge_2026091338_spatial_hash,2026091338,reception_edge,13,spatial_hash,pre_round_stress,COVERAGE_PRIORITY,3930.673356,4874.094126,943.4207700000002,24.001505201644658,True,True
dispatch_development_reception_edge_2026091339_negative,2026091339,reception_edge,14,negative,pre_round_stress,COVERAGE_PRIORITY,3772.190371,4664.373565,892.1831939999997,23.651595127832415,True,True
dispatch_development_reception_edge_2026091339_positive,2026091339,reception_edge,14,positive,pre_round_stress,COVERAGE_PRIORITY,3912.333917,4696.023073,783.6891560000004,20.031244076449827,True,True
dispatch_development_reception_edge_2026091339_smooth,2026091339,reception_edge,14,smooth,pre_round_stress,COVERAGE_PRIORITY,3889.557319,4696.769966,807.2126469999998,20.753329512766584,True,True
dispatch_development_reception_edge_2026091339_spatial_hash,2026091339,reception_edge,14,spatial_hash,pre_round_stress,COVERAGE_PRIORITY,3923.446386,4654.928564,731.4821779999997,18.643868324800895,True,True
dispatch_development_reception_edge_2026091340_negative,2026091340,reception_edge,15,negative,pre_round_stress,COVERAGE_PRIORITY,4207.646354,4912.577587,704.9312329999993,16.753576077748455,True,True
dispatch_development_reception_edge_2026091340_positive,2026091340,reception_edge,15,positive,pre_round_stress,COVERAGE_PRIORITY,4205.139428,4861.335617,656.1961889999993,15.604623823664543,True,True
dispatch_development_reception_edge_2026091340_smooth,2026091340,reception_edge,15,smooth,pre_round_stress,COVERAGE_PRIORITY,4211.07549,4867.937199,656.8617089999998,15.598431102929467,True,True
dispatch_development_reception_edge_2026091340_spatial_hash,2026091340,reception_edge,15,spatial_hash,pre_round_stress,COVERAGE_PRIORITY,4202.863157,4837.792151,634.9289939999999,15.107058457102163,True,True
dispatch_development_reception_edge_2026091341_negative,2026091341,reception_edge,16,negative,pre_round_stress,COVERAGE_PRIORITY,4070.263315,4837.969195,767.7058799999995,18.861332070846615,True,True
dispatch_development_reception_edge_2026091341_positive,2026091341,reception_edge,16,positive,pre_round_stress,COVERAGE_PRIORITY,3938.304679,4887.568739,949.2640600000004,24.103367752670522,True,True
dispatch_development_reception_edge_2026091341_smooth,2026091341,reception_edge,16,smooth,pre_round_stress,COVERAGE_PRIORITY,4027.783268,5021.239233,993.4559650000001,24.665079993077722,True,True
dispatch_development_reception_edge_2026091341_spatial_hash,2026091341,reception_edge,16,spatial_hash,pre_round_stress,COVERAGE_PRIORITY,4010.982083,4769.453347,758.4712639999998,18.9098641755264,True,True
dispatch_development_uniform_2026091300_negative,2026091300,uniform,10,negative,pre_round_stress,COVERAGE_PRIORITY,3156.039177,4245.952546,1089.9133690000003,34.53421544773177,True,True
dispatch_development_uniform_2026091300_positive,2026091300,uniform,10,positive,pre_round_stress,COVERAGE_PRIORITY,3171.143463,4241.881724,1070.738261,33.7650526850352,True,True
dispatch_development_uniform_2026091300_smooth,2026091300,uniform,10,smooth,pre_round_stress,COVERAGE_PRIORITY,3218.724698,4230.659728,1011.9350299999996,31.439005349813854,True,True
dispatch_development_uniform_2026091300_spatial_hash,2026091300,uniform,10,spatial_hash,pre_round_stress,COVERAGE_PRIORITY,3174.491753,4298.776244,1124.284491,35.41620449753928,True,True
dispatch_development_uniform_2026091301_negative,2026091301,uniform,11,negative,pre_round_stress,COVERAGE_PRIORITY,3723.377248,4237.897787,514.5205390000001,13.818651850987518,True,True
dispatch_development_uniform_2026091301_positive,2026091301,uniform,11,positive,pre_round_stress,COVERAGE_PRIORITY,3583.434597,4080.215484,496.7808869999999,13.863260889870798,True,True
dispatch_development_uniform_2026091301_smooth,2026091301,uniform,11,smooth,pre_round_stress,COVERAGE_PRIORITY,3739.757401,4179.856135,440.09873400000015,11.768109179550489,True,True
dispatch_development_uniform_2026091301_spatial_hash,2026091301,uniform,11,spatial_hash,pre_round_stress,COVERAGE_PRIORITY,3422.535735,4152.076844,729.5411090000002,21.315806918813674,True,True
dispatch_development_uniform_2026091302_negative,2026091302,uniform,12,negative,pre_round_stress,COVERAGE_PRIORITY,3094.509872,3743.603184,649.093312,20.975641986900072,True,True
dispatch_development_uniform_2026091302_positive,2026091302,uniform,12,positive,pre_round_stress,COVERAGE_PRIORITY,2898.887133,3874.986208,976.0990749999996,33.67151014223359,True,True
dispatch_development_uniform_2026091302_smooth,2026091302,uniform,12,smooth,pre_round_stress,COVERAGE_PRIORITY,2905.445945,3855.455298,950.0093529999999,32.69754010171406,True,True
dispatch_development_uniform_2026091302_spatial_hash,2026091302,uniform,12,spatial_hash,pre_round_stress,COVERAGE_PRIORITY,3061.054645,3813.90302,752.848375,24.594411479380817,True,True
dispatch_development_uniform_2026091303_negative,2026091303,uniform,13,negative,pre_round_stress,COVERAGE_PRIORITY,3197.466136,3761.067315,563.6011789999998,17.626494074619337,True,True
dispatch_development_uniform_2026091303_positive,2026091303,uniform,13,positive,pre_round_stress,COVERAGE_PRIORITY,3234.431018,3731.765702,497.3346839999999,15.376264982380894,True,True
dispatch_development_uniform_2026091303_smooth,2026091303,uniform,13,smooth,pre_round_stress,COVERAGE_PRIORITY,3252.867678,3731.427002,478.55932399999983,14.71192103006902,True,True
dispatch_development_uniform_2026091303_spatial_hash,2026091303,uniform,13,spatial_hash,pre_round_stress,COVERAGE_PRIORITY,3189.318307,3763.522771,574.2044639999999,18.003987332958292,True,True
dispatch_development_uniform_2026091304_negative,2026091304,uniform,14,negative,pre_round_stress,COVERAGE_PRIORITY,3380.771738,4217.04718,836.2754419999997,24.73622908640156,True,True
dispatch_development_uniform_2026091304_positive,2026091304,uniform,14,positive,pre_round_stress,COVERAGE_PRIORITY,3511.271918,4276.700004,765.4280860000003,21.799168616823717,True,True
dispatch_development_uniform_2026091304_smooth,2026091304,uniform,14,smooth,pre_round_stress,COVERAGE_PRIORITY,3466.657513,4231.402592,764.7450790000003,22.060012450961718,True,True
dispatch_development_uniform_2026091304_spatial_hash,2026091304,uniform,14,spatial_hash,pre_round_stress,COVERAGE_PRIORITY,3449.560056,4267.537361,817.9773049999999,23.7125109208419,True,True
dispatch_development_uniform_2026091305_negative,2026091305,uniform,15,negative,pre_round_stress,COVERAGE_PRIORITY,3628.673934,4502.015278,873.3413439999999,24.067782332740183,True,True
dispatch_development_uniform_2026091305_positive,2026091305,uniform,15,positive,pre_round_stress,COVERAGE_PRIORITY,3430.605874,4372.319963,941.7140890000001,27.450372429462,True,True
dispatch_development_uniform_2026091305_smooth,2026091305,uniform,15,smooth,pre_round_stress,COVERAGE_PRIORITY,3453.401893,4437.525674,984.1237810000002,28.49722712536893,True,True
dispatch_development_uniform_2026091305_spatial_hash,2026091305,uniform,15,spatial_hash,pre_round_stress,COVERAGE_PRIORITY,3593.188085,4421.177235,827.9891500000003,23.043301113473458,True,True
dispatch_development_uniform_2026091306_negative,2026091306,uniform,16,negative,pre_round_stress,COVERAGE_PRIORITY,3967.267701,4551.384648,584.116947,14.723406410229533,True,True
dispatch_development_uniform_2026091306_positive,2026091306,uniform,16,positive,pre_round_stress,COVERAGE_PRIORITY,3811.594716,4590.741047,779.1463310000004,20.441478936083215,True,True
dispatch_development_uniform_2026091306_smooth,2026091306,uniform,16,smooth,pre_round_stress,COVERAGE_PRIORITY,3935.196314,4540.713732,605.5174180000004,15.38722263602934,True,True
dispatch_development_uniform_2026091306_spatial_hash,2026091306,uniform,16,spatial_hash,pre_round_stress,COVERAGE_PRIORITY,4157.072183,4552.307648,395.23546499999975,9.507543954042518,True,True
dispatch_development_cluster_2026091314_negative,2026091314,cluster,10,negative,bounded,SERVICE_PAIR,2117.559119,2179.70474,62.14562100000012,2.9347761978587794,True,True
dispatch_development_cluster_2026091314_positive,2026091314,cluster,10,positive,bounded,SERVICE_PAIR,2103.266382,2124.809532,21.543150000000423,1.0242711139382576,True,True
dispatch_development_cluster_2026091314_smooth,2026091314,cluster,10,smooth,bounded,SERVICE_PAIR,2074.797142,2176.468357,101.6712150000003,4.900296657532244,True,True
dispatch_development_cluster_2026091314_spatial_hash,2026091314,cluster,10,spatial_hash,bounded,SERVICE_PAIR,2091.245364,2152.215982,60.970618000000286,2.9155171865332674,True,True
dispatch_development_cluster_2026091315_negative,2026091315,cluster,11,negative,bounded,SERVICE_PAIR,2389.059309,2221.814325,-167.2449840000004,-7.000453415700458,True,True
dispatch_development_cluster_2026091315_positive,2026091315,cluster,11,positive,bounded,SERVICE_PAIR,2173.706601,2199.054085,25.34748400000035,1.1660950005092374,True,True
dispatch_development_cluster_2026091315_smooth,2026091315,cluster,11,smooth,bounded,SERVICE_PAIR,2344.290144,2225.763053,-118.52709099999993,-5.055990671775823,True,True
dispatch_development_cluster_2026091315_spatial_hash,2026091315,cluster,11,spatial_hash,bounded,SERVICE_PAIR,2143.954058,2194.614294,50.66023600000017,2.3629347751629837,True,True
dispatch_development_cluster_2026091316_negative,2026091316,cluster,12,negative,bounded,SERVICE_PAIR,2420.546752,2370.355646,-50.19110600000022,-2.073544167594754,True,True
dispatch_development_cluster_2026091316_positive,2026091316,cluster,12,positive,bounded,SERVICE_PAIR,2350.254346,2284.384027,-65.87031900000011,-2.802688956287125,True,True
dispatch_development_cluster_2026091316_smooth,2026091316,cluster,12,smooth,bounded,SERVICE_PAIR,2234.460985,2398.537029,164.0760439999999,7.3429809292463455,True,True
dispatch_development_cluster_2026091316_spatial_hash,2026091316,cluster,12,spatial_hash,bounded,SERVICE_PAIR,2262.106806,2359.217016,97.11021000000028,4.292910031587627,True,True
dispatch_development_cluster_2026091317_negative,2026091317,cluster,13,negative,bounded,SERVICE_PAIR,2492.968582,2306.010638,-186.95794399999977,-7.499410355585456,True,True
dispatch_development_cluster_2026091317_positive,2026091317,cluster,13,positive,bounded,SERVICE_PAIR,2521.063987,2305.645798,-215.41818899999998,-8.54473310121502,True,True
dispatch_development_cluster_2026091317_smooth,2026091317,cluster,13,smooth,bounded,SERVICE_PAIR,2486.693204,2302.185612,-184.50759199999993,-7.419797170925957,True,True
dispatch_development_cluster_2026091317_spatial_hash,2026091317,cluster,13,spatial_hash,bounded,SERVICE_PAIR,2526.475948,2288.86563,-237.610318,-9.40481219257584,True,True
dispatch_development_cluster_2026091318_negative,2026091318,cluster,14,negative,bounded,SERVICE_PAIR,1947.969347,1952.343399,4.37405200000012,0.22454419042765572,True,True
dispatch_development_cluster_2026091318_positive,2026091318,cluster,14,positive,bounded,SERVICE_PAIR,1922.047939,1944.444245,22.396305999999868,1.1652313943663728,True,True
dispatch_development_cluster_2026091318_smooth,2026091318,cluster,14,smooth,bounded,SERVICE_PAIR,1945.030469,1959.148189,14.117719999999963,0.725835416206011,True,True
dispatch_development_cluster_2026091318_spatial_hash,2026091318,cluster,14,spatial_hash,bounded,SERVICE_PAIR,1949.611193,1975.518841,25.90764800000011,1.3288622928007587,True,True
dispatch_development_cluster_2026091319_negative,2026091319,cluster,15,negative,bounded,SERVICE_PAIR,2271.63164,2301.375707,29.744067000000086,1.3093701670751523,True,True
dispatch_development_cluster_2026091319_positive,2026091319,cluster,15,positive,bounded,SERVICE_PAIR,2219.447558,2291.21611,71.768552,3.2336223372933626,True,True
dispatch_development_cluster_2026091319_smooth,2026091319,cluster,15,smooth,bounded,SERVICE_PAIR,2294.436687,2324.808796,30.37210899999991,1.3237283544185185,True,True
dispatch_development_cluster_2026091319_spatial_hash,2026091319,cluster,15,spatial_hash,bounded,SERVICE_PAIR,2249.711219,2322.974707,73.26348800000005,3.256572993958118,True,True
dispatch_development_cluster_2026091320_negative,2026091320,cluster,16,negative,bounded,SERVICE_PAIR,1057.408694,1020.372483,-37.03621099999998,-3.5025445894432905,True,True
dispatch_development_cluster_2026091320_positive,2026091320,cluster,16,positive,bounded,SERVICE_PAIR,1042.350538,1038.617316,-3.7332219999998415,-0.3581541778798214,True,True
dispatch_development_cluster_2026091320_smooth,2026091320,cluster,16,smooth,bounded,SERVICE_PAIR,960.362381,1012.74613,52.383748999999966,5.454581524263169,True,True
dispatch_development_cluster_2026091320_spatial_hash,2026091320,cluster,16,spatial_hash,bounded,SERVICE_PAIR,1026.581858,1008.848261,-17.73359700000003,-1.727441105821692,True,True
dispatch_development_min_radius_2026091321_negative,2026091321,min_radius,10,negative,bounded,SERVICE_PAIR,3289.570746,3305.58651,16.015764000000217,0.48686485978375327,True,True
dispatch_development_min_radius_2026091321_positive,2026091321,min_radius,10,positive,bounded,SERVICE_PAIR,3216.437047,3236.819385,20.38233799999989,0.6336930492393922,True,True
dispatch_development_min_radius_2026091321_smooth,2026091321,min_radius,10,smooth,bounded,SERVICE_PAIR,3274.410576,3299.801781,25.3912049999999,0.7754435313062524,True,True
dispatch_development_min_radius_2026091321_spatial_hash,2026091321,min_radius,10,spatial_hash,bounded,SERVICE_PAIR,3255.97061,3273.832951,17.862341000000015,0.5486026484741613,True,True
dispatch_development_min_radius_2026091322_negative,2026091322,min_radius,11,negative,bounded,SERVICE_PAIR,3381.5369,3711.193345,329.6564450000001,9.748716478592922,True,True
dispatch_development_min_radius_2026091322_positive,2026091322,min_radius,11,positive,bounded,SERVICE_PAIR,3287.74129,3614.395699,326.6544090000002,9.935526557200625,True,True
dispatch_development_min_radius_2026091322_smooth,2026091322,min_radius,11,smooth,bounded,SERVICE_PAIR,3332.533794,3654.361936,321.82814199999984,9.657160643934937,True,True
dispatch_development_min_radius_2026091322_spatial_hash,2026091322,min_radius,11,spatial_hash,bounded,SERVICE_PAIR,3306.61828,3629.123517,322.50523699999985,9.753325291602755,True,True
dispatch_development_min_radius_2026091323_negative,2026091323,min_radius,12,negative,bounded,SERVICE_PAIR,3591.413651,3892.324565,300.91091400000005,8.378620321728025,True,True
dispatch_development_min_radius_2026091323_positive,2026091323,min_radius,12,positive,bounded,SERVICE_PAIR,3486.139701,3444.577785,-41.56191600000011,-1.1922045461367548,True,True
dispatch_development_min_radius_2026091323_smooth,2026091323,min_radius,12,smooth,bounded,SERVICE_PAIR,3501.546796,3429.817495,-71.7293010000003,-2.0485032809483106,True,True
dispatch_development_min_radius_2026091323_spatial_hash,2026091323,min_radius,12,spatial_hash,bounded,SERVICE_PAIR,3465.40647,3874.382245,408.9757749999999,11.801668247015185,True,True
dispatch_development_min_radius_2026091324_negative,2026091324,min_radius,13,negative,bounded,SERVICE_PAIR,4124.705997,4392.146918,267.44092100000034,6.483878395078735,True,True
dispatch_development_min_radius_2026091324_positive,2026091324,min_radius,13,positive,bounded,SERVICE_PAIR,4176.069137,4404.97265,228.9035129999993,5.4813152151125255,True,True
dispatch_development_min_radius_2026091324_smooth,2026091324,min_radius,13,smooth,bounded,SERVICE_PAIR,4120.76063,4358.951224,238.1905940000006,5.780257952037382,True,True
dispatch_development_min_radius_2026091324_spatial_hash,2026091324,min_radius,13,spatial_hash,bounded,SERVICE_PAIR,4171.698707,4431.852551,260.1538440000004,6.236160908827593,True,True
dispatch_development_min_radius_2026091325_negative,2026091325,min_radius,14,negative,bounded,SERVICE_PAIR,3319.663532,4022.21191,702.548378,21.1632405280765,True,True
dispatch_development_min_radius_2026091325_positive,2026091325,min_radius,14,positive,bounded,SERVICE_PAIR,3429.445466,4067.764131,638.3186649999998,18.612882791937647,True,True
dispatch_development_min_radius_2026091325_smooth,2026091325,min_radius,14,smooth,bounded,SERVICE_PAIR,3431.624371,4036.185014,604.5606430000003,17.617331550300964,True,True
dispatch_development_min_radius_2026091325_spatial_hash,2026091325,min_radius,14,spatial_hash,bounded,SERVICE_PAIR,3385.645175,4074.197585,688.5524099999998,20.337406148888594,True,True
dispatch_development_min_radius_2026091326_negative,2026091326,min_radius,15,negative,bounded,SERVICE_PAIR,3916.261661,4037.853946,121.59228500000017,3.104804926873861,True,True
dispatch_development_min_radius_2026091326_positive,2026091326,min_radius,15,positive,bounded,SERVICE_PAIR,3843.229319,4142.765412,299.5360929999997,7.7938646939220035,True,True
dispatch_development_min_radius_2026091326_smooth,2026091326,min_radius,15,smooth,bounded,SERVICE_PAIR,3847.122461,4126.719289,279.59682799999973,7.2676872346642885,True,True
dispatch_development_min_radius_2026091326_spatial_hash,2026091326,min_radius,15,spatial_hash,bounded,SERVICE_PAIR,3879.825385,4081.113975,201.2885900000001,5.188083741557348,True,True
dispatch_development_min_radius_2026091327_negative,2026091327,min_radius,16,negative,bounded,SERVICE_PAIR,3848.031747,3914.049439,66.0176919999999,1.7156223321563857,True,True
dispatch_development_min_radius_2026091327_positive,2026091327,min_radius,16,positive,bounded,SERVICE_PAIR,3792.731434,3882.155099,89.42366500000026,2.3577642276054744,True,True
dispatch_development_min_radius_2026091327_smooth,2026091327,min_radius,16,smooth,bounded,SERVICE_PAIR,3809.876043,3887.779826,77.90378299999975,2.0447852402740274,True,True
dispatch_development_min_radius_2026091327_spatial_hash,2026091327,min_radius,16,spatial_hash,bounded,SERVICE_PAIR,3787.359262,3898.917815,111.55855299999985,2.9455497955873655,True,True
dispatch_development_outer_2026091307_negative,2026091307,outer,10,negative,bounded,SERVICE_PAIR,3550.300633,3374.098613,-176.20201999999972,-4.963016888265859,True,True
dispatch_development_outer_2026091307_positive,2026091307,outer,10,positive,bounded,SERVICE_PAIR,3570.237987,3357.050738,-213.18724900000007,-5.9712335641562415,True,True
dispatch_development_outer_2026091307_smooth,2026091307,outer,10,smooth,bounded,SERVICE_PAIR,3563.44455,3357.047412,-206.39713800000027,-5.7920681830169185,True,True
dispatch_development_outer_2026091307_spatial_hash,2026091307,outer,10,spatial_hash,bounded,SERVICE_PAIR,3575.179805,3390.189292,-184.9905130000002,-5.174299562256568,True,True
dispatch_development_outer_2026091308_negative,2026091308,outer,11,negative,bounded,SERVICE_PAIR,2463.823071,2256.700726,-207.12234499999977,-8.406542963165542,True,True
dispatch_development_outer_2026091308_positive,2026091308,outer,11,positive,bounded,SERVICE_PAIR,2469.935892,2309.266957,-160.66893500000015,-6.5049840168078354,True,True
dispatch_development_outer_2026091308_smooth,2026091308,outer,11,smooth,bounded,SERVICE_PAIR,2500.267471,2304.253003,-196.0144680000003,-7.839739958765413,True,True
dispatch_development_outer_2026091308_spatial_hash,2026091308,outer,11,spatial_hash,bounded,SERVICE_PAIR,2486.35374,2323.223568,-163.13017200000013,-6.561020235197912,True,True
dispatch_development_outer_2026091309_negative,2026091309,outer,12,negative,bounded,SERVICE_PAIR,3490.137784,4413.00578,922.8679960000004,26.442165126853933,True,True
dispatch_development_outer_2026091309_positive,2026091309,outer,12,positive,bounded,SERVICE_PAIR,3557.365423,4480.351527,922.9861039999996,25.94577712012578,True,True
dispatch_development_outer_2026091309_smooth,2026091309,outer,12,smooth,bounded,SERVICE_PAIR,3499.246729,4454.840465,955.5937360000003,27.308555526551448,True,True
dispatch_development_outer_2026091309_spatial_hash,2026091309,outer,12,spatial_hash,bounded,SERVICE_PAIR,3514.631513,4462.666505,948.0349920000003,26.97395128033726,True,True
dispatch_development_outer_2026091310_negative,2026091310,outer,13,negative,bounded,SERVICE_PAIR,2296.26251,2563.181344,266.91883400000006,11.624055735683282,True,True
dispatch_development_outer_2026091310_positive,2026091310,outer,13,positive,bounded,SERVICE_PAIR,2276.989919,2526.887228,249.89730899999995,10.974897469451639,True,True
dispatch_development_outer_2026091310_smooth,2026091310,outer,13,smooth,bounded,SERVICE_PAIR,2282.330133,2543.541531,261.2113979999999,11.444943666263207,True,True
dispatch_development_outer_2026091310_spatial_hash,2026091310,outer,13,spatial_hash,bounded,SERVICE_PAIR,2274.996842,2537.488648,262.491806,11.538117379065804,True,True
dispatch_development_outer_2026091311_negative,2026091311,outer,14,negative,bounded,SERVICE_PAIR,3722.404984,4019.417115,297.0121310000004,7.979038612849676,True,True
dispatch_development_outer_2026091311_positive,2026091311,outer,14,positive,bounded,SERVICE_PAIR,3648.855935,4106.003383,457.14744800000017,12.528514584942085,True,True
dispatch_development_outer_2026091311_smooth,2026091311,outer,14,smooth,bounded,SERVICE_PAIR,3729.360382,4059.209579,329.849197,8.844658687104602,True,True
dispatch_development_outer_2026091311_spatial_hash,2026091311,outer,14,spatial_hash,bounded,SERVICE_PAIR,3727.54899,4109.94917,382.4001800000001,10.25875665285354,True,True
dispatch_development_outer_2026091312_negative,2026091312,outer,15,negative,bounded,SERVICE_PAIR,2613.224342,2492.875147,-120.34919499999978,-4.60539086008559,True,True
dispatch_development_outer_2026091312_positive,2026091312,outer,15,positive,bounded,SERVICE_PAIR,2621.262597,2450.847882,-170.4147149999999,-6.501245437791592,True,True
dispatch_development_outer_2026091312_smooth,2026091312,outer,15,smooth,bounded,SERVICE_PAIR,2649.832806,2484.39992,-165.43288600000005,-6.243144308026205,True,True
dispatch_development_outer_2026091312_spatial_hash,2026091312,outer,15,spatial_hash,bounded,SERVICE_PAIR,2673.028515,2498.965949,-174.06256600000006,-6.511811042165405,True,True
dispatch_development_outer_2026091313_negative,2026091313,outer,16,negative,bounded,SERVICE_PAIR,3913.776992,4568.206723,654.4297310000002,16.721180903707467,True,True
dispatch_development_outer_2026091313_positive,2026091313,outer,16,positive,bounded,SERVICE_PAIR,3948.108987,4637.247524,689.1385370000003,17.45490155588758,True,True
dispatch_development_outer_2026091313_smooth,2026091313,outer,16,smooth,bounded,SERVICE_PAIR,3981.396854,4632.565696,651.1688419999996,16.355285993301273,True,True
dispatch_development_outer_2026091313_spatial_hash,2026091313,outer,16,spatial_hash,bounded,SERVICE_PAIR,3900.064825,4583.689162,683.6243369999997,17.528537798086475,True,True
dispatch_development_radial_2026091328_negative,2026091328,radial,10,negative,bounded,SERVICE_PAIR,2834.369393,2842.11046,7.74106699999993,0.2731142602343306,True,True
dispatch_development_radial_2026091328_positive,2026091328,radial,10,positive,bounded,SERVICE_PAIR,2981.274825,2837.882935,-143.39188999999988,-4.809750808532042,True,True
dispatch_development_radial_2026091328_smooth,2026091328,radial,10,smooth,bounded,SERVICE_PAIR,2871.895562,2791.46685,-80.42871200000036,-2.8005444579603522,True,True
dispatch_development_radial_2026091328_spatial_hash,2026091328,radial,10,spatial_hash,bounded,SERVICE_PAIR,2796.855461,2865.991209,69.1357479999997,2.471909934712202,True,True
dispatch_development_radial_2026091329_negative,2026091329,radial,11,negative,bounded,SERVICE_PAIR,2496.202771,2663.37097,167.16819899999973,6.696899824890057,True,True
dispatch_development_radial_2026091329_positive,2026091329,radial,11,positive,bounded,SERVICE_PAIR,2488.521843,2651.281075,162.75923199999988,6.540397965877931,True,True
dispatch_development_radial_2026091329_smooth,2026091329,radial,11,smooth,bounded,SERVICE_PAIR,2536.076704,2635.016123,98.93941899999982,3.9012786499694085,True,True
dispatch_development_radial_2026091329_spatial_hash,2026091329,radial,11,spatial_hash,bounded,SERVICE_PAIR,2496.899004,2657.76892,160.8699160000001,6.442788264254529,True,True
dispatch_development_radial_2026091330_negative,2026091330,radial,12,negative,bounded,SERVICE_PAIR,2450.979019,2457.007335,6.028315999999904,0.2459554305960232,True,True
dispatch_development_radial_2026091330_positive,2026091330,radial,12,positive,bounded,SERVICE_PAIR,2506.072129,2508.988579,2.9164499999997133,0.11637534156543339,True,True
dispatch_development_radial_2026091330_smooth,2026091330,radial,12,smooth,bounded,SERVICE_PAIR,2464.931869,2464.931869,0.0,0.0,True,True
dispatch_development_radial_2026091330_spatial_hash,2026091330,radial,12,spatial_hash,bounded,SERVICE_PAIR,2444.825497,2656.201077,211.37558000000035,8.64583506100438,True,True
dispatch_development_radial_2026091331_negative,2026091331,radial,13,negative,bounded,SERVICE_PAIR,2611.181217,2817.327383,206.146166,7.894747582354422,True,True
dispatch_development_radial_2026091331_positive,2026091331,radial,13,positive,bounded,SERVICE_PAIR,2721.37942,2876.968173,155.588753,5.717275285340406,True,True
dispatch_development_radial_2026091331_smooth,2026091331,radial,13,smooth,bounded,SERVICE_PAIR,2713.383795,3055.55565,342.1718549999996,12.6105218005107,True,True
dispatch_development_radial_2026091331_spatial_hash,2026091331,radial,13,spatial_hash,bounded,SERVICE_PAIR,2626.491412,2809.645139,183.15372700000034,6.973322896210576,True,True
dispatch_development_radial_2026091332_negative,2026091332,radial,14,negative,bounded,SERVICE_PAIR,2865.319336,2618.238013,-247.08132299999988,-8.623168799919057,True,True
dispatch_development_radial_2026091332_positive,2026091332,radial,14,positive,bounded,SERVICE_PAIR,2621.58224,2700.731054,79.14881399999967,3.019123825007286,True,True
dispatch_development_radial_2026091332_smooth,2026091332,radial,14,smooth,bounded,SERVICE_PAIR,2531.561178,2613.505261,81.94408299999986,3.2368991795307167,True,True
dispatch_development_radial_2026091332_spatial_hash,2026091332,radial,14,spatial_hash,bounded,SERVICE_PAIR,2562.979481,2555.51163,-7.467850999999882,-0.29137381143161667,True,True
dispatch_development_radial_2026091333_negative,2026091333,radial,15,negative,bounded,SERVICE_PAIR,2434.230595,2583.276887,149.046292,6.122932326384634,True,True
dispatch_development_radial_2026091333_positive,2026091333,radial,15,positive,bounded,SERVICE_PAIR,2465.979075,2594.391226,128.412151,5.20734957980129,True,True
dispatch_development_radial_2026091333_smooth,2026091333,radial,15,smooth,bounded,SERVICE_PAIR,2483.307474,2602.125459,118.81798499999968,4.784666669110171,True,True
dispatch_development_radial_2026091333_spatial_hash,2026091333,radial,15,spatial_hash,bounded,SERVICE_PAIR,2543.111503,3062.872159,519.7606559999999,20.43798140139983,True,True
dispatch_development_radial_2026091334_negative,2026091334,radial,16,negative,bounded,SERVICE_PAIR,1733.643185,1619.831762,-113.81142299999988,-6.564870094649833,True,True
dispatch_development_radial_2026091334_positive,2026091334,radial,16,positive,bounded,SERVICE_PAIR,1741.166776,1552.708262,-188.45851399999992,-10.82369113617867,True,True
dispatch_development_radial_2026091334_smooth,2026091334,radial,16,smooth,bounded,SERVICE_PAIR,2678.714042,1545.291154,-1133.422888,-42.31220168442302,True,True
dispatch_development_radial_2026091334_spatial_hash,2026091334,radial,16,spatial_hash,bounded,SERVICE_PAIR,1820.653163,1586.488107,-234.16505600000005,-12.861596088634041,True,True
dispatch_development_reception_edge_2026091335_negative,2026091335,reception_edge,10,negative,bounded,SERVICE_PAIR,3549.83371,3584.074787,34.24107700000013,0.9645825635026695,True,True
dispatch_development_reception_edge_2026091335_positive,2026091335,reception_edge,10,positive,bounded,SERVICE_PAIR,3578.292354,3627.96575,49.673395999999684,1.3881871877928553,True,True
dispatch_development_reception_edge_2026091335_smooth,2026091335,reception_edge,10,smooth,bounded,SERVICE_PAIR,3594.469725,3696.473969,102.0042440000002,2.8378106314416174,True,True
dispatch_development_reception_edge_2026091335_spatial_hash,2026091335,reception_edge,10,spatial_hash,bounded,SERVICE_PAIR,3568.151988,3621.527897,53.375908999999865,1.4958978535529743,True,True
dispatch_development_reception_edge_2026091336_negative,2026091336,reception_edge,11,negative,bounded,SERVICE_PAIR,3056.657098,3607.629648,550.97255,18.025330690855256,True,True
dispatch_development_reception_edge_2026091336_positive,2026091336,reception_edge,11,positive,bounded,SERVICE_PAIR,3044.456745,3669.326757,624.8700119999999,20.524844474346438,True,True
dispatch_development_reception_edge_2026091336_smooth,2026091336,reception_edge,11,smooth,bounded,SERVICE_PAIR,3018.504622,3412.695899,394.1912769999999,13.059157641402486,True,True
dispatch_development_reception_edge_2026091336_spatial_hash,2026091336,reception_edge,11,spatial_hash,bounded,SERVICE_PAIR,3067.356765,3616.329391,548.9726260000002,17.897253826618375,True,True
dispatch_development_reception_edge_2026091337_negative,2026091337,reception_edge,12,negative,bounded,SERVICE_PAIR,3590.720038,3870.658835,279.93879700000025,7.796174417316126,True,True
dispatch_development_reception_edge_2026091337_positive,2026091337,reception_edge,12,positive,bounded,SERVICE_PAIR,3931.425931,3943.17269,11.746758999999656,0.29879130895928974,True,True
dispatch_development_reception_edge_2026091337_smooth,2026091337,reception_edge,12,smooth,bounded,SERVICE_PAIR,3911.745014,3902.627013,-9.118001000000277,-0.23309292828053163,True,True
dispatch_development_reception_edge_2026091337_spatial_hash,2026091337,reception_edge,12,spatial_hash,bounded,SERVICE_PAIR,3627.563015,3918.299107,290.73609199999964,8.014639326672036,True,True
dispatch_development_reception_edge_2026091338_negative,2026091338,reception_edge,13,negative,bounded,SERVICE_PAIR,3940.946121,4494.384827,553.4387059999999,14.043295417080381,True,True
dispatch_development_reception_edge_2026091338_positive,2026091338,reception_edge,13,positive,bounded,SERVICE_PAIR,3951.768423,4432.651669,480.8832459999999,12.16881139089967,True,True
dispatch_development_reception_edge_2026091338_smooth,2026091338,reception_edge,13,smooth,bounded,SERVICE_PAIR,3977.289486,4424.729434,447.43994799999973,11.249871289856618,True,True
dispatch_development_reception_edge_2026091338_spatial_hash,2026091338,reception_edge,13,spatial_hash,bounded,SERVICE_PAIR,3930.673356,4481.094118,550.4207620000002,14.003218078648217,True,True
dispatch_development_reception_edge_2026091339_negative,2026091339,reception_edge,14,negative,bounded,SERVICE_PAIR,3772.223662,4227.429433,455.20577100000037,12.067305965592045,True,True
dispatch_development_reception_edge_2026091339_positive,2026091339,reception_edge,14,positive,bounded,SERVICE_PAIR,3912.568597,4155.807232,243.23863500000016,6.216852918221183,True,True
dispatch_development_reception_edge_2026091339_smooth,2026091339,reception_edge,14,smooth,bounded,SERVICE_PAIR,3889.557319,4233.071668,343.5143489999996,8.831708105237968,True,True
dispatch_development_reception_edge_2026091339_spatial_hash,2026091339,reception_edge,14,spatial_hash,bounded,SERVICE_PAIR,3923.446386,4259.850934,336.404548,8.57421039829649,True,True
dispatch_development_reception_edge_2026091340_negative,2026091340,reception_edge,15,negative,bounded,SERVICE_PAIR,4207.406019,4865.098365,657.6923459999998,15.631777466447549,True,True
dispatch_development_reception_edge_2026091340_positive,2026091340,reception_edge,15,positive,bounded,SERVICE_PAIR,4204.956573,4921.616093,716.6595199999992,17.043208593441015,True,True
dispatch_development_reception_edge_2026091340_smooth,2026091340,reception_edge,15,smooth,bounded,SERVICE_PAIR,4211.04073,4896.541721,685.5009909999999,16.278659717451838,True,True
dispatch_development_reception_edge_2026091340_spatial_hash,2026091340,reception_edge,15,spatial_hash,bounded,SERVICE_PAIR,4202.863157,4888.958102,686.0949449999998,16.324465474382333,True,True
dispatch_development_reception_edge_2026091341_negative,2026091341,reception_edge,16,negative,bounded,SERVICE_PAIR,4069.975775,4086.690589,16.714813999999933,0.41068583510179835,True,True
dispatch_development_reception_edge_2026091341_positive,2026091341,reception_edge,16,positive,bounded,SERVICE_PAIR,3938.445409,4663.388663,724.9432539999998,18.406837691424748,True,True
dispatch_development_reception_edge_2026091341_smooth,2026091341,reception_edge,16,smooth,bounded,SERVICE_PAIR,4027.782147,4130.590454,102.80830700000024,2.5524793359684272,True,True
dispatch_development_reception_edge_2026091341_spatial_hash,2026091341,reception_edge,16,spatial_hash,bounded,SERVICE_PAIR,4010.982083,4848.110518,837.1284350000005,20.87090936028,True,True
dispatch_development_uniform_2026091300_negative,2026091300,uniform,10,negative,bounded,SERVICE_PAIR,3155.858457,3157.772691,1.914234000000306,0.06065652265723198,True,True
dispatch_development_uniform_2026091300_positive,2026091300,uniform,10,positive,bounded,SERVICE_PAIR,3170.951423,3165.880598,-5.070824999999786,-0.15991493793374723,True,True
dispatch_development_uniform_2026091300_smooth,2026091300,uniform,10,smooth,bounded,SERVICE_PAIR,3218.724698,3219.643578,0.918880000000172,0.028547952565527446,True,True
dispatch_development_uniform_2026091300_spatial_hash,2026091300,uniform,10,spatial_hash,bounded,SERVICE_PAIR,3174.491753,3175.875575,1.3838220000002366,0.04359192298082348,True,True
dispatch_development_uniform_2026091301_negative,2026091301,uniform,11,negative,bounded,SERVICE_PAIR,3722.752628,3959.766674,237.01404599999978,6.366634307564301,True,True
dispatch_development_uniform_2026091301_positive,2026091301,uniform,11,positive,bounded,SERVICE_PAIR,3583.856524,3864.219293,280.3627690000003,7.822935073502402,True,True
dispatch_development_uniform_2026091301_smooth,2026091301,uniform,11,smooth,bounded,SERVICE_PAIR,3739.757401,4009.109219,269.3518180000001,7.202387457752635,True,True
dispatch_development_uniform_2026091301_spatial_hash,2026091301,uniform,11,spatial_hash,bounded,SERVICE_PAIR,3422.535735,3902.456331,479.92059599999993,14.022369177688066,True,True
dispatch_development_uniform_2026091302_negative,2026091302,uniform,12,negative,bounded,SERVICE_PAIR,3094.316653,3032.124366,-62.19228699999985,-2.009887609262717,True,True
dispatch_development_uniform_2026091302_positive,2026091302,uniform,12,positive,bounded,SERVICE_PAIR,2898.779189,3018.142773,119.36358400000017,4.117719088537308,True,True
dispatch_development_uniform_2026091302_smooth,2026091302,uniform,12,smooth,bounded,SERVICE_PAIR,2905.445945,3062.715242,157.26929700000028,5.4129142299358834,True,True
dispatch_development_uniform_2026091302_spatial_hash,2026091302,uniform,12,spatial_hash,bounded,SERVICE_PAIR,3061.054645,3032.085404,-28.96924100000024,-0.9463810470459633,True,True
dispatch_development_uniform_2026091303_negative,2026091303,uniform,13,negative,bounded,SERVICE_PAIR,3197.227235,4328.225338,1130.9981030000004,35.374342199358885,True,True
dispatch_development_uniform_2026091303_positive,2026091303,uniform,13,positive,bounded,SERVICE_PAIR,3234.735105,4413.97214,1179.2370349999997,36.45544369853431,True,True
dispatch_development_uniform_2026091303_smooth,2026091303,uniform,13,smooth,bounded,SERVICE_PAIR,3253.01159,4468.29734,1215.28575,37.35878942872135,True,True
dispatch_development_uniform_2026091303_spatial_hash,2026091303,uniform,13,spatial_hash,bounded,SERVICE_PAIR,3189.318307,4388.161005,1198.842698,37.58930851676825,True,True
dispatch_development_uniform_2026091304_negative,2026091304,uniform,14,negative,bounded,SERVICE_PAIR,3380.876498,4255.370256,874.4937580000001,25.865888875778744,True,True
dispatch_development_uniform_2026091304_positive,2026091304,uniform,14,positive,bounded,SERVICE_PAIR,3510.868562,3925.481368,414.6128060000001,11.809408375111929,True,True
dispatch_development_uniform_2026091304_smooth,2026091304,uniform,14,smooth,bounded,SERVICE_PAIR,3466.657513,3983.431249,516.7737360000001,14.906974053886014,True,True
dispatch_development_uniform_2026091304_spatial_hash,2026091304,uniform,14,spatial_hash,bounded,SERVICE_PAIR,3449.560056,3973.533229,523.9731730000003,15.18956517624983,True,True
dispatch_development_uniform_2026091305_negative,2026091305,uniform,15,negative,bounded,SERVICE_PAIR,3628.466106,4229.911455,601.4453490000005,16.575746649678113,True,True
dispatch_development_uniform_2026091305_positive,2026091305,uniform,15,positive,bounded,SERVICE_PAIR,3431.008674,4275.789945,844.7812710000003,24.621950897463705,True,True
dispatch_development_uniform_2026091305_smooth,2026091305,uniform,15,smooth,bounded,SERVICE_PAIR,3453.452409,4363.603224,910.1508150000004,26.354809831114736,True,True
dispatch_development_uniform_2026091305_spatial_hash,2026091305,uniform,15,spatial_hash,bounded,SERVICE_PAIR,3593.188085,4412.605513,819.4174280000007,22.804746331557556,True,True
dispatch_development_uniform_2026091306_negative,2026091306,uniform,16,negative,bounded,SERVICE_PAIR,3967.752616,4373.170131,405.41751499999964,10.217812304253782,True,True
dispatch_development_uniform_2026091306_positive,2026091306,uniform,16,positive,bounded,SERVICE_PAIR,3812.04901,4193.869011,381.8200009999996,10.016135679220973,True,True
dispatch_development_uniform_2026091306_smooth,2026091306,uniform,16,smooth,bounded,SERVICE_PAIR,3935.194121,4271.125208,335.9310870000004,8.536582355805988,True,True
dispatch_development_uniform_2026091306_spatial_hash,2026091306,uniform,16,spatial_hash,bounded,SERVICE_PAIR,4157.072183,4315.020812,157.94862899999953,3.7995161509563724,True,True
dispatch_development_cluster_2026091314_negative,2026091314,cluster,10,negative,pre_round_stress,SERVICE_PAIR,2079.856384,2179.746644,99.89025999999967,4.802747957428188,True,True
dispatch_development_cluster_2026091314_positive,2026091314,cluster,10,positive,pre_round_stress,SERVICE_PAIR,2072.141561,2124.838049,52.696488000000045,2.5430930488440806,True,True
dispatch_development_cluster_2026091314_smooth,2026091314,cluster,10,smooth,pre_round_stress,SERVICE_PAIR,2097.484088,2176.490963,79.00687500000004,3.7667449041453693,True,True
dispatch_development_cluster_2026091314_spatial_hash,2026091314,cluster,10,spatial_hash,pre_round_stress,SERVICE_PAIR,2091.245364,2152.215982,60.970618000000286,2.9155171865332674,True,True
dispatch_development_cluster_2026091315_negative,2026091315,cluster,11,negative,pre_round_stress,SERVICE_PAIR,2389.457857,2221.962804,-167.4950530000001,-7.009751291880606,True,True
dispatch_development_cluster_2026091315_positive,2026091315,cluster,11,positive,pre_round_stress,SERVICE_PAIR,2173.835339,2199.158956,25.323617000000013,1.1649280212570945,True,True
dispatch_development_cluster_2026091315_smooth,2026091315,cluster,11,smooth,pre_round_stress,SERVICE_PAIR,2344.293234,2225.77373,-118.51950400000032,-5.055660370514903,True,True
dispatch_development_cluster_2026091315_spatial_hash,2026091315,cluster,11,spatial_hash,pre_round_stress,SERVICE_PAIR,2143.954058,2194.614294,50.66023600000017,2.3629347751629837,True,True
dispatch_development_cluster_2026091316_negative,2026091316,cluster,12,negative,pre_round_stress,SERVICE_PAIR,2420.620371,2370.547082,-50.07328899999993,-2.0686138809661303,True,True
dispatch_development_cluster_2026091316_positive,2026091316,cluster,12,positive,pre_round_stress,SERVICE_PAIR,2218.631645,2284.454484,65.82283899999993,2.9668214256449943,True,True
dispatch_development_cluster_2026091316_smooth,2026091316,cluster,12,smooth,pre_round_stress,SERVICE_PAIR,2345.093551,2398.466161,53.372609999999895,2.2759266886065443,True,True
dispatch_development_cluster_2026091316_spatial_hash,2026091316,cluster,12,spatial_hash,pre_round_stress,SERVICE_PAIR,2262.106806,2359.217016,97.11021000000028,4.292910031587627,True,True
dispatch_development_cluster_2026091317_negative,2026091317,cluster,13,negative,pre_round_stress,SERVICE_PAIR,2385.802207,2306.130705,-79.67150200000015,-3.339400968204409,True,True
dispatch_development_cluster_2026091317_positive,2026091317,cluster,13,positive,pre_round_stress,SERVICE_PAIR,2267.381063,2305.7019,38.32083700000021,1.6900924871136258,True,True
dispatch_development_cluster_2026091317_smooth,2026091317,cluster,13,smooth,pre_round_stress,SERVICE_PAIR,2486.693204,2302.185612,-184.50759199999993,-7.419797170925957,True,True
dispatch_development_cluster_2026091317_spatial_hash,2026091317,cluster,13,spatial_hash,pre_round_stress,SERVICE_PAIR,2526.475948,2288.86563,-237.610318,-9.40481219257584,True,True
dispatch_development_cluster_2026091318_negative,2026091318,cluster,14,negative,pre_round_stress,SERVICE_PAIR,1948.027665,1952.401598,4.373932999999852,0.22453135951741032,True,True
dispatch_development_cluster_2026091318_positive,2026091318,cluster,14,positive,pre_round_stress,SERVICE_PAIR,1922.082143,1944.508991,22.426847999999836,1.1667996647112933,True,True
dispatch_development_cluster_2026091318_smooth,2026091318,cluster,14,smooth,pre_round_stress,SERVICE_PAIR,1945.030469,1959.150826,14.120357000000013,0.7259709924883451,True,True
dispatch_development_cluster_2026091318_spatial_hash,2026091318,cluster,14,spatial_hash,pre_round_stress,SERVICE_PAIR,1949.611193,1975.518841,25.90764800000011,1.3288622928007587,True,True
dispatch_development_cluster_2026091319_negative,2026091319,cluster,15,negative,pre_round_stress,SERVICE_PAIR,2271.912508,2301.444625,29.5321170000002,1.2998791500997475,True,True
dispatch_development_cluster_2026091319_positive,2026091319,cluster,15,positive,pre_round_stress,SERVICE_PAIR,2219.537046,2291.308988,71.77194200000031,3.233644697633964,True,True
dispatch_development_cluster_2026091319_smooth,2026091319,cluster,15,smooth,pre_round_stress,SERVICE_PAIR,2294.431479,2324.567296,30.135817000000316,1.313432860201802,True,True
dispatch_development_cluster_2026091319_spatial_hash,2026091319,cluster,15,spatial_hash,pre_round_stress,SERVICE_PAIR,2249.711219,2322.974707,73.26348800000005,3.256572993958118,True,True
dispatch_development_cluster_2026091320_negative,2026091320,cluster,16,negative,pre_round_stress,SERVICE_PAIR,1057.592526,1020.586871,-37.00565499999993,-3.4990465694724415,True,True
dispatch_development_cluster_2026091320_positive,2026091320,cluster,16,positive,pre_round_stress,SERVICE_PAIR,1042.353432,1039.04882,-3.3046120000001338,-0.31703373333356044,True,True
dispatch_development_cluster_2026091320_smooth,2026091320,cluster,16,smooth,pre_round_stress,SERVICE_PAIR,960.359821,1012.878171,52.51834999999994,5.468611748595831,True,True
dispatch_development_cluster_2026091320_spatial_hash,2026091320,cluster,16,spatial_hash,pre_round_stress,SERVICE_PAIR,1026.581858,1008.848261,-17.73359700000003,-1.727441105821692,True,True
dispatch_development_min_radius_2026091321_negative,2026091321,min_radius,10,negative,pre_round_stress,SERVICE_PAIR,3289.700367,3305.700994,16.000626999999895,0.4863855432095665,True,True
dispatch_development_min_radius_2026091321_positive,2026091321,min_radius,10,positive,pre_round_stress,SERVICE_PAIR,3216.313715,3236.667175,20.35346000000027,0.6328194885056648,True,True
dispatch_development_min_radius_2026091321_smooth,2026091321,min_radius,10,smooth,pre_round_stress,SERVICE_PAIR,3274.286877,3299.74233,25.455453000000034,0.7774350249762918,True,True
dispatch_development_min_radius_2026091321_spatial_hash,2026091321,min_radius,10,spatial_hash,pre_round_stress,SERVICE_PAIR,3255.97061,3273.832951,17.862341000000015,0.5486026484741613,True,True
dispatch_development_min_radius_2026091322_negative,2026091322,min_radius,11,negative,pre_round_stress,SERVICE_PAIR,3381.878015,3711.707614,329.82959900000014,9.752853223477365,True,True
dispatch_development_min_radius_2026091322_positive,2026091322,min_radius,11,positive,pre_round_stress,SERVICE_PAIR,3287.676667,3614.31724,326.6405729999997,9.935301006897944,True,True
dispatch_development_min_radius_2026091322_smooth,2026091322,min_radius,11,smooth,pre_round_stress,SERVICE_PAIR,3332.598999,3654.427141,321.8281420000003,9.656971693761228,True,True
dispatch_development_min_radius_2026091322_spatial_hash,2026091322,min_radius,11,spatial_hash,pre_round_stress,SERVICE_PAIR,3306.506779,3629.012016,322.5052370000003,9.753654190224804,True,True
dispatch_development_min_radius_2026091323_negative,2026091323,min_radius,12,negative,pre_round_stress,SERVICE_PAIR,3459.785339,3892.516847,432.73150799999985,12.507466955307533,True,True
dispatch_development_min_radius_2026091323_positive,2026091323,min_radius,12,positive,pre_round_stress,SERVICE_PAIR,3486.00798,3444.517886,-41.49009399999977,-1.1901893007141062,True,True
dispatch_development_min_radius_2026091323_smooth,2026091323,min_radius,12,smooth,pre_round_stress,SERVICE_PAIR,3501.546796,3429.817495,-71.7293010000003,-2.0485032809483106,True,True
dispatch_development_min_radius_2026091323_spatial_hash,2026091323,min_radius,12,spatial_hash,pre_round_stress,SERVICE_PAIR,3465.40647,3874.382245,408.9757749999999,11.801668247015185,True,True
dispatch_development_min_radius_2026091324_negative,2026091324,min_radius,13,negative,pre_round_stress,SERVICE_PAIR,4124.760113,4392.132569,267.37245600000006,6.482133473830953,True,True
dispatch_development_min_radius_2026091324_positive,2026091324,min_radius,13,positive,pre_round_stress,SERVICE_PAIR,4176.240381,4404.882306,228.6419250000008,5.474826737469862,True,True
dispatch_development_min_radius_2026091324_smooth,2026091324,min_radius,13,smooth,pre_round_stress,SERVICE_PAIR,4120.726434,4358.951224,238.2247900000002,5.7811357734018465,True,True
dispatch_development_min_radius_2026091324_spatial_hash,2026091324,min_radius,13,spatial_hash,pre_round_stress,SERVICE_PAIR,4171.698707,4431.852551,260.1538440000004,6.236160908827593,True,True
dispatch_development_min_radius_2026091325_negative,2026091325,min_radius,14,negative,pre_round_stress,SERVICE_PAIR,3319.655521,4022.342503,702.6869819999997,21.167466851751083,True,True
dispatch_development_min_radius_2026091325_positive,2026091325,min_radius,14,positive,pre_round_stress,SERVICE_PAIR,3429.982131,4068.022816,638.0406849999999,18.60186615065489,True,True
dispatch_development_min_radius_2026091325_smooth,2026091325,min_radius,14,smooth,pre_round_stress,SERVICE_PAIR,3431.622689,4036.185014,604.5623250000003,17.617389200098053,True,True
dispatch_development_min_radius_2026091325_spatial_hash,2026091325,min_radius,14,spatial_hash,pre_round_stress,SERVICE_PAIR,3385.645175,4074.197585,688.5524099999998,20.337406148888594,True,True
dispatch_development_min_radius_2026091326_negative,2026091326,min_radius,15,negative,pre_round_stress,SERVICE_PAIR,3916.434906,4037.511153,121.07624699999997,3.0914913666638677,True,True
dispatch_development_min_radius_2026091326_positive,2026091326,min_radius,15,positive,pre_round_stress,SERVICE_PAIR,3843.0276,4142.838997,299.81139699999994,7.801437517648835,True,True
dispatch_development_min_radius_2026091326_smooth,2026091326,min_radius,15,smooth,pre_round_stress,SERVICE_PAIR,3847.122461,4126.719289,279.59682799999973,7.2676872346642885,True,True
dispatch_development_min_radius_2026091326_spatial_hash,2026091326,min_radius,15,spatial_hash,pre_round_stress,SERVICE_PAIR,3879.825385,4081.113975,201.2885900000001,5.188083741557348,True,True
dispatch_development_min_radius_2026091327_negative,2026091327,min_radius,16,negative,pre_round_stress,SERVICE_PAIR,3848.111134,3913.878317,65.76718299999993,1.7090770175246073,True,True
dispatch_development_min_radius_2026091327_positive,2026091327,min_radius,16,positive,pre_round_stress,SERVICE_PAIR,3792.58597,3881.868369,89.28239899999971,2.354129865644139,True,True
dispatch_development_min_radius_2026091327_smooth,2026091327,min_radius,16,smooth,pre_round_stress,SERVICE_PAIR,3809.886575,3887.777974,77.89139900000009,2.044454538649876,True,True
dispatch_development_min_radius_2026091327_spatial_hash,2026091327,min_radius,16,spatial_hash,pre_round_stress,SERVICE_PAIR,3787.359262,3898.917815,111.55855299999985,2.9455497955873655,True,True
dispatch_development_outer_2026091307_negative,2026091307,outer,10,negative,pre_round_stress,SERVICE_PAIR,3550.349871,3374.072432,-176.27743899999996,-4.965072328219566,True,True
dispatch_development_outer_2026091307_positive,2026091307,outer,10,positive,pre_round_stress,SERVICE_PAIR,3570.631169,3356.910316,-213.72085300000026,-5.98552028715571,True,True
dispatch_development_outer_2026091307_smooth,2026091307,outer,10,smooth,pre_round_stress,SERVICE_PAIR,3563.44455,3357.047412,-206.39713800000027,-5.7920681830169185,True,True
dispatch_development_outer_2026091307_spatial_hash,2026091307,outer,10,spatial_hash,pre_round_stress,SERVICE_PAIR,3575.179805,3390.189292,-184.9905130000002,-5.174299562256568,True,True
dispatch_development_outer_2026091308_negative,2026091308,outer,11,negative,pre_round_stress,SERVICE_PAIR,2463.753471,2256.707123,-207.04634799999985,-8.403695842017944,True,True
dispatch_development_outer_2026091308_positive,2026091308,outer,11,positive,pre_round_stress,SERVICE_PAIR,2470.037847,2309.313833,-160.7240139999999,-6.5069453974241025,True,True
dispatch_development_outer_2026091308_smooth,2026091308,outer,11,smooth,pre_round_stress,SERVICE_PAIR,2500.220657,2304.275758,-195.94489899999962,-7.837104235236292,True,True
dispatch_development_outer_2026091308_spatial_hash,2026091308,outer,11,spatial_hash,pre_round_stress,SERVICE_PAIR,2486.35374,2323.223568,-163.13017200000013,-6.561020235197912,True,True
dispatch_development_outer_2026091309_negative,2026091309,outer,12,negative,pre_round_stress,SERVICE_PAIR,3490.333314,4412.930747,922.5974330000004,26.43293204403687,True,True
dispatch_development_outer_2026091309_positive,2026091309,outer,12,positive,pre_round_stress,SERVICE_PAIR,3557.363542,4480.376552,923.0130099999997,25.946547185927148,True,True
dispatch_development_outer_2026091309_smooth,2026091309,outer,12,smooth,pre_round_stress,SERVICE_PAIR,3499.246729,4454.685108,955.4383789999997,27.30411579960357,True,True
dispatch_development_outer_2026091309_spatial_hash,2026091309,outer,12,spatial_hash,pre_round_stress,SERVICE_PAIR,3514.631513,4462.666505,948.0349920000003,26.97395128033726,True,True
dispatch_development_outer_2026091310_negative,2026091310,outer,13,negative,pre_round_stress,SERVICE_PAIR,2296.237089,2563.289441,267.0523519999997,11.629999065832507,True,True
dispatch_development_outer_2026091310_positive,2026091310,outer,13,positive,pre_round_stress,SERVICE_PAIR,2277.020942,2527.001358,249.98041599999988,10.978397755992164,True,True
dispatch_development_outer_2026091310_smooth,2026091310,outer,13,smooth,pre_round_stress,SERVICE_PAIR,2282.321573,2543.532971,261.2113979999999,11.44498659129136,True,True
dispatch_development_outer_2026091310_spatial_hash,2026091310,outer,13,spatial_hash,pre_round_stress,SERVICE_PAIR,2274.996842,2537.488648,262.491806,11.538117379065804,True,True
dispatch_development_outer_2026091311_negative,2026091311,outer,14,negative,pre_round_stress,SERVICE_PAIR,3730.416234,4019.023497,288.60726300000033,7.736596800366602,True,True
dispatch_development_outer_2026091311_positive,2026091311,outer,14,positive,pre_round_stress,SERVICE_PAIR,3649.015316,4108.989744,459.97442800000044,12.605439773933803,True,True
dispatch_development_outer_2026091311_smooth,2026091311,outer,14,smooth,pre_round_stress,SERVICE_PAIR,3729.360382,4059.198633,329.8382510000001,8.84436517832885,True,True
dispatch_development_outer_2026091311_spatial_hash,2026091311,outer,14,spatial_hash,pre_round_stress,SERVICE_PAIR,3727.54899,4109.94917,382.4001800000001,10.25875665285354,True,True
dispatch_development_outer_2026091312_negative,2026091312,outer,15,negative,pre_round_stress,SERVICE_PAIR,2613.280173,2483.820508,-129.4596650000003,-4.953914484086219,True,True
dispatch_development_outer_2026091312_positive,2026091312,outer,15,positive,pre_round_stress,SERVICE_PAIR,2621.290541,2450.838861,-170.45167999999967,-6.502586315173353,True,True
dispatch_development_outer_2026091312_smooth,2026091312,outer,15,smooth,pre_round_stress,SERVICE_PAIR,2649.855612,2484.381603,-165.47400900000002,-6.24464247224048,True,True
dispatch_development_outer_2026091312_spatial_hash,2026091312,outer,15,spatial_hash,pre_round_stress,SERVICE_PAIR,2673.028515,2498.965949,-174.06256600000006,-6.511811042165405,True,True
dispatch_development_outer_2026091313_negative,2026091313,outer,16,negative,pre_round_stress,SERVICE_PAIR,3913.701268,4567.965508,654.2642400000004,16.717275928787135,True,True
dispatch_development_outer_2026091313_positive,2026091313,outer,16,positive,pre_round_stress,SERVICE_PAIR,3947.676905,4636.70274,689.0258349999999,17.453957139382446,True,True
dispatch_development_outer_2026091313_smooth,2026091313,outer,16,smooth,pre_round_stress,SERVICE_PAIR,3981.396854,4632.451482,651.0546280000003,16.352417301628797,True,True
dispatch_development_outer_2026091313_spatial_hash,2026091313,outer,16,spatial_hash,pre_round_stress,SERVICE_PAIR,3900.064825,4583.689162,683.6243369999997,17.528537798086475,True,True
dispatch_development_radial_2026091328_negative,2026091328,radial,10,negative,pre_round_stress,SERVICE_PAIR,2969.712318,2842.374094,-127.33822400000008,-4.287897626587545,True,True
dispatch_development_radial_2026091328_positive,2026091328,radial,10,positive,pre_round_stress,SERVICE_PAIR,2818.969971,2837.783154,18.81318300000021,0.6673779143992142,True,True
dispatch_development_radial_2026091328_smooth,2026091328,radial,10,smooth,pre_round_stress,SERVICE_PAIR,2871.933708,2791.383304,-80.55040400000007,-2.8047445446118924,True,True
dispatch_development_radial_2026091328_spatial_hash,2026091328,radial,10,spatial_hash,pre_round_stress,SERVICE_PAIR,2796.855461,2865.991209,69.1357479999997,2.471909934712202,True,True
dispatch_development_radial_2026091329_negative,2026091329,radial,11,negative,pre_round_stress,SERVICE_PAIR,2496.397279,2663.387344,166.9900650000004,6.689242389612482,True,True
dispatch_development_radial_2026091329_positive,2026091329,radial,11,positive,pre_round_stress,SERVICE_PAIR,2488.485805,2651.805949,163.32014400000025,6.563032976593575,True,True
dispatch_development_radial_2026091329_smooth,2026091329,radial,11,smooth,pre_round_stress,SERVICE_PAIR,2536.076704,2635.016123,98.93941899999982,3.9012786499694085,True,True
dispatch_development_radial_2026091329_spatial_hash,2026091329,radial,11,spatial_hash,pre_round_stress,SERVICE_PAIR,2496.899004,2657.76892,160.8699160000001,6.442788264254529,True,True
dispatch_development_radial_2026091330_negative,2026091330,radial,12,negative,pre_round_stress,SERVICE_PAIR,2450.950928,2456.976541,6.025612999999794,0.24584796583082547,True,True
dispatch_development_radial_2026091330_positive,2026091330,radial,12,positive,pre_round_stress,SERVICE_PAIR,2506.353304,2509.210955,2.857650999999805,0.11401628794469598,True,True
dispatch_development_radial_2026091330_smooth,2026091330,radial,12,smooth,pre_round_stress,SERVICE_PAIR,2464.930223,2464.930223,0.0,0.0,True,True
dispatch_development_radial_2026091330_spatial_hash,2026091330,radial,12,spatial_hash,pre_round_stress,SERVICE_PAIR,2444.825497,2656.201077,211.37558000000035,8.64583506100438,True,True
dispatch_development_radial_2026091331_negative,2026091331,radial,13,negative,pre_round_stress,SERVICE_PAIR,2677.811016,2817.249561,139.43854499999998,5.207183933699966,True,True
dispatch_development_radial_2026091331_positive,2026091331,radial,13,positive,pre_round_stress,SERVICE_PAIR,2617.527349,2877.107972,259.58062299999983,9.917016649288124,True,True
dispatch_development_radial_2026091331_smooth,2026091331,radial,13,smooth,pre_round_stress,SERVICE_PAIR,2713.552053,3055.527371,341.97531800000024,12.602497071022656,True,True
dispatch_development_radial_2026091331_spatial_hash,2026091331,radial,13,spatial_hash,pre_round_stress,SERVICE_PAIR,2626.491412,2809.645139,183.15372700000034,6.973322896210576,True,True
dispatch_development_radial_2026091332_negative,2026091332,radial,14,negative,pre_round_stress,SERVICE_PAIR,2517.5711,2618.350053,100.778953,4.003023112237036,True,True
dispatch_development_radial_2026091332_positive,2026091332,radial,14,positive,pre_round_stress,SERVICE_PAIR,2846.559601,2670.301801,-176.25779999999986,-6.19195888040005,True,True
dispatch_development_radial_2026091332_smooth,2026091332,radial,14,smooth,pre_round_stress,SERVICE_PAIR,2878.240903,2613.474213,-264.7666899999999,-9.198906516964334,True,True
dispatch_development_radial_2026091332_spatial_hash,2026091332,radial,14,spatial_hash,pre_round_stress,SERVICE_PAIR,2562.979481,2555.51163,-7.467850999999882,-0.29137381143161667,True,True
dispatch_development_radial_2026091333_negative,2026091333,radial,15,negative,pre_round_stress,SERVICE_PAIR,2434.174534,2583.233677,149.05914299999995,6.123601283226643,True,True
dispatch_development_radial_2026091333_positive,2026091333,radial,15,positive,pre_round_stress,SERVICE_PAIR,2465.982149,2594.391549,128.4094,5.207231530531242,True,True
dispatch_development_radial_2026091333_smooth,2026091333,radial,15,smooth,pre_round_stress,SERVICE_PAIR,2483.340195,2602.11017,118.7699749999997,4.782670342111528,True,True
dispatch_development_radial_2026091333_spatial_hash,2026091333,radial,15,spatial_hash,pre_round_stress,SERVICE_PAIR,2543.111503,3062.872159,519.7606559999999,20.43798140139983,True,True
dispatch_development_radial_2026091334_negative,2026091334,radial,16,negative,pre_round_stress,SERVICE_PAIR,2012.864187,1619.797738,-393.0664489999999,-19.527718339796763,True,True
dispatch_development_radial_2026091334_positive,2026091334,radial,16,positive,pre_round_stress,SERVICE_PAIR,2857.605351,1552.59654,-1305.0088110000002,-45.667915989285255,True,True
dispatch_development_radial_2026091334_smooth,2026091334,radial,16,smooth,pre_round_stress,SERVICE_PAIR,2678.71406,1545.29012,-1133.42394,-42.31224067267561,True,True
dispatch_development_radial_2026091334_spatial_hash,2026091334,radial,16,spatial_hash,pre_round_stress,SERVICE_PAIR,1820.653163,1586.488107,-234.16505600000005,-12.861596088634041,True,True
dispatch_development_reception_edge_2026091335_negative,2026091335,reception_edge,10,negative,pre_round_stress,SERVICE_PAIR,3549.54361,3583.774101,34.2304909999998,0.9643631621700122,True,True
dispatch_development_reception_edge_2026091335_positive,2026091335,reception_edge,10,positive,pre_round_stress,SERVICE_PAIR,3578.345218,3628.103143,49.75792499999989,1.3905289168217871,True,True
dispatch_development_reception_edge_2026091335_smooth,2026091335,reception_edge,10,smooth,pre_round_stress,SERVICE_PAIR,3594.296047,3696.299565,102.00351799999999,2.837927557056341,True,True
dispatch_development_reception_edge_2026091335_spatial_hash,2026091335,reception_edge,10,spatial_hash,pre_round_stress,SERVICE_PAIR,3568.151988,3621.527897,53.375908999999865,1.4958978535529743,True,True
dispatch_development_reception_edge_2026091336_negative,2026091336,reception_edge,11,negative,pre_round_stress,SERVICE_PAIR,3056.606656,3607.46739,550.8607339999999,18.021969981603014,True,True
dispatch_development_reception_edge_2026091336_positive,2026091336,reception_edge,11,positive,pre_round_stress,SERVICE_PAIR,3044.541771,3669.320841,624.77907,20.5212842192271,True,True
dispatch_development_reception_edge_2026091336_smooth,2026091336,reception_edge,11,smooth,pre_round_stress,SERVICE_PAIR,3018.505421,3412.695899,394.190478,13.059127714582953,True,True
dispatch_development_reception_edge_2026091336_spatial_hash,2026091336,reception_edge,11,spatial_hash,pre_round_stress,SERVICE_PAIR,3067.356765,3616.329391,548.9726260000002,17.897253826618375,True,True
dispatch_development_reception_edge_2026091337_negative,2026091337,reception_edge,12,negative,pre_round_stress,SERVICE_PAIR,3590.616746,3870.729187,280.11244099999976,7.801234740857521,True,True
dispatch_development_reception_edge_2026091337_positive,2026091337,reception_edge,12,positive,pre_round_stress,SERVICE_PAIR,3931.54251,3942.944576,11.40206599999965,0.29001507604198284,True,True
dispatch_development_reception_edge_2026091337_smooth,2026091337,reception_edge,12,smooth,pre_round_stress,SERVICE_PAIR,3911.731192,3901.9706,-9.760592000000088,-0.2495210309942042,True,True
dispatch_development_reception_edge_2026091337_spatial_hash,2026091337,reception_edge,12,spatial_hash,pre_round_stress,SERVICE_PAIR,3627.563015,3918.299107,290.73609199999964,8.014639326672036,True,True
dispatch_development_reception_edge_2026091338_negative,2026091338,reception_edge,13,negative,pre_round_stress,SERVICE_PAIR,3940.708457,4494.574695,553.8662380000001,14.054991482969271,True,True
dispatch_development_reception_edge_2026091338_positive,2026091338,reception_edge,13,positive,pre_round_stress,SERVICE_PAIR,3951.716033,4432.495197,480.77916400000004,12.166338876202353,True,True
dispatch_development_reception_edge_2026091338_smooth,2026091338,reception_edge,13,smooth,pre_round_stress,SERVICE_PAIR,3977.307525,4424.730922,447.42339699999957,11.249404130499041,True,True
dispatch_development_reception_edge_2026091338_spatial_hash,2026091338,reception_edge,13,spatial_hash,pre_round_stress,SERVICE_PAIR,3930.673356,4481.094118,550.4207620000002,14.003218078648217,True,True
dispatch_development_reception_edge_2026091339_negative,2026091339,reception_edge,14,negative,pre_round_stress,SERVICE_PAIR,3772.190371,4227.474856,455.2844849999997,12.069499156250284,True,True
dispatch_development_reception_edge_2026091339_positive,2026091339,reception_edge,14,positive,pre_round_stress,SERVICE_PAIR,3912.333917,4155.666308,243.33239099999992,6.219622255213553,True,True
dispatch_development_reception_edge_2026091339_smooth,2026091339,reception_edge,14,smooth,pre_round_stress,SERVICE_PAIR,3889.557319,4233.071668,343.5143489999996,8.831708105237968,True,True
dispatch_development_reception_edge_2026091339_spatial_hash,2026091339,reception_edge,14,spatial_hash,pre_round_stress,SERVICE_PAIR,3923.446386,4259.850934,336.404548,8.57421039829649,True,True
dispatch_development_reception_edge_2026091340_negative,2026091340,reception_edge,15,negative,pre_round_stress,SERVICE_PAIR,4207.646354,4864.912566,657.2662119999995,15.620756991023477,True,True
dispatch_development_reception_edge_2026091340_positive,2026091340,reception_edge,15,positive,pre_round_stress,SERVICE_PAIR,4205.139428,4921.987845,716.8484169999992,17.04695954257427,True,True
dispatch_development_reception_edge_2026091340_smooth,2026091340,reception_edge,15,smooth,pre_round_stress,SERVICE_PAIR,4211.07549,4896.562516,685.4870259999998,16.27819372100594,True,True
dispatch_development_reception_edge_2026091340_spatial_hash,2026091340,reception_edge,15,spatial_hash,pre_round_stress,SERVICE_PAIR,4202.863157,4888.958102,686.0949449999998,16.324465474382333,True,True
dispatch_development_reception_edge_2026091341_negative,2026091341,reception_edge,16,negative,pre_round_stress,SERVICE_PAIR,4070.263315,4086.399508,16.13619299999982,0.39644101010698485,True,True
dispatch_development_reception_edge_2026091341_positive,2026091341,reception_edge,16,positive,pre_round_stress,SERVICE_PAIR,3938.304679,4663.282987,724.9783079999997,18.408385513334213,True,True
dispatch_development_reception_edge_2026091341_smooth,2026091341,reception_edge,16,smooth,pre_round_stress,SERVICE_PAIR,4027.783268,4130.590454,102.807186,2.5524507938841756,True,True
dispatch_development_reception_edge_2026091341_spatial_hash,2026091341,reception_edge,16,spatial_hash,pre_round_stress,SERVICE_PAIR,4010.982083,4848.110518,837.1284350000005,20.87090936028,True,True
dispatch_development_uniform_2026091300_negative,2026091300,uniform,10,negative,pre_round_stress,SERVICE_PAIR,3156.039177,3157.916211,1.8770340000000942,0.05947435677222668,True,True
dispatch_development_uniform_2026091300_positive,2026091300,uniform,10,positive,pre_round_stress,SERVICE_PAIR,3171.143463,3166.030976,-5.112486999999874,-0.16121903848409502,True,True
dispatch_development_uniform_2026091300_smooth,2026091300,uniform,10,smooth,pre_round_stress,SERVICE_PAIR,3218.724698,3219.643578,0.918880000000172,0.028547952565527446,True,True
dispatch_development_uniform_2026091300_spatial_hash,2026091300,uniform,10,spatial_hash,pre_round_stress,SERVICE_PAIR,3174.491753,3175.875575,1.3838220000002366,0.04359192298082348,True,True
dispatch_development_uniform_2026091301_negative,2026091301,uniform,11,negative,pre_round_stress,SERVICE_PAIR,3723.377248,3960.030894,236.6536460000002,6.3558868800392965,True,True
dispatch_development_uniform_2026091301_positive,2026091301,uniform,11,positive,pre_round_stress,SERVICE_PAIR,3583.434597,3863.959886,280.52528900000016,7.828391488848485,True,True
dispatch_development_uniform_2026091301_smooth,2026091301,uniform,11,smooth,pre_round_stress,SERVICE_PAIR,3739.757401,4009.109219,269.3518180000001,7.202387457752635,True,True
dispatch_development_uniform_2026091301_spatial_hash,2026091301,uniform,11,spatial_hash,pre_round_stress,SERVICE_PAIR,3422.535735,3902.456331,479.92059599999993,14.022369177688066,True,True
dispatch_development_uniform_2026091302_negative,2026091302,uniform,12,negative,pre_round_stress,SERVICE_PAIR,3094.509872,3032.282355,-62.22751700000026,-2.010900581156727,True,True
dispatch_development_uniform_2026091302_positive,2026091302,uniform,12,positive,pre_round_stress,SERVICE_PAIR,2898.887133,3018.090841,119.203708,4.112050677759171,True,True
dispatch_development_uniform_2026091302_smooth,2026091302,uniform,12,smooth,pre_round_stress,SERVICE_PAIR,2905.445945,3062.715242,157.26929700000028,5.4129142299358834,True,True
dispatch_development_uniform_2026091302_spatial_hash,2026091302,uniform,12,spatial_hash,pre_round_stress,SERVICE_PAIR,3061.054645,3032.085404,-28.96924100000024,-0.9463810470459633,True,True
dispatch_development_uniform_2026091303_negative,2026091303,uniform,13,negative,pre_round_stress,SERVICE_PAIR,3197.466136,4328.383793,1130.917657,35.369183250045836,True,True
dispatch_development_uniform_2026091303_positive,2026091303,uniform,13,positive,pre_round_stress,SERVICE_PAIR,3234.431018,4413.67888,1179.2478620000002,36.45920582128179,True,True
dispatch_development_uniform_2026091303_smooth,2026091303,uniform,13,smooth,pre_round_stress,SERVICE_PAIR,3252.867678,4468.29734,1215.429662,37.36486639835584,True,True
dispatch_development_uniform_2026091303_spatial_hash,2026091303,uniform,13,spatial_hash,pre_round_stress,SERVICE_PAIR,3189.318307,4388.161005,1198.842698,37.58930851676825,True,True
dispatch_development_uniform_2026091304_negative,2026091304,uniform,14,negative,pre_round_stress,SERVICE_PAIR,3380.771738,4256.570253,875.798515,25.905283848536477,True,True
dispatch_development_uniform_2026091304_positive,2026091304,uniform,14,positive,pre_round_stress,SERVICE_PAIR,3511.271918,3925.349678,414.0777600000001,11.79281381989512,True,True
dispatch_development_uniform_2026091304_smooth,2026091304,uniform,14,smooth,pre_round_stress,SERVICE_PAIR,3466.657513,3983.431249,516.7737360000001,14.906974053886014,True,True
dispatch_development_uniform_2026091304_spatial_hash,2026091304,uniform,14,spatial_hash,pre_round_stress,SERVICE_PAIR,3449.560056,3973.533229,523.9731730000003,15.18956517624983,True,True
dispatch_development_uniform_2026091305_negative,2026091305,uniform,15,negative,pre_round_stress,SERVICE_PAIR,3628.673934,4230.458089,601.7841549999998,16.584134202894173,True,True
dispatch_development_uniform_2026091305_positive,2026091305,uniform,15,positive,pre_round_stress,SERVICE_PAIR,3430.605874,4275.592851,844.9869770000005,24.630838051203096,True,True
dispatch_development_uniform_2026091305_smooth,2026091305,uniform,15,smooth,pre_round_stress,SERVICE_PAIR,3453.401893,4363.590772,910.1888789999994,26.356297564003196,True,True
dispatch_development_uniform_2026091305_spatial_hash,2026091305,uniform,15,spatial_hash,pre_round_stress,SERVICE_PAIR,3593.188085,4412.605513,819.4174280000007,22.804746331557556,True,True
dispatch_development_uniform_2026091306_negative,2026091306,uniform,16,negative,pre_round_stress,SERVICE_PAIR,3967.267701,4372.70989,405.44218899999987,10.219683156188397,True,True
dispatch_development_uniform_2026091306_positive,2026091306,uniform,16,positive,pre_round_stress,SERVICE_PAIR,3811.594716,4193.089321,381.4946050000003,10.008792472048334,True,True
dispatch_development_uniform_2026091306_smooth,2026091306,uniform,16,smooth,pre_round_stress,SERVICE_PAIR,3935.196314,4271.126737,335.9304229999998,8.536560725188757,True,True
dispatch_development_uniform_2026091306_spatial_hash,2026091306,uniform,16,spatial_hash,pre_round_stress,SERVICE_PAIR,4157.072183,4315.020812,157.94862899999953,3.7995161509563724,True,True
dispatch_development_cluster_2026091314_negative,2026091314,cluster,10,negative,bounded,SERVICE_TOUR,2117.559119,2118.908897,1.3497779999997874,0.06374216369633423,True,True
dispatch_development_cluster_2026091314_positive,2026091314,cluster,10,positive,bounded,SERVICE_TOUR,2103.266382,2115.630906,12.364524000000074,0.5878724685478343,True,True
dispatch_development_cluster_2026091314_smooth,2026091314,cluster,10,smooth,bounded,SERVICE_TOUR,2074.797142,2128.569458,53.772316000000046,2.591690286799131,True,True
dispatch_development_cluster_2026091314_spatial_hash,2026091314,cluster,10,spatial_hash,bounded,SERVICE_TOUR,2091.245364,2127.77173,36.52636600000005,1.7466322521875188,True,True
dispatch_development_cluster_2026091315_negative,2026091315,cluster,11,negative,bounded,SERVICE_TOUR,2389.059309,2105.634894,-283.4244150000004,-11.863431516006806,True,True
dispatch_development_cluster_2026091315_positive,2026091315,cluster,11,positive,bounded,SERVICE_TOUR,2173.706601,2213.861537,40.15493600000036,1.847302482383184,True,True
dispatch_development_cluster_2026091315_smooth,2026091315,cluster,11,smooth,bounded,SERVICE_TOUR,2344.290144,2118.592297,-225.6978469999999,-9.627556024908145,True,True
dispatch_development_cluster_2026091315_spatial_hash,2026091315,cluster,11,spatial_hash,bounded,SERVICE_TOUR,2143.954058,2195.331066,51.37700800000039,2.3963670214056654,True,True
dispatch_development_cluster_2026091316_negative,2026091316,cluster,12,negative,bounded,SERVICE_TOUR,2420.546752,2273.882408,-146.66434400000026,-6.059141137382184,True,True
dispatch_development_cluster_2026091316_positive,2026091316,cluster,12,positive,bounded,SERVICE_TOUR,2350.254346,2335.80203,-14.452316000000337,-0.61492561537424,True,True
dispatch_development_cluster_2026091316_smooth,2026091316,cluster,12,smooth,bounded,SERVICE_TOUR,2234.460985,2264.819319,30.358334000000013,1.3586423841721373,True,True
dispatch_development_cluster_2026091316_spatial_hash,2026091316,cluster,12,spatial_hash,bounded,SERVICE_TOUR,2262.106806,2234.241938,-27.86486799999966,-1.2318104488298731,True,True
dispatch_development_cluster_2026091317_negative,2026091317,cluster,13,negative,bounded,SERVICE_TOUR,2492.968582,2280.994279,-211.97430299999996,-8.502887061253784,True,True
dispatch_development_cluster_2026091317_positive,2026091317,cluster,13,positive,bounded,SERVICE_TOUR,2521.063987,2233.135636,-287.928351,-11.420906112844332,True,True
dispatch_development_cluster_2026091317_smooth,2026091317,cluster,13,smooth,bounded,SERVICE_TOUR,2486.693204,2230.784487,-255.90871700000025,-10.291125442750849,True,True
dispatch_development_cluster_2026091317_spatial_hash,2026091317,cluster,13,spatial_hash,bounded,SERVICE_TOUR,2526.475948,2243.205879,-283.2700689999997,-11.212062763718011,True,True
dispatch_development_cluster_2026091318_negative,2026091318,cluster,14,negative,bounded,SERVICE_TOUR,1947.969347,1931.109705,-16.859641999999894,-0.8654983214168577,True,True
dispatch_development_cluster_2026091318_positive,2026091318,cluster,14,positive,bounded,SERVICE_TOUR,1922.047939,1930.736383,8.68844399999989,0.4520409623352206,True,True
dispatch_development_cluster_2026091318_smooth,2026091318,cluster,14,smooth,bounded,SERVICE_TOUR,1945.030469,1935.914377,-9.11609199999998,-0.46868633398255977,True,True
dispatch_development_cluster_2026091318_spatial_hash,2026091318,cluster,14,spatial_hash,bounded,SERVICE_TOUR,1949.611193,1939.410215,-10.20097799999985,-0.5232314030933938,True,True
dispatch_development_cluster_2026091319_negative,2026091319,cluster,15,negative,bounded,SERVICE_TOUR,2271.63164,2024.984701,-246.64693899999997,-10.85769957844045,True,True
dispatch_development_cluster_2026091319_positive,2026091319,cluster,15,positive,bounded,SERVICE_TOUR,2219.447558,2050.328959,-169.1185989999999,-7.619851092692498,True,True
dispatch_development_cluster_2026091319_smooth,2026091319,cluster,15,smooth,bounded,SERVICE_TOUR,2294.436687,2072.350063,-222.08662400000003,-9.679352899921623,True,True
dispatch_development_cluster_2026091319_spatial_hash,2026091319,cluster,15,spatial_hash,bounded,SERVICE_TOUR,2249.711219,2038.916213,-210.79500599999983,-9.36986952901886,True,True
dispatch_development_cluster_2026091320_negative,2026091320,cluster,16,negative,bounded,SERVICE_TOUR,1057.408694,788.023742,-269.384952,-25.475953955037177,True,True
dispatch_development_cluster_2026091320_positive,2026091320,cluster,16,positive,bounded,SERVICE_TOUR,1042.350538,992.34571,-50.00482799999986,-4.797313972317429,True,True
dispatch_development_cluster_2026091320_smooth,2026091320,cluster,16,smooth,bounded,SERVICE_TOUR,960.362381,971.433152,11.070770999999922,1.1527701645781097,True,True
dispatch_development_cluster_2026091320_spatial_hash,2026091320,cluster,16,spatial_hash,bounded,SERVICE_TOUR,1026.581858,989.983712,-36.59814600000004,-3.565048974399476,True,True
dispatch_development_min_radius_2026091321_negative,2026091321,min_radius,10,negative,bounded,SERVICE_TOUR,3289.570746,3074.641645,-214.92910099999972,-6.533651883345137,True,True
dispatch_development_min_radius_2026091321_positive,2026091321,min_radius,10,positive,bounded,SERVICE_TOUR,3216.437047,3273.5248,57.08775300000025,1.774875496265249,True,True
dispatch_development_min_radius_2026091321_smooth,2026091321,min_radius,10,smooth,bounded,SERVICE_TOUR,3274.410576,3072.105602,-202.30497400000013,-6.17836307648183,True,True
dispatch_development_min_radius_2026091321_spatial_hash,2026091321,min_radius,10,spatial_hash,bounded,SERVICE_TOUR,3255.97061,3075.06061,-180.90999999999985,-5.556254084246781,True,True
dispatch_development_min_radius_2026091322_negative,2026091322,min_radius,11,negative,bounded,SERVICE_TOUR,3381.5369,3438.012628,56.47572799999989,1.670120116092777,True,True
dispatch_development_min_radius_2026091322_positive,2026091322,min_radius,11,positive,bounded,SERVICE_TOUR,3287.74129,3231.896731,-55.84455900000012,-1.6985691413693993,True,True
dispatch_development_min_radius_2026091322_smooth,2026091322,min_radius,11,smooth,bounded,SERVICE_TOUR,3332.533794,3405.976145,73.44235100000014,2.203799137227902,True,True
dispatch_development_min_radius_2026091322_spatial_hash,2026091322,min_radius,11,spatial_hash,bounded,SERVICE_TOUR,3306.61828,3195.352041,-111.26623900000004,-3.364955660984248,True,True
dispatch_development_min_radius_2026091323_negative,2026091323,min_radius,12,negative,bounded,SERVICE_TOUR,3591.413651,3779.90326,188.4896090000002,5.248340272569729,True,True
dispatch_development_min_radius_2026091323_positive,2026091323,min_radius,12,positive,bounded,SERVICE_TOUR,3486.139701,3604.556322,118.41662099999985,3.3967835817374725,True,True
dispatch_development_min_radius_2026091323_smooth,2026091323,min_radius,12,smooth,bounded,SERVICE_TOUR,3501.546796,3452.455214,-49.09158200000002,-1.4019970276016314,True,True
dispatch_development_min_radius_2026091323_spatial_hash,2026091323,min_radius,12,spatial_hash,bounded,SERVICE_TOUR,3465.40647,3667.418625,202.0121549999999,5.8293927927017375,True,True
dispatch_development_min_radius_2026091324_negative,2026091324,min_radius,13,negative,bounded,SERVICE_TOUR,4124.705997,4327.155652,202.44965500000035,4.9082202500553285,True,True
dispatch_development_min_radius_2026091324_positive,2026091324,min_radius,13,positive,bounded,SERVICE_TOUR,4176.069137,4176.980691,0.9115539999993416,0.02182803900259156,True,True
dispatch_development_min_radius_2026091324_smooth,2026091324,min_radius,13,smooth,bounded,SERVICE_TOUR,4120.76063,4120.76063,0.0,0.0,True,True
dispatch_development_min_radius_2026091324_spatial_hash,2026091324,min_radius,13,spatial_hash,bounded,SERVICE_TOUR,4171.698707,4171.698707,0.0,0.0,True,True
dispatch_development_min_radius_2026091325_negative,2026091325,min_radius,14,negative,bounded,SERVICE_TOUR,3319.663532,3171.050829,-148.61270300000024,-4.476739933654228,True,True
dispatch_development_min_radius_2026091325_positive,2026091325,min_radius,14,positive,bounded,SERVICE_TOUR,3429.445466,3222.145954,-207.29951200000005,-6.044694807227469,True,True
dispatch_development_min_radius_2026091325_smooth,2026091325,min_radius,14,smooth,bounded,SERVICE_TOUR,3431.624371,3221.394909,-210.22946199999978,-6.126237585226657,True,True
dispatch_development_min_radius_2026091325_spatial_hash,2026091325,min_radius,14,spatial_hash,bounded,SERVICE_TOUR,3385.645175,3425.270114,39.62493899999981,1.1703807384363607,True,True
dispatch_development_min_radius_2026091326_negative,2026091326,min_radius,15,negative,bounded,SERVICE_TOUR,3916.261661,3839.898522,-76.36313900000005,-1.9498987966115933,True,True
dispatch_development_min_radius_2026091326_positive,2026091326,min_radius,15,positive,bounded,SERVICE_TOUR,3843.229319,3795.898013,-47.33130600000004,-1.2315503986713883,True,True
dispatch_development_min_radius_2026091326_smooth,2026091326,min_radius,15,smooth,bounded,SERVICE_TOUR,3847.122461,3842.025091,-5.097369999999955,-0.13249825165885243,True,True
dispatch_development_min_radius_2026091326_spatial_hash,2026091326,min_radius,15,spatial_hash,bounded,SERVICE_TOUR,3879.825385,3792.372347,-87.4530380000001,-2.2540457191219776,True,True
dispatch_development_min_radius_2026091327_negative,2026091327,min_radius,16,negative,bounded,SERVICE_TOUR,3848.031747,3848.031747,0.0,0.0,True,True
dispatch_development_min_radius_2026091327_positive,2026091327,min_radius,16,positive,bounded,SERVICE_TOUR,3792.731434,3792.731434,0.0,0.0,True,True
dispatch_development_min_radius_2026091327_smooth,2026091327,min_radius,16,smooth,bounded,SERVICE_TOUR,3809.876043,3809.876043,0.0,0.0,True,True
dispatch_development_min_radius_2026091327_spatial_hash,2026091327,min_radius,16,spatial_hash,bounded,SERVICE_TOUR,3787.359262,3787.359262,0.0,0.0,True,True
dispatch_development_outer_2026091307_negative,2026091307,outer,10,negative,bounded,SERVICE_TOUR,3550.300633,3550.300633,0.0,0.0,True,True
dispatch_development_outer_2026091307_positive,2026091307,outer,10,positive,bounded,SERVICE_TOUR,3570.237987,3570.237987,0.0,0.0,True,True
dispatch_development_outer_2026091307_smooth,2026091307,outer,10,smooth,bounded,SERVICE_TOUR,3563.44455,3563.44455,0.0,0.0,True,True
dispatch_development_outer_2026091307_spatial_hash,2026091307,outer,10,spatial_hash,bounded,SERVICE_TOUR,3575.179805,3575.179805,0.0,0.0,True,True
dispatch_development_outer_2026091308_negative,2026091308,outer,11,negative,bounded,SERVICE_TOUR,2463.823071,2486.845376,23.022305000000415,0.9344138899818111,True,True
dispatch_development_outer_2026091308_positive,2026091308,outer,11,positive,bounded,SERVICE_TOUR,2469.935892,2491.124788,21.188896000000113,0.8578723062663274,True,True
dispatch_development_outer_2026091308_smooth,2026091308,outer,11,smooth,bounded,SERVICE_TOUR,2500.267471,2506.619086,6.351615000000038,0.2540374209427876,True,True
dispatch_development_outer_2026091308_spatial_hash,2026091308,outer,11,spatial_hash,bounded,SERVICE_TOUR,2486.35374,2489.113656,2.7599159999999756,0.11100254785145758,True,True
dispatch_development_outer_2026091309_negative,2026091309,outer,12,negative,bounded,SERVICE_TOUR,3490.137784,3490.137784,0.0,0.0,True,True
dispatch_development_outer_2026091309_positive,2026091309,outer,12,positive,bounded,SERVICE_TOUR,3557.365423,3557.365423,0.0,0.0,True,True
dispatch_development_outer_2026091309_smooth,2026091309,outer,12,smooth,bounded,SERVICE_TOUR,3499.246729,3499.246729,0.0,0.0,True,True
dispatch_development_outer_2026091309_spatial_hash,2026091309,outer,12,spatial_hash,bounded,SERVICE_TOUR,3514.631513,3514.631513,0.0,0.0,True,True
dispatch_development_outer_2026091310_negative,2026091310,outer,13,negative,bounded,SERVICE_TOUR,2296.26251,2291.885198,-4.3773120000000745,-0.1906276821982411,True,True
dispatch_development_outer_2026091310_positive,2026091310,outer,13,positive,bounded,SERVICE_TOUR,2276.989919,2274.536968,-2.452951000000212,-0.10772779358977358,True,True
dispatch_development_outer_2026091310_smooth,2026091310,outer,13,smooth,bounded,SERVICE_TOUR,2282.330133,2282.188288,-0.14184500000010303,-0.006214920354818965,True,True
dispatch_development_outer_2026091310_spatial_hash,2026091310,outer,13,spatial_hash,bounded,SERVICE_TOUR,2274.996842,2274.996842,0.0,0.0,True,True
dispatch_development_outer_2026091311_negative,2026091311,outer,14,negative,bounded,SERVICE_TOUR,3722.404984,3720.675553,-1.7294309999997495,-0.04646004417663274,True,True
dispatch_development_outer_2026091311_positive,2026091311,outer,14,positive,bounded,SERVICE_TOUR,3648.855935,3648.855935,0.0,0.0,True,True
dispatch_development_outer_2026091311_smooth,2026091311,outer,14,smooth,bounded,SERVICE_TOUR,3729.360382,3729.360382,0.0,0.0,True,True
dispatch_development_outer_2026091311_spatial_hash,2026091311,outer,14,spatial_hash,bounded,SERVICE_TOUR,3727.54899,3727.54899,0.0,0.0,True,True
dispatch_development_outer_2026091312_negative,2026091312,outer,15,negative,bounded,SERVICE_TOUR,2613.224342,2620.009011,6.784669000000122,0.2596282642464365,True,True
dispatch_development_outer_2026091312_positive,2026091312,outer,15,positive,bounded,SERVICE_TOUR,2621.262597,2649.182846,27.92024900000024,1.065145057651029,True,True
dispatch_development_outer_2026091312_smooth,2026091312,outer,15,smooth,bounded,SERVICE_TOUR,2649.832806,2675.61577,25.782963999999993,0.9730034265414744,True,True
dispatch_development_outer_2026091312_spatial_hash,2026091312,outer,15,spatial_hash,bounded,SERVICE_TOUR,2673.028515,2620.32556,-52.70295499999975,-1.9716570438456316,True,True
dispatch_development_outer_2026091313_negative,2026091313,outer,16,negative,bounded,SERVICE_TOUR,3913.776992,3913.776992,0.0,0.0,True,True
dispatch_development_outer_2026091313_positive,2026091313,outer,16,positive,bounded,SERVICE_TOUR,3948.108987,3943.005454,-5.10353299999997,-0.12926525120771082,True,True
dispatch_development_outer_2026091313_smooth,2026091313,outer,16,smooth,bounded,SERVICE_TOUR,3981.396854,3981.396854,0.0,0.0,True,True
dispatch_development_outer_2026091313_spatial_hash,2026091313,outer,16,spatial_hash,bounded,SERVICE_TOUR,3900.064825,3900.064825,0.0,0.0,True,True
dispatch_development_radial_2026091328_negative,2026091328,radial,10,negative,bounded,SERVICE_TOUR,2834.369393,2757.076203,-77.29318999999987,-2.726997765036898,True,True
dispatch_development_radial_2026091328_positive,2026091328,radial,10,positive,bounded,SERVICE_TOUR,2981.274825,2822.907189,-158.36763599999995,-5.312077728359044,True,True
dispatch_development_radial_2026091328_smooth,2026091328,radial,10,smooth,bounded,SERVICE_TOUR,2871.895562,2786.685404,-85.21015800000032,-2.967035400850704,True,True
dispatch_development_radial_2026091328_spatial_hash,2026091328,radial,10,spatial_hash,bounded,SERVICE_TOUR,2796.855461,2833.339194,36.48373300000003,1.30445543249329,True,True
dispatch_development_radial_2026091329_negative,2026091329,radial,11,negative,bounded,SERVICE_TOUR,2496.202771,2627.411373,131.2086019999997,5.256327872251987,True,True
dispatch_development_radial_2026091329_positive,2026091329,radial,11,positive,bounded,SERVICE_TOUR,2488.521843,2635.339261,146.8174180000001,5.899784179631973,True,True
dispatch_development_radial_2026091329_smooth,2026091329,radial,11,smooth,bounded,SERVICE_TOUR,2536.076704,2587.322484,51.24577999999974,2.020671532496343,True,True
dispatch_development_radial_2026091329_spatial_hash,2026091329,radial,11,spatial_hash,bounded,SERVICE_TOUR,2496.899004,2510.315303,13.41629899999998,0.5373184489443572,True,True
dispatch_development_radial_2026091330_negative,2026091330,radial,12,negative,bounded,SERVICE_TOUR,2450.979019,2454.279214,3.300195000000258,0.13464803143630188,True,True
dispatch_development_radial_2026091330_positive,2026091330,radial,12,positive,bounded,SERVICE_TOUR,2506.072129,2497.78292,-8.289209000000028,-0.3307649809468072,True,True
dispatch_development_radial_2026091330_smooth,2026091330,radial,12,smooth,bounded,SERVICE_TOUR,2464.931869,2464.308773,-0.6230959999998049,-0.025278426874031368,True,True
dispatch_development_radial_2026091330_spatial_hash,2026091330,radial,12,spatial_hash,bounded,SERVICE_TOUR,2444.825497,2455.04367,10.218173000000206,0.4179510158307309,True,True
dispatch_development_radial_2026091331_negative,2026091331,radial,13,negative,bounded,SERVICE_TOUR,2611.181217,2665.320681,54.139464000000316,2.073370612791159,True,True
dispatch_development_radial_2026091331_positive,2026091331,radial,13,positive,bounded,SERVICE_TOUR,2721.37942,2686.949887,-34.42953299999999,-1.2651500465892362,True,True
dispatch_development_radial_2026091331_smooth,2026091331,radial,13,smooth,bounded,SERVICE_TOUR,2713.383795,2708.97017,-4.413625000000138,-0.16266128691905246,True,True
dispatch_development_radial_2026091331_spatial_hash,2026091331,radial,13,spatial_hash,bounded,SERVICE_TOUR,2626.491412,2565.815254,-60.67615799999976,-2.31016015216271,True,True
dispatch_development_radial_2026091332_negative,2026091332,radial,14,negative,bounded,SERVICE_TOUR,2865.319336,2657.068881,-208.25045499999987,-7.267966693398953,True,True
dispatch_development_radial_2026091332_positive,2026091332,radial,14,positive,bounded,SERVICE_TOUR,2621.58224,2657.85568,36.27343999999994,1.3836468467989027,True,True
dispatch_development_radial_2026091332_smooth,2026091332,radial,14,smooth,bounded,SERVICE_TOUR,2531.561178,2731.866476,200.30529800000022,7.912323025835244,True,True
dispatch_development_radial_2026091332_spatial_hash,2026091332,radial,14,spatial_hash,bounded,SERVICE_TOUR,2562.979481,2571.109378,8.129897000000256,0.3172049195192317,True,True
dispatch_development_radial_2026091333_negative,2026091333,radial,15,negative,bounded,SERVICE_TOUR,2434.230595,2433.569331,-0.6612639999998464,-0.02716521603820521,True,True
dispatch_development_radial_2026091333_positive,2026091333,radial,15,positive,bounded,SERVICE_TOUR,2465.979075,2460.584225,-5.394850000000133,-0.21877111832346863,True,True
dispatch_development_radial_2026091333_smooth,2026091333,radial,15,smooth,bounded,SERVICE_TOUR,2483.307474,2440.324109,-42.98336500000005,-1.7308917824325754,True,True
dispatch_development_radial_2026091333_spatial_hash,2026091333,radial,15,spatial_hash,bounded,SERVICE_TOUR,2543.111503,2439.575285,-103.53621800000019,-4.07124177913013,True,True
dispatch_development_radial_2026091334_negative,2026091334,radial,16,negative,bounded,SERVICE_TOUR,1733.643185,1812.219389,78.57620400000019,4.532432318245472,True,True
dispatch_development_radial_2026091334_positive,2026091334,radial,16,positive,bounded,SERVICE_TOUR,1741.166776,1771.592536,30.425760000000082,1.74743513484088,True,True
dispatch_development_radial_2026091334_smooth,2026091334,radial,16,smooth,bounded,SERVICE_TOUR,2678.714042,2425.857331,-252.8567109999999,-9.43948129719775,True,True
dispatch_development_radial_2026091334_spatial_hash,2026091334,radial,16,spatial_hash,bounded,SERVICE_TOUR,1820.653163,2745.603317,924.9501540000001,50.80320473977065,True,True
dispatch_development_reception_edge_2026091335_negative,2026091335,reception_edge,10,negative,bounded,SERVICE_TOUR,3549.83371,3549.83371,0.0,0.0,True,True
dispatch_development_reception_edge_2026091335_positive,2026091335,reception_edge,10,positive,bounded,SERVICE_TOUR,3578.292354,3578.292354,0.0,0.0,True,True
dispatch_development_reception_edge_2026091335_smooth,2026091335,reception_edge,10,smooth,bounded,SERVICE_TOUR,3594.469725,3594.469725,0.0,0.0,True,True
dispatch_development_reception_edge_2026091335_spatial_hash,2026091335,reception_edge,10,spatial_hash,bounded,SERVICE_TOUR,3568.151988,3568.151988,0.0,0.0,True,True
dispatch_development_reception_edge_2026091336_negative,2026091336,reception_edge,11,negative,bounded,SERVICE_TOUR,3056.657098,3312.777497,256.1203989999999,8.379101442801096,True,True
dispatch_development_reception_edge_2026091336_positive,2026091336,reception_edge,11,positive,bounded,SERVICE_TOUR,3044.456745,3516.33287,471.87612500000023,15.499518125030875,True,True
dispatch_development_reception_edge_2026091336_smooth,2026091336,reception_edge,11,smooth,bounded,SERVICE_TOUR,3018.504622,3125.290885,106.78626299999996,3.5377207052028847,True,True
dispatch_development_reception_edge_2026091336_spatial_hash,2026091336,reception_edge,11,spatial_hash,bounded,SERVICE_TOUR,3067.356765,3492.182597,424.825832,13.849899589361915,True,True
dispatch_development_reception_edge_2026091337_negative,2026091337,reception_edge,12,negative,bounded,SERVICE_TOUR,3590.720038,3952.304253,361.58421499999986,10.069963995338348,True,True
dispatch_development_reception_edge_2026091337_positive,2026091337,reception_edge,12,positive,bounded,SERVICE_TOUR,3931.425931,3863.008257,-68.41767400000026,-1.7402763068868898,True,True
dispatch_development_reception_edge_2026091337_smooth,2026091337,reception_edge,12,smooth,bounded,SERVICE_TOUR,3911.745014,3859.495232,-52.24978199999987,-1.3357154367935498,True,True
dispatch_development_reception_edge_2026091337_spatial_hash,2026091337,reception_edge,12,spatial_hash,bounded,SERVICE_TOUR,3627.563015,3952.286207,324.7231919999999,8.951552065595191,True,True
dispatch_development_reception_edge_2026091338_negative,2026091338,reception_edge,13,negative,bounded,SERVICE_TOUR,3940.946121,4102.386111,161.43998999999985,4.09647797872037,True,True
dispatch_development_reception_edge_2026091338_positive,2026091338,reception_edge,13,positive,bounded,SERVICE_TOUR,3951.768423,4106.899792,155.13136900000018,3.9256189228373817,True,True
dispatch_development_reception_edge_2026091338_smooth,2026091338,reception_edge,13,smooth,bounded,SERVICE_TOUR,3977.289486,4120.459846,143.17035999999962,3.599696740806957,True,True
dispatch_development_reception_edge_2026091338_spatial_hash,2026091338,reception_edge,13,spatial_hash,bounded,SERVICE_TOUR,3930.673356,4068.117192,137.44383600000037,3.4966995105354837,True,True
dispatch_development_reception_edge_2026091339_negative,2026091339,reception_edge,14,negative,bounded,SERVICE_TOUR,3772.223662,4002.018352,229.79469000000017,6.091756761797229,True,True
dispatch_development_reception_edge_2026091339_positive,2026091339,reception_edge,14,positive,bounded,SERVICE_TOUR,3912.568597,3788.921414,-123.64718300000004,-3.1602559785100737,True,True
dispatch_development_reception_edge_2026091339_smooth,2026091339,reception_edge,14,smooth,bounded,SERVICE_TOUR,3889.557319,4063.928807,174.37148799999977,4.48306770408593,True,True
dispatch_development_reception_edge_2026091339_spatial_hash,2026091339,reception_edge,14,spatial_hash,bounded,SERVICE_TOUR,3923.446386,3982.569844,59.12345800000003,1.5069266196925613,True,True
dispatch_development_reception_edge_2026091340_negative,2026091340,reception_edge,15,negative,bounded,SERVICE_TOUR,4207.406019,4090.963873,-116.44214599999987,-2.76755191854946,True,True
dispatch_development_reception_edge_2026091340_positive,2026091340,reception_edge,15,positive,bounded,SERVICE_TOUR,4204.956573,4051.289576,-153.66699700000026,-3.654425303383513,True,True
dispatch_development_reception_edge_2026091340_smooth,2026091340,reception_edge,15,smooth,bounded,SERVICE_TOUR,4211.04073,4062.843221,-148.19750899999963,-3.5192608787709245,True,True
dispatch_development_reception_edge_2026091340_spatial_hash,2026091340,reception_edge,15,spatial_hash,bounded,SERVICE_TOUR,4202.863157,4069.76107,-133.10208699999976,-3.1669383948015106,True,True
dispatch_development_reception_edge_2026091341_negative,2026091341,reception_edge,16,negative,bounded,SERVICE_TOUR,4069.975775,4248.712245,178.73646999999983,4.391585598565384,True,True
dispatch_development_reception_edge_2026091341_positive,2026091341,reception_edge,16,positive,bounded,SERVICE_TOUR,3938.445409,4217.572773,279.12736399999994,7.08724725147003,True,True
dispatch_development_reception_edge_2026091341_smooth,2026091341,reception_edge,16,smooth,bounded,SERVICE_TOUR,4027.782147,3965.730325,-62.0518219999999,-1.5405952888047247,True,True
dispatch_development_reception_edge_2026091341_spatial_hash,2026091341,reception_edge,16,spatial_hash,bounded,SERVICE_TOUR,4010.982083,4229.708317,218.72623399999975,5.453184020119184,True,True
dispatch_development_uniform_2026091300_negative,2026091300,uniform,10,negative,bounded,SERVICE_TOUR,3155.858457,3155.858457,0.0,0.0,True,True
dispatch_development_uniform_2026091300_positive,2026091300,uniform,10,positive,bounded,SERVICE_TOUR,3170.951423,3170.951423,0.0,0.0,True,True
dispatch_development_uniform_2026091300_smooth,2026091300,uniform,10,smooth,bounded,SERVICE_TOUR,3218.724698,3218.724698,0.0,0.0,True,True
dispatch_development_uniform_2026091300_spatial_hash,2026091300,uniform,10,spatial_hash,bounded,SERVICE_TOUR,3174.491753,3174.491753,0.0,0.0,True,True
dispatch_development_uniform_2026091301_negative,2026091301,uniform,11,negative,bounded,SERVICE_TOUR,3722.752628,3145.906841,-576.8457870000002,-15.495141489159403,True,True
dispatch_development_uniform_2026091301_positive,2026091301,uniform,11,positive,bounded,SERVICE_TOUR,3583.856524,3543.064764,-40.79175999999961,-1.138208511608363,True,True
dispatch_development_uniform_2026091301_smooth,2026091301,uniform,11,smooth,bounded,SERVICE_TOUR,3739.757401,3169.481339,-570.2760619999999,-15.249012191205502,True,True
dispatch_development_uniform_2026091301_spatial_hash,2026091301,uniform,11,spatial_hash,bounded,SERVICE_TOUR,3422.535735,3149.411399,-273.12433599999986,-7.980174851264188,True,True
dispatch_development_uniform_2026091302_negative,2026091302,uniform,12,negative,bounded,SERVICE_TOUR,3094.316653,2830.342368,-263.9742849999998,-8.530939609689646,True,True
dispatch_development_uniform_2026091302_positive,2026091302,uniform,12,positive,bounded,SERVICE_TOUR,2898.779189,2816.422196,-82.35699299999987,-2.8410923230206664,True,True
dispatch_development_uniform_2026091302_smooth,2026091302,uniform,12,smooth,bounded,SERVICE_TOUR,2905.445945,2821.477324,-83.96862099999998,-2.8900424440696293,True,True
dispatch_development_uniform_2026091302_spatial_hash,2026091302,uniform,12,spatial_hash,bounded,SERVICE_TOUR,3061.054645,2824.943917,-236.1107280000001,-7.71337840654589,True,True
dispatch_development_uniform_2026091303_negative,2026091303,uniform,13,negative,bounded,SERVICE_TOUR,3197.227235,3146.323515,-50.903719999999794,-1.5921208052639302,True,True
dispatch_development_uniform_2026091303_positive,2026091303,uniform,13,positive,bounded,SERVICE_TOUR,3234.735105,3177.189175,-57.545930000000226,-1.778999767586853,True,True
dispatch_development_uniform_2026091303_smooth,2026091303,uniform,13,smooth,bounded,SERVICE_TOUR,3253.01159,3154.979415,-98.03217500000028,-3.0135821003945518,True,True
dispatch_development_uniform_2026091303_spatial_hash,2026091303,uniform,13,spatial_hash,bounded,SERVICE_TOUR,3189.318307,3144.444073,-44.87423399999989,-1.407016474382905,True,True
dispatch_development_uniform_2026091304_negative,2026091304,uniform,14,negative,bounded,SERVICE_TOUR,3380.876498,3312.723769,-68.15272899999991,-2.015830186057266,True,True
dispatch_development_uniform_2026091304_positive,2026091304,uniform,14,positive,bounded,SERVICE_TOUR,3510.868562,3517.979209,7.110646999999972,0.20253241824437218,True,True
dispatch_development_uniform_2026091304_smooth,2026091304,uniform,14,smooth,bounded,SERVICE_TOUR,3466.657513,3464.682032,-1.9754809999999452,-0.056985179314417156,True,True
dispatch_development_uniform_2026091304_spatial_hash,2026091304,uniform,14,spatial_hash,bounded,SERVICE_TOUR,3449.560056,3482.69319,33.133134000000155,0.9605031790175689,True,True
dispatch_development_uniform_2026091305_negative,2026091305,uniform,15,negative,bounded,SERVICE_TOUR,3628.466106,3886.510776,258.0446700000002,7.111673706233601,True,True
dispatch_development_uniform_2026091305_positive,2026091305,uniform,15,positive,bounded,SERVICE_TOUR,3431.008674,3786.32526,355.3165859999999,10.356038697674252,True,True
dispatch_development_uniform_2026091305_smooth,2026091305,uniform,15,smooth,bounded,SERVICE_TOUR,3453.452409,3867.363653,413.9112439999999,11.985433559799773,True,True
dispatch_development_uniform_2026091305_spatial_hash,2026091305,uniform,15,spatial_hash,bounded,SERVICE_TOUR,3593.188085,3870.275179,277.08709400000043,7.711455327282168,True,True
dispatch_development_uniform_2026091306_negative,2026091306,uniform,16,negative,bounded,SERVICE_TOUR,3967.752616,3891.15534,-76.59727600000042,-1.9304952554532018,True,True
dispatch_development_uniform_2026091306_positive,2026091306,uniform,16,positive,bounded,SERVICE_TOUR,3812.04901,3833.281174,21.23216400000001,0.5569751056269778,True,True
dispatch_development_uniform_2026091306_smooth,2026091306,uniform,16,smooth,bounded,SERVICE_TOUR,3935.194121,3925.454032,-9.740088999999898,-0.24751228784426482,True,True
dispatch_development_uniform_2026091306_spatial_hash,2026091306,uniform,16,spatial_hash,bounded,SERVICE_TOUR,4157.072183,3909.181798,-247.89038500000015,-5.963100328489057,True,True
dispatch_development_cluster_2026091314_negative,2026091314,cluster,10,negative,pre_round_stress,SERVICE_TOUR,2079.856384,2119.091325,39.23494099999971,1.8864254908092626,True,True
dispatch_development_cluster_2026091314_positive,2026091314,cluster,10,positive,pre_round_stress,SERVICE_TOUR,2072.141561,2115.561437,43.41987599999993,2.09541070056265,True,True
dispatch_development_cluster_2026091314_smooth,2026091314,cluster,10,smooth,pre_round_stress,SERVICE_TOUR,2097.484088,2128.600954,31.116865999999845,1.4835328753159072,True,True
dispatch_development_cluster_2026091314_spatial_hash,2026091314,cluster,10,spatial_hash,pre_round_stress,SERVICE_TOUR,2091.245364,2127.77173,36.52636600000005,1.7466322521875188,True,True
dispatch_development_cluster_2026091315_negative,2026091315,cluster,11,negative,pre_round_stress,SERVICE_TOUR,2389.457857,2105.616834,-283.84102299999995,-11.878888015056543,True,True
dispatch_development_cluster_2026091315_positive,2026091315,cluster,11,positive,pre_round_stress,SERVICE_TOUR,2173.835339,2214.118283,40.28294399999959,1.8530816606620482,True,True
dispatch_development_cluster_2026091315_smooth,2026091315,cluster,11,smooth,pre_round_stress,SERVICE_TOUR,2344.293234,2118.623295,-225.66993900000034,-9.626352869472143,True,True
dispatch_development_cluster_2026091315_spatial_hash,2026091315,cluster,11,spatial_hash,pre_round_stress,SERVICE_TOUR,2143.954058,2195.331066,51.37700800000039,2.3963670214056654,True,True
dispatch_development_cluster_2026091316_negative,2026091316,cluster,12,negative,pre_round_stress,SERVICE_TOUR,2420.620371,2274.15351,-146.46686099999988,-6.05079849590342,True,True
dispatch_development_cluster_2026091316_positive,2026091316,cluster,12,positive,pre_round_stress,SERVICE_TOUR,2218.631645,2336.01586,117.38421500000004,5.290838398728415,True,True
dispatch_development_cluster_2026091316_smooth,2026091316,cluster,12,smooth,pre_round_stress,SERVICE_TOUR,2345.093551,2228.825509,-116.26804200000015,-4.957927667764938,True,True
dispatch_development_cluster_2026091316_spatial_hash,2026091316,cluster,12,spatial_hash,pre_round_stress,SERVICE_TOUR,2262.106806,2234.241938,-27.86486799999966,-1.2318104488298731,True,True
dispatch_development_cluster_2026091317_negative,2026091317,cluster,13,negative,pre_round_stress,SERVICE_TOUR,2385.802207,2239.192707,-146.60950000000003,-6.145081917094563,True,True
dispatch_development_cluster_2026091317_positive,2026091317,cluster,13,positive,pre_round_stress,SERVICE_TOUR,2267.381063,2233.290104,-34.09095899999966,-1.503539019369482,True,True
dispatch_development_cluster_2026091317_smooth,2026091317,cluster,13,smooth,pre_round_stress,SERVICE_TOUR,2486.693204,2230.784487,-255.90871700000025,-10.291125442750849,True,True
dispatch_development_cluster_2026091317_spatial_hash,2026091317,cluster,13,spatial_hash,pre_round_stress,SERVICE_TOUR,2526.475948,2243.205879,-283.2700689999997,-11.212062763718011,True,True
dispatch_development_cluster_2026091318_negative,2026091318,cluster,14,negative,pre_round_stress,SERVICE_TOUR,1948.027665,1931.135493,-16.892172000000073,-0.8671423051889837,True,True
dispatch_development_cluster_2026091318_positive,2026091318,cluster,14,positive,pre_round_stress,SERVICE_TOUR,1922.082143,1930.793388,8.711244999999963,0.45321918377554393,True,True
dispatch_development_cluster_2026091318_smooth,2026091318,cluster,14,smooth,pre_round_stress,SERVICE_TOUR,1945.030469,1935.914377,-9.11609199999998,-0.46868633398255977,True,True
dispatch_development_cluster_2026091318_spatial_hash,2026091318,cluster,14,spatial_hash,pre_round_stress,SERVICE_TOUR,1949.611193,1939.410215,-10.20097799999985,-0.5232314030933938,True,True
dispatch_development_cluster_2026091319_negative,2026091319,cluster,15,negative,pre_round_stress,SERVICE_TOUR,2271.912508,2037.297267,-234.61524099999997,-10.32677271566833,True,True
dispatch_development_cluster_2026091319_positive,2026091319,cluster,15,positive,pre_round_stress,SERVICE_TOUR,2219.537046,2029.151562,-190.3854839999999,-8.577711480108352,True,True
dispatch_development_cluster_2026091319_smooth,2026091319,cluster,15,smooth,pre_round_stress,SERVICE_TOUR,2294.431479,2072.350063,-222.081416,-9.679147886202799,True,True
dispatch_development_cluster_2026091319_spatial_hash,2026091319,cluster,15,spatial_hash,pre_round_stress,SERVICE_TOUR,2249.711219,2038.916213,-210.79500599999983,-9.36986952901886,True,True
dispatch_development_cluster_2026091320_negative,2026091320,cluster,16,negative,pre_round_stress,SERVICE_TOUR,1057.592526,789.021316,-268.57120999999995,-25.394582828207312,True,True
dispatch_development_cluster_2026091320_positive,2026091320,cluster,16,positive,pre_round_stress,SERVICE_TOUR,1042.353432,1019.220942,-23.132490000000075,-2.219255896305239,True,True
dispatch_development_cluster_2026091320_smooth,2026091320,cluster,16,smooth,pre_round_stress,SERVICE_TOUR,960.359821,971.571055,11.21123399999999,1.1673993179271092,True,True
dispatch_development_cluster_2026091320_spatial_hash,2026091320,cluster,16,spatial_hash,pre_round_stress,SERVICE_TOUR,1026.581858,989.983712,-36.59814600000004,-3.565048974399476,True,True
dispatch_development_min_radius_2026091321_negative,2026091321,min_radius,10,negative,pre_round_stress,SERVICE_TOUR,3289.700367,3074.571757,-215.12860999999975,-6.539459099619571,True,True
dispatch_development_min_radius_2026091321_positive,2026091321,min_radius,10,positive,pre_round_stress,SERVICE_TOUR,3216.313715,3273.41568,57.10196500000029,1.7753854275375014,True,True
dispatch_development_min_radius_2026091321_smooth,2026091321,min_radius,10,smooth,pre_round_stress,SERVICE_TOUR,3274.286877,3071.997751,-202.28912600000012,-6.178112474535025,True,True
dispatch_development_min_radius_2026091321_spatial_hash,2026091321,min_radius,10,spatial_hash,pre_round_stress,SERVICE_TOUR,3255.97061,3075.06061,-180.90999999999985,-5.556254084246781,True,True
dispatch_development_min_radius_2026091322_negative,2026091322,min_radius,11,negative,pre_round_stress,SERVICE_TOUR,3381.878015,3438.119999,56.24198400000023,1.6630399958408981,True,True
dispatch_development_min_radius_2026091322_positive,2026091322,min_radius,11,positive,pre_round_stress,SERVICE_TOUR,3287.676667,3231.919131,-55.75753600000007,-1.6959555834570206,True,True
dispatch_development_min_radius_2026091322_smooth,2026091322,min_radius,11,smooth,pre_round_stress,SERVICE_TOUR,3332.598999,3225.415257,-107.18374199999971,-3.2162207944058663,True,True
dispatch_development_min_radius_2026091322_spatial_hash,2026091322,min_radius,11,spatial_hash,pre_round_stress,SERVICE_TOUR,3306.506779,3195.352041,-111.15473799999972,-3.361696963876082,True,True
dispatch_development_min_radius_2026091323_negative,2026091323,min_radius,12,negative,pre_round_stress,SERVICE_TOUR,3459.785339,3779.554413,319.7690739999998,9.242454160246382,True,True
dispatch_development_min_radius_2026091323_positive,2026091323,min_radius,12,positive,pre_round_stress,SERVICE_TOUR,3486.00798,3604.381337,118.37335699999994,3.395670855578481,True,True
dispatch_development_min_radius_2026091323_smooth,2026091323,min_radius,12,smooth,pre_round_stress,SERVICE_TOUR,3501.546796,3452.455214,-49.09158200000002,-1.4019970276016314,True,True
dispatch_development_min_radius_2026091323_spatial_hash,2026091323,min_radius,12,spatial_hash,pre_round_stress,SERVICE_TOUR,3465.40647,3667.418625,202.0121549999999,5.8293927927017375,True,True
dispatch_development_min_radius_2026091324_negative,2026091324,min_radius,13,negative,pre_round_stress,SERVICE_TOUR,4124.760113,4327.120211,202.3600980000001,4.905984650167228,True,True
dispatch_development_min_radius_2026091324_positive,2026091324,min_radius,13,positive,pre_round_stress,SERVICE_TOUR,4176.240381,4177.100035,0.8596540000007735,0.02058439940171297,True,True
dispatch_development_min_radius_2026091324_smooth,2026091324,min_radius,13,smooth,pre_round_stress,SERVICE_TOUR,4120.726434,4120.726434,0.0,0.0,True,True
dispatch_development_min_radius_2026091324_spatial_hash,2026091324,min_radius,13,spatial_hash,pre_round_stress,SERVICE_TOUR,4171.698707,4171.698707,0.0,0.0,True,True
dispatch_development_min_radius_2026091325_negative,2026091325,min_radius,14,negative,pre_round_stress,SERVICE_TOUR,3319.655521,3170.894482,-148.76103899999998,-4.481219152377225,True,True
dispatch_development_min_radius_2026091325_positive,2026091325,min_radius,14,positive,pre_round_stress,SERVICE_TOUR,3429.982131,3222.157881,-207.82425000000012,-6.059047600326995,True,True
dispatch_development_min_radius_2026091325_smooth,2026091325,min_radius,14,smooth,pre_round_stress,SERVICE_TOUR,3431.622689,3221.39253,-210.23015899999973,-6.126260899075198,True,True
dispatch_development_min_radius_2026091325_spatial_hash,2026091325,min_radius,14,spatial_hash,pre_round_stress,SERVICE_TOUR,3385.645175,3425.270114,39.62493899999981,1.1703807384363607,True,True
dispatch_development_min_radius_2026091326_negative,2026091326,min_radius,15,negative,pre_round_stress,SERVICE_TOUR,3916.434906,3839.967056,-76.46785,-1.9524861726375353,True,True
dispatch_development_min_radius_2026091326_positive,2026091326,min_radius,15,positive,pre_round_stress,SERVICE_TOUR,3843.0276,3795.596195,-47.43140499999981,-1.234219733420594,True,True
dispatch_development_min_radius_2026091326_smooth,2026091326,min_radius,15,smooth,pre_round_stress,SERVICE_TOUR,3847.122461,3842.025091,-5.097369999999955,-0.13249825165885243,True,True
dispatch_development_min_radius_2026091326_spatial_hash,2026091326,min_radius,15,spatial_hash,pre_round_stress,SERVICE_TOUR,3879.825385,3792.372347,-87.4530380000001,-2.2540457191219776,True,True
dispatch_development_min_radius_2026091327_negative,2026091327,min_radius,16,negative,pre_round_stress,SERVICE_TOUR,3848.111134,3848.111134,0.0,0.0,True,True
dispatch_development_min_radius_2026091327_positive,2026091327,min_radius,16,positive,pre_round_stress,SERVICE_TOUR,3792.58597,3792.58597,0.0,0.0,True,True
dispatch_development_min_radius_2026091327_smooth,2026091327,min_radius,16,smooth,pre_round_stress,SERVICE_TOUR,3809.886575,3809.886575,0.0,0.0,True,True
dispatch_development_min_radius_2026091327_spatial_hash,2026091327,min_radius,16,spatial_hash,pre_round_stress,SERVICE_TOUR,3787.359262,3787.359262,0.0,0.0,True,True
dispatch_development_outer_2026091307_negative,2026091307,outer,10,negative,pre_round_stress,SERVICE_TOUR,3550.349871,3550.349871,0.0,0.0,True,True
dispatch_development_outer_2026091307_positive,2026091307,outer,10,positive,pre_round_stress,SERVICE_TOUR,3570.631169,3570.631169,0.0,0.0,True,True
dispatch_development_outer_2026091307_smooth,2026091307,outer,10,smooth,pre_round_stress,SERVICE_TOUR,3563.44455,3563.44455,0.0,0.0,True,True
dispatch_development_outer_2026091307_spatial_hash,2026091307,outer,10,spatial_hash,pre_round_stress,SERVICE_TOUR,3575.179805,3575.179805,0.0,0.0,True,True
dispatch_development_outer_2026091308_negative,2026091308,outer,11,negative,pre_round_stress,SERVICE_TOUR,2463.753471,2486.887193,23.133722000000034,0.9389625330739948,True,True
dispatch_development_outer_2026091308_positive,2026091308,outer,11,positive,pre_round_stress,SERVICE_TOUR,2470.037847,2491.285736,21.24788899999976,0.8602252401033628,True,True
dispatch_development_outer_2026091308_smooth,2026091308,outer,11,smooth,pre_round_stress,SERVICE_TOUR,2500.220657,2506.651492,6.4308350000001155,0.25721069786361905,True,True
dispatch_development_outer_2026091308_spatial_hash,2026091308,outer,11,spatial_hash,pre_round_stress,SERVICE_TOUR,2486.35374,2489.113656,2.7599159999999756,0.11100254785145758,True,True
dispatch_development_outer_2026091309_negative,2026091309,outer,12,negative,pre_round_stress,SERVICE_TOUR,3490.333314,3490.333314,0.0,0.0,True,True
dispatch_development_outer_2026091309_positive,2026091309,outer,12,positive,pre_round_stress,SERVICE_TOUR,3557.363542,3557.363542,0.0,0.0,True,True
dispatch_development_outer_2026091309_smooth,2026091309,outer,12,smooth,pre_round_stress,SERVICE_TOUR,3499.246729,3499.246729,0.0,0.0,True,True
dispatch_development_outer_2026091309_spatial_hash,2026091309,outer,12,spatial_hash,pre_round_stress,SERVICE_TOUR,3514.631513,3514.631513,0.0,0.0,True,True
dispatch_development_outer_2026091310_negative,2026091310,outer,13,negative,pre_round_stress,SERVICE_TOUR,2296.237089,2291.84161,-4.39547900000025,-0.1914209565317293,True,True
dispatch_development_outer_2026091310_positive,2026091310,outer,13,positive,pre_round_stress,SERVICE_TOUR,2277.020942,2274.567414,-2.4535280000000057,-0.10775166599236163,True,True
dispatch_development_outer_2026091310_smooth,2026091310,outer,13,smooth,pre_round_stress,SERVICE_TOUR,2282.321573,2282.179728,-0.14184500000010303,-0.006214943664295536,True,True
dispatch_development_outer_2026091310_spatial_hash,2026091310,outer,13,spatial_hash,pre_round_stress,SERVICE_TOUR,2274.996842,2274.996842,0.0,0.0,True,True
dispatch_development_outer_2026091311_negative,2026091311,outer,14,negative,pre_round_stress,SERVICE_TOUR,3730.416234,3728.707923,-1.708310999999867,-0.045794112314601065,True,True
dispatch_development_outer_2026091311_positive,2026091311,outer,14,positive,pre_round_stress,SERVICE_TOUR,3649.015316,3649.015316,0.0,0.0,True,True
dispatch_development_outer_2026091311_smooth,2026091311,outer,14,smooth,pre_round_stress,SERVICE_TOUR,3729.360382,3729.360382,0.0,0.0,True,True
dispatch_development_outer_2026091311_spatial_hash,2026091311,outer,14,spatial_hash,pre_round_stress,SERVICE_TOUR,3727.54899,3727.54899,0.0,0.0,True,True
dispatch_development_outer_2026091312_negative,2026091312,outer,15,negative,pre_round_stress,SERVICE_TOUR,2613.280173,2619.79596,6.515786999999818,0.2493336561199877,True,True
dispatch_development_outer_2026091312_positive,2026091312,outer,15,positive,pre_round_stress,SERVICE_TOUR,2621.290541,2649.205396,27.91485499999999,1.0649279262782807,True,True
dispatch_development_outer_2026091312_smooth,2026091312,outer,15,smooth,pre_round_stress,SERVICE_TOUR,2649.855612,2675.525947,25.67033500000025,0.9687446698511071,True,True
dispatch_development_outer_2026091312_spatial_hash,2026091312,outer,15,spatial_hash,pre_round_stress,SERVICE_TOUR,2673.028515,2620.32556,-52.70295499999975,-1.9716570438456316,True,True
dispatch_development_outer_2026091313_negative,2026091313,outer,16,negative,pre_round_stress,SERVICE_TOUR,3913.701268,3913.701268,0.0,0.0,True,True
dispatch_development_outer_2026091313_positive,2026091313,outer,16,positive,pre_round_stress,SERVICE_TOUR,3947.676905,3942.61138,-5.06552499999998,-0.1283166054847129,True,True
dispatch_development_outer_2026091313_smooth,2026091313,outer,16,smooth,pre_round_stress,SERVICE_TOUR,3981.396854,3981.396854,0.0,0.0,True,True
dispatch_development_outer_2026091313_spatial_hash,2026091313,outer,16,spatial_hash,pre_round_stress,SERVICE_TOUR,3900.064825,3900.064825,0.0,0.0,True,True
dispatch_development_radial_2026091328_negative,2026091328,radial,10,negative,pre_round_stress,SERVICE_TOUR,2969.712318,2818.02399,-151.68832799999973,-5.107845870476657,True,True
dispatch_development_radial_2026091328_positive,2026091328,radial,10,positive,pre_round_stress,SERVICE_TOUR,2818.969971,2822.858119,3.888148000000001,0.13792796801666007,True,True
dispatch_development_radial_2026091328_smooth,2026091328,radial,10,smooth,pre_round_stress,SERVICE_TOUR,2871.933708,2786.786634,-85.14707399999998,-2.9647994228702457,True,True
dispatch_development_radial_2026091328_spatial_hash,2026091328,radial,10,spatial_hash,pre_round_stress,SERVICE_TOUR,2796.855461,2833.339194,36.48373300000003,1.30445543249329,True,True
dispatch_development_radial_2026091329_negative,2026091329,radial,11,negative,pre_round_stress,SERVICE_TOUR,2496.397279,2480.457116,-15.940162999999757,-0.6385266934109568,True,True
dispatch_development_radial_2026091329_positive,2026091329,radial,11,positive,pre_round_stress,SERVICE_TOUR,2488.485805,2511.198724,22.712919000000056,0.9127204565267721,True,True
dispatch_development_radial_2026091329_smooth,2026091329,radial,11,smooth,pre_round_stress,SERVICE_TOUR,2536.076704,2587.322484,51.24577999999974,2.020671532496343,True,True
dispatch_development_radial_2026091329_spatial_hash,2026091329,radial,11,spatial_hash,pre_round_stress,SERVICE_TOUR,2496.899004,2510.315303,13.41629899999998,0.5373184489443572,True,True
dispatch_development_radial_2026091330_negative,2026091330,radial,12,negative,pre_round_stress,SERVICE_TOUR,2450.950928,2454.245975,3.295046999999613,0.1344395337481652,True,True
dispatch_development_radial_2026091330_positive,2026091330,radial,12,positive,pre_round_stress,SERVICE_TOUR,2506.353304,2497.983289,-8.370015000000421,-0.33395192077040337,True,True
dispatch_development_radial_2026091330_smooth,2026091330,radial,12,smooth,pre_round_stress,SERVICE_TOUR,2464.930223,2464.309655,-0.620567999999821,-0.02517588507007229,True,True
dispatch_development_radial_2026091330_spatial_hash,2026091330,radial,12,spatial_hash,pre_round_stress,SERVICE_TOUR,2444.825497,2455.04367,10.218173000000206,0.4179510158307309,True,True
dispatch_development_radial_2026091331_negative,2026091331,radial,13,negative,pre_round_stress,SERVICE_TOUR,2677.811016,2711.412276,33.60125999999991,1.2548032627855976,True,True
dispatch_development_radial_2026091331_positive,2026091331,radial,13,positive,pre_round_stress,SERVICE_TOUR,2617.527349,2741.211429,123.68408,4.725225891039964,True,True
dispatch_development_radial_2026091331_smooth,2026091331,radial,13,smooth,pre_round_stress,SERVICE_TOUR,2713.552053,2709.138428,-4.4136249999996835,-0.16265120085388052,True,True
dispatch_development_radial_2026091331_spatial_hash,2026091331,radial,13,spatial_hash,pre_round_stress,SERVICE_TOUR,2626.491412,2565.815254,-60.67615799999976,-2.31016015216271,True,True
dispatch_development_radial_2026091332_negative,2026091332,radial,14,negative,pre_round_stress,SERVICE_TOUR,2517.5711,2677.799627,160.22852699999976,6.364409211719968,True,True
dispatch_development_radial_2026091332_positive,2026091332,radial,14,positive,pre_round_stress,SERVICE_TOUR,2846.559601,2657.916839,-188.64276199999995,-6.627044167061513,True,True
dispatch_development_radial_2026091332_smooth,2026091332,radial,14,smooth,pre_round_stress,SERVICE_TOUR,2878.240903,2731.875828,-146.3650749999997,-5.085226703832991,True,True
dispatch_development_radial_2026091332_spatial_hash,2026091332,radial,14,spatial_hash,pre_round_stress,SERVICE_TOUR,2562.979481,2571.109378,8.129897000000256,0.3172049195192317,True,True
dispatch_development_radial_2026091333_negative,2026091333,radial,15,negative,pre_round_stress,SERVICE_TOUR,2434.174534,2433.515328,-0.6592060000002675,-0.02708129556006078,True,True
dispatch_development_radial_2026091333_positive,2026091333,radial,15,positive,pre_round_stress,SERVICE_TOUR,2465.982149,2460.671507,-5.310641999999916,-0.21535606014639885,True,True
dispatch_development_radial_2026091333_smooth,2026091333,radial,15,smooth,pre_round_stress,SERVICE_TOUR,2483.340195,2440.354056,-42.986139000000094,-1.7309806802366046,True,True
dispatch_development_radial_2026091333_spatial_hash,2026091333,radial,15,spatial_hash,pre_round_stress,SERVICE_TOUR,2543.111503,2439.575285,-103.53621800000019,-4.07124177913013,True,True
dispatch_development_radial_2026091334_negative,2026091334,radial,16,negative,pre_round_stress,SERVICE_TOUR,2012.864187,1533.052493,-479.811694,-23.83726120713181,True,True
dispatch_development_radial_2026091334_positive,2026091334,radial,16,positive,pre_round_stress,SERVICE_TOUR,2857.605351,1492.497426,-1365.1079250000003,-47.77104453987286,True,True
dispatch_development_radial_2026091334_smooth,2026091334,radial,16,smooth,pre_round_stress,SERVICE_TOUR,2678.71406,2425.857331,-252.85672899999963,-9.439481905732027,True,True
dispatch_development_radial_2026091334_spatial_hash,2026091334,radial,16,spatial_hash,pre_round_stress,SERVICE_TOUR,1820.653163,2745.603317,924.9501540000001,50.80320473977065,True,True
dispatch_development_reception_edge_2026091335_negative,2026091335,reception_edge,10,negative,pre_round_stress,SERVICE_TOUR,3549.54361,3549.54361,0.0,0.0,True,True
dispatch_development_reception_edge_2026091335_positive,2026091335,reception_edge,10,positive,pre_round_stress,SERVICE_TOUR,3578.345218,3578.345218,0.0,0.0,True,True
dispatch_development_reception_edge_2026091335_smooth,2026091335,reception_edge,10,smooth,pre_round_stress,SERVICE_TOUR,3594.296047,3594.296047,0.0,0.0,True,True
dispatch_development_reception_edge_2026091335_spatial_hash,2026091335,reception_edge,10,spatial_hash,pre_round_stress,SERVICE_TOUR,3568.151988,3568.151988,0.0,0.0,True,True
dispatch_development_reception_edge_2026091336_negative,2026091336,reception_edge,11,negative,pre_round_stress,SERVICE_TOUR,3056.606656,3312.694213,256.0875570000003,8.378165260397852,True,True
dispatch_development_reception_edge_2026091336_positive,2026091336,reception_edge,11,positive,pre_round_stress,SERVICE_TOUR,3044.541771,3516.161107,471.61933599999975,15.490650858933463,True,True
dispatch_development_reception_edge_2026091336_smooth,2026091336,reception_edge,11,smooth,pre_round_stress,SERVICE_TOUR,3018.505421,3125.291684,106.78626299999996,3.537719768766312,True,True
dispatch_development_reception_edge_2026091336_spatial_hash,2026091336,reception_edge,11,spatial_hash,pre_round_stress,SERVICE_TOUR,3067.356765,3492.182597,424.825832,13.849899589361915,True,True
dispatch_development_reception_edge_2026091337_negative,2026091337,reception_edge,12,negative,pre_round_stress,SERVICE_TOUR,3590.616746,3952.154998,361.53825199999983,10.068973593540953,True,True
dispatch_development_reception_edge_2026091337_positive,2026091337,reception_edge,12,positive,pre_round_stress,SERVICE_TOUR,3931.54251,3863.135989,-68.40652100000034,-1.7399410238095103,True,True
dispatch_development_reception_edge_2026091337_smooth,2026091337,reception_edge,12,smooth,pre_round_stress,SERVICE_TOUR,3911.731192,3859.495232,-52.23595999999998,-1.3353668091209636,True,True
dispatch_development_reception_edge_2026091337_spatial_hash,2026091337,reception_edge,12,spatial_hash,pre_round_stress,SERVICE_TOUR,3627.563015,3952.286207,324.7231919999999,8.951552065595191,True,True
dispatch_development_reception_edge_2026091338_negative,2026091338,reception_edge,13,negative,pre_round_stress,SERVICE_TOUR,3940.708457,4102.401474,161.69301700000005,4.103145887709103,True,True
dispatch_development_reception_edge_2026091338_positive,2026091338,reception_edge,13,positive,pre_round_stress,SERVICE_TOUR,3951.716033,4106.912624,155.19659099999944,3.9273214396981837,True,True
dispatch_development_reception_edge_2026091338_smooth,2026091338,reception_edge,13,smooth,pre_round_stress,SERVICE_TOUR,3977.307525,4120.477885,143.17036000000007,3.5996804144532435,True,True
dispatch_development_reception_edge_2026091338_spatial_hash,2026091338,reception_edge,13,spatial_hash,pre_round_stress,SERVICE_TOUR,3930.673356,4068.117192,137.44383600000037,3.4966995105354837,True,True
dispatch_development_reception_edge_2026091339_negative,2026091339,reception_edge,14,negative,pre_round_stress,SERVICE_TOUR,3772.190371,4001.760264,229.56989299999987,6.085851201066017,True,True
dispatch_development_reception_edge_2026091339_positive,2026091339,reception_edge,14,positive,pre_round_stress,SERVICE_TOUR,3912.333917,3788.934954,-123.3989630000001,-3.1541009949023757,True,True
dispatch_development_reception_edge_2026091339_smooth,2026091339,reception_edge,14,smooth,pre_round_stress,SERVICE_TOUR,3889.557319,4063.928807,174.37148799999977,4.48306770408593,True,True
dispatch_development_reception_edge_2026091339_spatial_hash,2026091339,reception_edge,14,spatial_hash,pre_round_stress,SERVICE_TOUR,3923.446386,3982.569844,59.12345800000003,1.5069266196925613,True,True
dispatch_development_reception_edge_2026091340_negative,2026091340,reception_edge,15,negative,pre_round_stress,SERVICE_TOUR,4207.646354,4091.227343,-116.41901100000041,-2.766844007441993,True,True
dispatch_development_reception_edge_2026091340_positive,2026091340,reception_edge,15,positive,pre_round_stress,SERVICE_TOUR,4205.139428,4051.351946,-153.78748200000018,-3.657131579894912,True,True
dispatch_development_reception_edge_2026091340_smooth,2026091340,reception_edge,15,smooth,pre_round_stress,SERVICE_TOUR,4211.07549,4062.888307,-148.187183,-3.51898661878417,True,True
dispatch_development_reception_edge_2026091340_spatial_hash,2026091340,reception_edge,15,spatial_hash,pre_round_stress,SERVICE_TOUR,4202.863157,4069.76107,-133.10208699999976,-3.1669383948015106,True,True
dispatch_development_reception_edge_2026091341_negative,2026091341,reception_edge,16,negative,pre_round_stress,SERVICE_TOUR,4070.263315,4248.772841,178.50952599999982,4.3856997001187725,True,True
dispatch_development_reception_edge_2026091341_positive,2026091341,reception_edge,16,positive,pre_round_stress,SERVICE_TOUR,3938.304679,4217.569454,279.26477500000055,7.090989594814956,True,True
dispatch_development_reception_edge_2026091341_smooth,2026091341,reception_edge,16,smooth,pre_round_stress,SERVICE_TOUR,4027.783268,3965.730325,-62.05294300000014,-1.540622691717286,True,True
dispatch_development_reception_edge_2026091341_spatial_hash,2026091341,reception_edge,16,spatial_hash,pre_round_stress,SERVICE_TOUR,4010.982083,4229.708317,218.72623399999975,5.453184020119184,True,True
dispatch_development_uniform_2026091300_negative,2026091300,uniform,10,negative,pre_round_stress,SERVICE_TOUR,3156.039177,3156.039177,0.0,0.0,True,True
dispatch_development_uniform_2026091300_positive,2026091300,uniform,10,positive,pre_round_stress,SERVICE_TOUR,3171.143463,3171.143463,0.0,0.0,True,True
dispatch_development_uniform_2026091300_smooth,2026091300,uniform,10,smooth,pre_round_stress,SERVICE_TOUR,3218.724698,3218.724698,0.0,0.0,True,True
dispatch_development_uniform_2026091300_spatial_hash,2026091300,uniform,10,spatial_hash,pre_round_stress,SERVICE_TOUR,3174.491753,3174.491753,0.0,0.0,True,True
dispatch_development_uniform_2026091301_negative,2026091301,uniform,11,negative,pre_round_stress,SERVICE_TOUR,3723.377248,3145.6343,-577.7429479999996,-15.516637437432168,True,True
dispatch_development_uniform_2026091301_positive,2026091301,uniform,11,positive,pre_round_stress,SERVICE_TOUR,3583.434597,3233.197073,-350.2375240000001,-9.773794233421029,True,True
dispatch_development_uniform_2026091301_smooth,2026091301,uniform,11,smooth,pre_round_stress,SERVICE_TOUR,3739.757401,3169.481339,-570.2760619999999,-15.249012191205502,True,True
dispatch_development_uniform_2026091301_spatial_hash,2026091301,uniform,11,spatial_hash,pre_round_stress,SERVICE_TOUR,3422.535735,3149.411399,-273.12433599999986,-7.980174851264188,True,True
dispatch_development_uniform_2026091302_negative,2026091302,uniform,12,negative,pre_round_stress,SERVICE_TOUR,3094.509872,2830.550052,-263.95982000000004,-8.529939503130468,True,True
dispatch_development_uniform_2026091302_positive,2026091302,uniform,12,positive,pre_round_stress,SERVICE_TOUR,2898.887133,2816.357424,-82.52970900000037,-2.846944541596974,True,True
dispatch_development_uniform_2026091302_smooth,2026091302,uniform,12,smooth,pre_round_stress,SERVICE_TOUR,2905.445945,2821.477324,-83.96862099999998,-2.8900424440696293,True,True
dispatch_development_uniform_2026091302_spatial_hash,2026091302,uniform,12,spatial_hash,pre_round_stress,SERVICE_TOUR,3061.054645,2824.943917,-236.1107280000001,-7.71337840654589,True,True
dispatch_development_uniform_2026091303_negative,2026091303,uniform,13,negative,pre_round_stress,SERVICE_TOUR,3197.466136,3146.29064,-51.17549599999984,-1.60050157916668,True,True
dispatch_development_uniform_2026091303_positive,2026091303,uniform,13,positive,pre_round_stress,SERVICE_TOUR,3234.431018,3185.254822,-49.176196000000346,-1.5203971185760001,True,True
dispatch_development_uniform_2026091303_smooth,2026091303,uniform,13,smooth,pre_round_stress,SERVICE_TOUR,3252.867678,3154.835503,-98.03217500000028,-3.013715426022945,True,True
dispatch_development_uniform_2026091303_spatial_hash,2026091303,uniform,13,spatial_hash,pre_round_stress,SERVICE_TOUR,3189.318307,3144.444073,-44.87423399999989,-1.407016474382905,True,True
dispatch_development_uniform_2026091304_negative,2026091304,uniform,14,negative,pre_round_stress,SERVICE_TOUR,3380.771738,3312.654822,-68.11691599999995,-2.0148333362576154,True,True
dispatch_development_uniform_2026091304_positive,2026091304,uniform,14,positive,pre_round_stress,SERVICE_TOUR,3511.271918,3518.233559,6.961640999999872,0.1982655049958426,True,True
dispatch_development_uniform_2026091304_smooth,2026091304,uniform,14,smooth,pre_round_stress,SERVICE_TOUR,3466.657513,3464.682032,-1.9754809999999452,-0.056985179314417156,True,True
dispatch_development_uniform_2026091304_spatial_hash,2026091304,uniform,14,spatial_hash,pre_round_stress,SERVICE_TOUR,3449.560056,3482.69319,33.133134000000155,0.9605031790175689,True,True
dispatch_development_uniform_2026091305_negative,2026091305,uniform,15,negative,pre_round_stress,SERVICE_TOUR,3628.673934,3886.722767,258.0488330000003,7.111381118654148,True,True
dispatch_development_uniform_2026091305_positive,2026091305,uniform,15,positive,pre_round_stress,SERVICE_TOUR,3430.605874,3786.530903,355.925029,10.37499036824654,True,True
dispatch_development_uniform_2026091305_smooth,2026091305,uniform,15,smooth,pre_round_stress,SERVICE_TOUR,3453.401893,3867.421386,414.0194929999998,11.988743442783534,True,True
dispatch_development_uniform_2026091305_spatial_hash,2026091305,uniform,15,spatial_hash,pre_round_stress,SERVICE_TOUR,3593.188085,3870.275179,277.08709400000043,7.711455327282168,True,True
dispatch_development_uniform_2026091306_negative,2026091306,uniform,16,negative,pre_round_stress,SERVICE_TOUR,3967.267701,3891.138067,-76.12963400000035,-1.9189437098184992,True,True
dispatch_development_uniform_2026091306_positive,2026091306,uniform,16,positive,pre_round_stress,SERVICE_TOUR,3811.594716,3940.010978,128.41626199999973,3.36909539361423,True,True
dispatch_development_uniform_2026091306_smooth,2026091306,uniform,16,smooth,pre_round_stress,SERVICE_TOUR,3935.196314,3925.454032,-9.742281999999705,-0.24756787775339628,True,True
dispatch_development_uniform_2026091306_spatial_hash,2026091306,uniform,16,spatial_hash,pre_round_stress,SERVICE_TOUR,4157.072183,3909.181798,-247.89038500000015,-5.963100328489057,True,True
