rounding,case_id,baseline,candidate,change_s,change_pct,baseline_success,candidate_success,movement_s_difference,switch_s_difference,detection_s_difference,optical_s_difference,laser_s_difference
bounded,final_uniform_910000_spatial_hash,3426.434355,3307.069673,-119.3646819999999,-3.4836412910061454,True,True,-150.3646829553295,3.0,55.0,-27.0,0.0
bounded,final_uniform_910000_smooth,3450.895631,3145.408852,-305.48677899999984,-8.852391137412518,True,True,-310.48677732376973,4.0,40.0,-39.0,0.0
bounded,final_uniform_910000_positive,3640.369783,3294.038384,-346.33139900000015,-9.513632395734017,True,True,-388.331401490424,4.0,50.0,-12.0,0.0
bounded,final_uniform_910000_negative,3546.382521,3336.741863,-209.6406579999998,-5.911394407078396,True,True,-179.64065614926812,3.0,45.0,-78.0,0.0
bounded,final_outer_910001_spatial_hash,2801.233452,2692.520286,-108.713166,-3.8809034613799143,True,True,-163.71316543797684,9.0,55.0,-9.0,0.0
bounded,final_outer_910001_smooth,2806.640831,2696.372243,-110.26858800000036,-3.9288457141383515,True,True,-169.26858827658543,10.0,55.0,-6.0,0.0
bounded,final_outer_910001_positive,2797.104426,2690.560928,-106.543498,-3.809064009539409,True,True,-161.54349921775952,9.0,55.0,-9.0,0.0
bounded,final_outer_910001_negative,2888.682807,2682.713421,-205.9693860000002,-7.130218156901302,True,True,-236.9693854120244,9.0,55.0,-33.0,0.0
bounded,final_cluster_910002_spatial_hash,2137.923221,1976.429583,-161.49363799999992,-7.553762287331455,True,True,-161.49363818059646,0.0,0.0,0.0,0.0
bounded,final_cluster_910002_smooth,2123.116072,1982.007704,-141.1083679999997,-6.6462860820922565,True,True,-141.10836854687227,0.0,0.0,0.0,0.0
bounded,final_cluster_910002_positive,2131.995598,1976.840958,-155.15463999999997,-7.277437164764722,True,True,-149.15464061767102,0.0,0.0,-6.0,0.0
bounded,final_cluster_910002_negative,2112.270271,2007.783984,-104.48628699999995,-4.946634359936031,True,True,-122.48628475431428,3.0,15.0,0.0,0.0
bounded,final_min_radius_910003_spatial_hash,3785.065564,3622.11273,-162.95283400000017,-4.305152215852082,True,True,-190.95283070468167,0.0,40.0,-12.0,0.0
bounded,final_min_radius_910003_smooth,3993.235203,3629.146224,-364.0889790000001,-9.117644228080302,True,True,-379.0889798568569,-2.0,35.0,-18.0,0.0
bounded,final_min_radius_910003_positive,3827.248901,3592.012484,-235.23641700000007,-6.146357947572644,True,True,-261.23641662339423,0.0,35.0,-9.0,0.0
bounded,final_min_radius_910003_negative,4026.755001,3726.871735,-299.8832659999998,-7.4472687294242395,True,True,-295.8832648237453,-1.0,45.0,-48.0,0.0
bounded,final_radial_910004_spatial_hash,2343.255175,2322.071142,-21.184033,-0.9040429410339446,True,True,-57.18403156495765,7.0,35.0,-6.0,0.0
bounded,final_radial_910004_smooth,2325.688528,2292.913458,-32.77507000000014,-1.409263089420898,True,True,-53.77506936804866,6.0,30.0,-15.0,0.0
bounded,final_radial_910004_positive,2406.685026,2317.147009,-89.53801700000031,-3.720387837739436,True,True,-131.53801562412582,7.0,35.0,0.0,0.0
bounded,final_radial_910004_negative,2373.537472,2305.152279,-68.38519300000007,-2.8811507636480216,True,True,-83.38518905922115,6.0,30.0,-21.0,0.0
bounded,final_reception_edge_910005_spatial_hash,4210.756642,3655.869075,-554.8875670000002,-13.177858854755453,True,True,-614.8875643371944,2.0,85.0,-27.0,0.0
bounded,final_reception_edge_910005_smooth,4165.414643,3677.812466,-487.6021770000002,-11.705969724272657,True,True,-476.6021739780608,-7.0,20.0,-24.0,0.0
bounded,final_reception_edge_910005_positive,4174.845877,3631.917687,-542.9281899999996,-13.004748103183683,True,True,-603.9281895237377,5.0,65.0,-9.0,0.0
bounded,final_reception_edge_910005_negative,4163.607796,3661.20982,-502.3979760000002,-12.066409724822226,True,True,-469.39797597665074,-8.0,20.0,-45.0,0.0
bounded,final_uniform_910006_spatial_hash,3603.298551,3263.659506,-339.6390449999999,-9.425781410917011,True,True,-402.6390435593289,7.0,80.0,-24.0,0.0
bounded,final_uniform_910006_smooth,3726.174273,3318.396037,-407.7782360000001,-10.943616860724326,True,True,-457.77823815408055,6.0,80.0,-36.0,0.0
bounded,final_uniform_910006_positive,3953.238402,3220.71664,-732.5217619999999,-18.52966321559071,True,True,-809.521764915853,9.0,80.0,-12.0,0.0
bounded,final_uniform_910006_negative,3645.2495,3567.222842,-78.02665799999977,-2.140502536246136,True,True,-94.02665834309573,4.0,75.0,-63.0,0.0
bounded,final_outer_910007_spatial_hash,3659.12982,3372.342948,-286.78687200000013,-7.837570299705854,True,True,-342.78687126262,10.0,85.0,-39.0,0.0
bounded,final_outer_910007_smooth,3950.947025,3353.1761,-597.7709249999998,-15.129813718522334,True,True,-626.7709236288651,6.0,65.0,-42.0,0.0
bounded,final_outer_910007_positive,3598.33205,3393.469497,-204.86255299999993,-5.693264272261922,True,True,-265.86255349929525,6.0,70.0,-15.0,0.0
bounded,final_outer_910007_negative,4181.958263,3353.389317,-828.5689460000003,-19.812941542979722,True,True,-831.5689474796636,9.0,75.0,-81.0,0.0
bounded,final_cluster_910008_spatial_hash,2433.623846,2288.888932,-144.73491400000012,-5.9473001235541005,True,True,-147.7349111529336,0.0,15.0,-12.0,0.0
bounded,final_cluster_910008_smooth,2391.936417,2294.429451,-97.50696599999992,-4.076486536473012,True,True,-107.50696466450313,0.0,10.0,0.0,0.0
bounded,final_cluster_910008_positive,2469.505437,2275.780626,-193.7248109999996,-7.844680481260246,True,True,-192.72480923483158,0.0,5.0,-6.0,0.0
bounded,final_cluster_910008_negative,2463.857708,2285.921636,-177.93607199999997,-7.221848543536103,True,True,-169.9360711373904,0.0,10.0,-18.0,0.0
bounded,final_min_radius_910009_spatial_hash,4024.391695,3427.154875,-597.2368199999996,-14.840424721629875,True,True,-646.2368203955316,7.0,45.0,-3.0,0.0
bounded,final_min_radius_910009_smooth,4241.98213,3005.931707,-1236.0504230000001,-29.138510845164735,True,True,-1238.050423119863,-1.0,15.0,-12.0,0.0
bounded,final_min_radius_910009_positive,3907.407487,3463.573983,-443.8335039999997,-11.358771908909937,True,True,-454.83350768886794,-1.0,15.0,-3.0,0.0
bounded,final_min_radius_910009_negative,4088.380376,3431.694771,-656.6856050000001,-16.062243348366955,True,True,-650.6856019633942,-1.0,10.0,-15.0,0.0
bounded,final_radial_910010_spatial_hash,2579.029242,2440.798027,-138.23121500000025,-5.359815730232043,True,True,-195.231214303029,11.0,55.0,-9.0,0.0
bounded,final_radial_910010_smooth,2594.481054,2441.850689,-152.63036499999998,-5.88288608871067,True,True,-206.63036258529587,11.0,55.0,-12.0,0.0
bounded,final_radial_910010_positive,2611.714118,2430.592924,-181.12119399999983,-6.934954815755212,True,True,-220.12118819861666,10.0,50.0,-21.0,0.0
bounded,final_radial_910010_negative,2595.201084,2445.435732,-149.7653519999999,-5.7708573306067485,True,True,-197.76535395512929,11.0,55.0,-18.0,0.0
bounded,final_reception_edge_910011_spatial_hash,4504.736523,3479.914817,-1024.8217059999997,-22.749870070480917,True,True,-1071.821705858527,3.0,65.0,-21.0,0.0
bounded,final_reception_edge_910011_smooth,3825.605539,3489.364463,-336.24107600000025,-8.789224936345441,True,True,-391.24107511139755,8.0,95.0,-48.0,0.0
bounded,final_reception_edge_910011_positive,4328.525889,3456.22764,-872.2982489999995,-20.152316778715694,True,True,-927.2982496277514,3.0,70.0,-18.0,0.0
bounded,final_reception_edge_910011_negative,4406.743967,3412.71168,-994.0322870000005,-22.55706922035483,True,True,-1006.0322851372348,3.0,60.0,-51.0,0.0
bounded,final_uniform_910012_spatial_hash,3391.210771,2944.019431,-447.19133999999985,-13.186775172577436,True,True,-465.1913427639024,5.0,55.0,-42.0,0.0
bounded,final_uniform_910012_smooth,3235.600213,3035.750425,-199.849788,-6.176590890217004,True,True,-222.84978991605067,3.0,50.0,-30.0,0.0
bounded,final_uniform_910012_positive,3202.278012,2695.128542,-507.1494700000003,-15.837146809225889,True,True,-512.1494715670797,1.0,25.0,-21.0,0.0
bounded,final_uniform_910012_negative,3164.145576,2872.568647,-291.57692899999984,-9.215028891578402,True,True,-256.57693532158873,3.0,40.0,-78.0,0.0
bounded,final_outer_910013_spatial_hash,2591.242421,2581.081829,-10.160591999999724,-0.3921127532358959,True,True,-61.160589674550465,12.0,60.0,-21.0,0.0
bounded,final_outer_910013_smooth,2571.152309,2576.997147,5.8448379999999815,0.2273236781633159,True,True,-51.15516246738048,13.0,65.0,-21.0,0.0
bounded,final_outer_910013_positive,2662.869308,2579.069438,-83.79986999999983,-3.1469764493601615,True,True,-122.79987435311159,12.0,60.0,-33.0,0.0
bounded,final_outer_910013_negative,2908.388845,2579.308449,-329.08039599999984,-11.314869281174122,True,True,-287.0803982481227,14.0,70.0,-126.0,0.0
bounded,final_cluster_910014_spatial_hash,1063.056166,2058.361666,995.3054999999997,93.626802781745,True,True,791.3054992591657,37.0,185.0,-18.0,0.0
bounded,final_cluster_910014_smooth,1196.954276,2195.469654,998.515378,83.42134683179829,True,True,836.5153760783876,36.0,195.0,-69.0,0.0
bounded,final_cluster_910014_positive,1044.889109,905.146946,-139.742163,-13.373874968774324,True,True,-239.7421624028106,18.0,85.0,-3.0,0.0
bounded,final_cluster_910014_negative,1318.216403,1015.073315,-303.1430879999999,-22.996458495745177,True,True,-286.14308342480786,15.0,85.0,-117.0,0.0
bounded,final_min_radius_910015_spatial_hash,3639.673375,3571.260253,-68.41312199999993,-1.8796500386521586,True,True,-96.41312207946703,1.0,30.0,-3.0,0.0
bounded,final_min_radius_910015_smooth,3731.040725,3601.554413,-129.486312,-3.4705145707033203,True,True,-156.48631380794723,4.0,35.0,-12.0,0.0
bounded,final_min_radius_910015_positive,3596.851529,3621.746106,24.894577000000027,0.6921213399909476,True,True,-18.105423449565023,3.0,40.0,0.0,0.0
bounded,final_min_radius_910015_negative,3666.112988,3568.64248,-97.47050799999988,-2.658688052415259,True,True,-81.47050728980003,1.0,25.0,-42.0,0.0
bounded,final_radial_910016_spatial_hash,2787.542256,2542.048562,-245.49369400000023,-8.806815160257797,True,True,-251.49369680030486,8.0,40.0,-42.0,0.0
bounded,final_radial_910016_smooth,2745.822573,2532.211292,-213.61128099999996,-7.779500507442294,True,True,-237.61128628116876,10.0,50.0,-36.0,0.0
bounded,final_radial_910016_positive,2706.970934,2607.985898,-98.98503600000004,-3.6566715496177515,True,True,-133.9850324568797,8.0,45.0,-18.0,0.0
bounded,final_radial_910016_negative,2742.432768,2496.584099,-245.84866899999997,-8.96461972992294,True,True,-246.8486639833552,10.0,60.0,-69.0,0.0
bounded,final_reception_edge_910017_spatial_hash,3600.598023,3111.352175,-489.245848,-13.587905255593146,True,True,-530.245850273282,6.0,65.0,-30.0,0.0
bounded,final_reception_edge_910017_smooth,3685.884262,3245.694876,-440.189386,-11.942572113242333,True,True,-484.1893844226347,4.0,70.0,-30.0,0.0
bounded,final_reception_edge_910017_positive,3986.952579,3235.594334,-751.3582449999999,-18.845427180587492,True,True,-791.3582414818316,-1.0,50.0,-9.0,0.0
bounded,final_reception_edge_910017_negative,3580.093657,3100.036668,-480.0569889999997,-13.40906230375748,True,True,-491.05699108514955,6.0,65.0,-60.0,0.0
bounded,final_uniform_910018_spatial_hash,3785.538269,3695.206669,-90.33159999999998,-2.386228683506675,True,True,-173.33159952731876,14.0,105.0,-36.0,0.0
bounded,final_uniform_910018_smooth,3847.930998,3764.541419,-83.38957899999969,-2.1671277120962507,True,True,-96.3895769564997,2.0,35.0,-24.0,0.0
bounded,final_uniform_910018_positive,3844.611039,4022.830811,178.21977199999992,4.63557353896471,True,True,108.21977625792215,8.0,80.0,-18.0,0.0
bounded,final_uniform_910018_negative,4078.871332,3689.539301,-389.33203100000037,-9.545092240237407,True,True,-346.33202645610436,0.0,35.0,-78.0,0.0
bounded,final_outer_910019_spatial_hash,4455.689521,4050.294735,-405.3947860000003,-9.098362533774939,True,True,-468.3947841349586,9.0,90.0,-36.0,0.0
bounded,final_outer_910019_smooth,4027.135985,4049.098783,21.96279800000002,0.5453701608737704,True,True,-54.03720040827875,8.0,80.0,-12.0,0.0
bounded,final_outer_910019_positive,4222.879508,3981.456958,-241.42254999999977,-5.717012515811515,True,True,-300.4225522926854,9.0,65.0,-15.0,0.0
bounded,final_outer_910019_negative,4479.33361,3996.478385,-482.8552249999998,-10.779621859868572,True,True,-484.85522145172126,8.0,75.0,-81.0,0.0
bounded,final_cluster_910020_spatial_hash,2473.936093,2330.385694,-143.55039899999974,-5.802510396536742,True,True,-199.55039924701964,15.0,80.0,-39.0,0.0
bounded,final_cluster_910020_smooth,2570.006097,2234.418681,-335.58741599999985,-13.057845130863122,True,True,-344.58741682963137,15.0,75.0,-81.0,0.0
bounded,final_cluster_910020_positive,2448.463262,2224.920999,-223.54226300000028,-9.129900638876743,True,True,-322.54226291795226,22.0,110.0,-33.0,0.0
bounded,final_cluster_910020_negative,2744.35259,2328.68754,-415.66505000000006,-15.146197012534756,True,True,-381.66504133601256,18.0,95.0,-147.0,0.0
bounded,final_min_radius_910021_spatial_hash,3891.841424,3269.55436,-622.2870640000001,-15.989527737757081,True,True,-687.2870591142464,10.0,70.0,-15.0,0.0
bounded,final_min_radius_910021_smooth,3929.281333,3274.991405,-654.2899279999997,-16.65164371166191,True,True,-692.2899275280988,5.0,45.0,-12.0,0.0
bounded,final_min_radius_910021_positive,3796.042295,3238.887233,-557.1550620000003,-14.677261703165511,True,True,-605.15506196265,7.0,50.0,-9.0,0.0
bounded,final_min_radius_910021_negative,3940.305114,3291.465231,-648.8398829999996,-16.466742148841618,True,True,-666.8398819600447,5.0,40.0,-27.0,0.0
bounded,final_radial_910022_spatial_hash,2571.023361,2546.671825,-24.351536000000124,-0.9471534319520414,True,True,-72.35153856671991,10.0,50.0,-12.0,0.0
bounded,final_radial_910022_smooth,2707.417358,2548.432861,-158.98449700000037,-5.872182821397143,True,True,-184.98449613165508,8.0,45.0,-27.0,0.0
bounded,final_radial_910022_positive,2577.4328,2534.103399,-43.32940099999996,-1.6811069138252588,True,True,-93.32939966488198,10.0,55.0,-15.0,0.0
bounded,final_radial_910022_negative,2588.414578,2544.158679,-44.25589899999977,-1.709768573247461,True,True,-70.25590108166375,10.0,55.0,-39.0,0.0
bounded,final_reception_edge_910023_spatial_hash,3282.829168,3263.335158,-19.494010000000344,-0.5938173752695342,True,True,-81.49400950439576,7.0,70.0,-15.0,0.0
bounded,final_reception_edge_910023_smooth,3573.275452,3262.314083,-310.96136899999965,-8.70241808047435,True,True,-371.9613689770513,12.0,85.0,-36.0,0.0
bounded,final_reception_edge_910023_positive,4181.023792,3241.7519,-939.2718919999998,-22.465117127465504,True,True,-1017.2718920634293,8.0,85.0,-15.0,0.0
bounded,final_reception_edge_910023_negative,3932.900722,3255.551312,-677.3494099999998,-17.222641960195396,True,True,-697.3494106139815,6.0,65.0,-51.0,0.0
bounded,final_uniform_910024_spatial_hash,5086.034551,4204.890634,-881.1439169999994,-17.32477253475897,True,True,-910.1439160199989,4.0,85.0,-60.0,0.0
bounded,final_uniform_910024_smooth,5038.949416,4208.824633,-830.1247830000002,-16.474163847807922,True,True,-862.1247855830629,-1.0,60.0,-27.0,0.0
bounded,final_uniform_910024_positive,5111.404373,4139.440108,-971.9642650000005,-19.01560107696062,True,True,-1007.9642603881962,-2.0,50.0,-12.0,0.0
bounded,final_uniform_910024_negative,4650.060277,4217.806442,-432.2538349999995,-9.295660900096314,True,True,-438.25383441146096,1.0,65.0,-60.0,0.0
bounded,final_outer_910025_spatial_hash,2285.498831,2307.495479,21.996648000000278,0.9624440713617011,True,True,-35.00334735870524,10.0,50.0,-3.0,0.0
bounded,final_outer_910025_smooth,2320.227753,2319.077549,-1.1502040000000306,-0.04957289207978555,True,True,-58.150203822050116,11.0,55.0,-9.0,0.0
bounded,final_outer_910025_positive,2496.074036,2317.218295,-178.85574099999985,-7.165482210079754,True,True,-235.85573982444566,10.0,50.0,-3.0,0.0
bounded,final_outer_910025_negative,2284.230707,2298.48045,14.249742999999853,0.6238311636531213,True,True,-36.75025609870204,10.0,50.0,-9.0,0.0
bounded,final_cluster_910026_spatial_hash,2118.455737,2015.767835,-102.68790200000012,-4.847299861238508,True,True,-101.68790175027425,-1.0,0.0,0.0,0.0
bounded,final_cluster_910026_smooth,2098.829925,2030.506471,-68.32345400000008,-3.2553115993903203,True,True,-68.32345167796575,0.0,0.0,0.0,0.0
bounded,final_cluster_910026_positive,2105.896801,2015.733007,-90.16379399999983,-4.281491569633655,True,True,-89.16379635668932,-1.0,0.0,0.0,0.0
bounded,final_cluster_910026_negative,2127.237604,2017.699464,-109.53813999999988,-5.149313823431257,True,True,-99.53813644359025,-1.0,0.0,-9.0,0.0
bounded,final_min_radius_910027_spatial_hash,4067.816593,3426.403737,-641.4128559999999,-15.767988583943515,True,True,-669.4128569814552,0.0,40.0,-12.0,0.0
bounded,final_min_radius_910027_smooth,4128.408388,3437.394003,-691.014385,-16.7380336453284,True,True,-697.0143869159174,-6.0,15.0,-3.0,0.0
bounded,final_min_radius_910027_positive,4303.899718,3471.308709,-832.5910089999998,-19.34503737431179,True,True,-838.5910088426854,-6.0,15.0,-3.0,0.0
bounded,final_min_radius_910027_negative,4236.859498,3394.060103,-842.799395,-19.892077974212775,True,True,-833.7993947453897,-7.0,10.0,-12.0,0.0
bounded,final_radial_910028_spatial_hash,1415.647924,1257.173461,-158.47446300000001,-11.194482774517878,True,True,-195.47446217044012,9.0,55.0,-27.0,0.0
bounded,final_radial_910028_smooth,1421.700064,1154.166011,-267.5340530000001,-18.817896951293946,True,True,-302.5340488929305,9.0,50.0,-24.0,0.0
bounded,final_radial_910028_positive,1388.878583,1266.530416,-122.34816699999988,-8.80913338988394,True,True,-175.34816747934065,9.0,50.0,-6.0,0.0
bounded,final_radial_910028_negative,1482.752539,1303.926988,-178.82555100000013,-12.060377325039273,True,True,-195.82554969594082,10.0,55.0,-48.0,0.0
bounded,final_reception_edge_910029_spatial_hash,4340.222665,3530.60674,-809.6159250000001,-18.653787777498742,True,True,-900.6159227119679,12.0,115.0,-36.0,0.0
bounded,final_reception_edge_910029_smooth,4215.482877,3527.921565,-687.5613120000003,-16.310380852247974,True,True,-731.5613089938984,10.0,85.0,-51.0,0.0
bounded,final_reception_edge_910029_positive,4297.924416,3787.029426,-510.8949899999998,-11.88701662826077,True,True,-661.8949931536181,18.0,160.0,-27.0,0.0
bounded,final_reception_edge_910029_negative,4104.100629,3519.104698,-584.9959309999995,-14.253937314946851,True,True,-624.9959293437128,10.0,105.0,-75.0,0.0
bounded,final_uniform_910030_spatial_hash,3351.704064,2962.649071,-389.0549930000002,-11.607677335799538,True,True,-450.05499473846976,10.0,60.0,-9.0,0.0
bounded,final_uniform_910030_smooth,3391.776749,2976.80855,-414.9681989999999,-12.234537521443457,True,True,-531.968200763888,19.0,110.0,-12.0,0.0
bounded,final_uniform_910030_positive,3250.819595,2987.785,-263.0345950000001,-8.09133165693251,True,True,-390.03459210647543,20.0,110.0,-3.0,0.0
bounded,final_uniform_910030_negative,3679.947194,3118.112364,-561.8348299999998,-15.26746989511284,True,True,-524.8348309120865,3.0,35.0,-75.0,0.0
bounded,final_outer_910031_spatial_hash,4059.946885,3161.885729,-898.0611559999998,-22.12002229186798,True,True,-1084.061156991358,29.0,160.0,-3.0,0.0
bounded,final_outer_910031_smooth,3582.997521,3161.713349,-421.28417199999967,-11.757869480256321,True,True,-588.2841700253657,30.0,155.0,-18.0,0.0
bounded,final_outer_910031_positive,4020.224037,3114.962022,-905.2620149999998,-22.51770067211306,True,True,-1065.2620145550486,26.0,140.0,-6.0,0.0
bounded,final_outer_910031_negative,3849.82857,3116.105754,-733.722816,-19.05858410729182,True,True,-872.7228195054895,26.0,140.0,-27.0,0.0
bounded,final_cluster_910032_spatial_hash,2393.176128,2316.669794,-76.50633400000015,-3.1968534661900194,True,True,-123.50633257044387,10.0,55.0,-18.0,0.0
bounded,final_cluster_910032_smooth,2415.416721,2311.857898,-103.55882299999985,-4.287410205437581,True,True,-138.55882492414935,10.0,55.0,-30.0,0.0
bounded,final_cluster_910032_positive,2378.0021,2337.686489,-40.31561099999999,-1.6953564086423678,True,True,-107.31560910517624,10.0,60.0,-3.0,0.0
bounded,final_cluster_910032_negative,2524.555074,2334.179503,-190.37557100000004,-7.540955353307533,True,True,-197.3755705155204,10.0,60.0,-63.0,0.0
bounded,final_min_radius_910033_spatial_hash,4105.288402,3294.452805,-810.8355970000002,-19.751002063703492,True,True,-798.835594059406,-7.0,-5.0,0.0,0.0
bounded,final_min_radius_910033_smooth,4126.546548,3292.757876,-833.7886720000001,-20.20548326067253,True,True,-815.7886699596866,-7.0,-5.0,-6.0,0.0
bounded,final_min_radius_910033_positive,4115.006387,3318.686534,-796.3198530000004,-19.35160673178319,True,True,-785.3198532708366,-5.0,0.0,-6.0,0.0
bounded,final_min_radius_910033_negative,4111.344327,3287.384996,-823.959331,-20.041117101014827,True,True,-811.9593317071044,-6.0,0.0,-6.0,0.0
bounded,final_radial_910034_spatial_hash,2797.334711,2767.78216,-29.552550999999767,-1.0564538767488196,True,True,-85.5525520086826,12.0,65.0,-21.0,0.0
bounded,final_radial_910034_smooth,2809.383337,2767.24274,-42.14059700000007,-1.4999945520072666,True,True,-97.14059588762075,12.0,70.0,-27.0,0.0
bounded,final_radial_910034_positive,2850.116434,2736.754842,-113.3615920000002,-3.977437224938307,True,True,-165.36159039378936,10.0,60.0,-18.0,0.0
bounded,final_radial_910034_negative,2904.666612,2724.152465,-180.51414699999987,-6.214625329263079,True,True,-162.51414827002463,8.0,40.0,-66.0,0.0
bounded,final_reception_edge_910035_spatial_hash,4311.79236,3616.008433,-695.7839270000004,-16.13676793564337,True,True,-726.7839264449135,7.0,90.0,-66.0,0.0
bounded,final_reception_edge_910035_smooth,3924.345311,3296.550108,-627.7952030000001,-15.99745061272464,True,True,-625.7952062227005,5.0,50.0,-57.0,0.0
bounded,final_reception_edge_910035_positive,3926.299213,3670.606165,-255.69304799999964,-6.512316920559657,True,True,-278.6930442721532,0.0,50.0,-27.0,0.0
bounded,final_reception_edge_910035_negative,4041.503743,3318.649316,-722.8544270000002,-17.885778981449786,True,True,-669.8544292820202,3.0,55.0,-111.0,0.0
bounded,final_uniform_910036_spatial_hash,3813.133746,3716.235189,-96.89855699999998,-2.541179078799616,True,True,-243.89855550003494,24.0,165.0,-42.0,0.0
bounded,final_uniform_910036_smooth,4208.996732,3791.625403,-417.3713289999996,-9.916171372308868,True,True,-481.3713306481377,8.0,80.0,-24.0,0.0
bounded,final_uniform_910036_positive,3586.211773,3794.670419,208.45864600000004,5.812781263210698,True,True,118.45864808091119,9.0,90.0,-9.0,0.0
bounded,final_uniform_910036_negative,4290.108663,3853.355452,-436.7532110000002,-10.180469664248227,True,True,-459.75321609477305,8.0,90.0,-75.0,0.0
bounded,final_outer_910037_spatial_hash,3053.432797,2877.749382,-175.68341499999997,-5.753636208159197,True,True,-199.68341166880373,16.0,80.0,-72.0,0.0
bounded,final_outer_910037_smooth,3241.040806,2919.166605,-321.8742010000001,-9.931198657052642,True,True,-338.87420683388154,17.0,90.0,-90.0,0.0
bounded,final_outer_910037_positive,2958.325433,2857.160916,-101.16451700000016,-3.419654777378922,True,True,-146.1645155248125,13.0,65.0,-33.0,0.0
bounded,final_outer_910037_negative,3339.357724,2880.186161,-459.1715629999999,-13.750295743996787,True,True,-387.1715575094074,16.0,80.0,-168.0,0.0
bounded,final_cluster_910038_spatial_hash,2836.752263,2656.066787,-180.68547599999965,-6.369448554133383,True,True,-206.68547777600293,11.0,60.0,-45.0,0.0
bounded,final_cluster_910038_smooth,2741.664196,2640.893107,-100.7710890000003,-3.675544552357002,True,True,-135.7710874318377,11.0,60.0,-36.0,0.0
bounded,final_cluster_910038_positive,2670.871389,2645.570069,-25.301320000000032,-0.9473058157799641,True,True,-84.30131991812505,11.0,60.0,-12.0,0.0
bounded,final_cluster_910038_negative,2797.836419,2646.493413,-151.34300600000006,-5.409287153896325,True,True,-165.34300812818765,11.0,60.0,-57.0,0.0
bounded,final_min_radius_910039_spatial_hash,4208.010124,3356.993347,-851.0167770000003,-20.223734067232968,True,True,-932.0167764158855,12.0,75.0,-6.0,0.0
bounded,final_min_radius_910039_smooth,4466.941157,3367.685207,-1099.2559500000002,-24.60869555618371,True,True,-1164.255953583539,9.0,65.0,-9.0,0.0
bounded,final_min_radius_910039_positive,3936.397508,3395.23578,-541.161728,-13.747639228512586,True,True,-534.1617303846392,-4.0,0.0,-3.0,0.0
bounded,final_min_radius_910039_negative,4334.811703,3370.149271,-964.6624320000001,-22.253848565841615,True,True,-993.6624271750889,8.0,60.0,-39.0,0.0
bounded,final_radial_910040_spatial_hash,2424.83846,2537.788083,112.94962299999997,4.658026704178875,True,True,59.94962591514036,11.0,60.0,-18.0,0.0
bounded,final_radial_910040_smooth,2556.681368,2452.069889,-104.61147900000014,-4.091690122568304,True,True,-146.61147801688617,12.0,60.0,-30.0,0.0
bounded,final_radial_910040_positive,2519.159165,2422.537382,-96.62178300000005,-3.8354775014781572,True,True,-155.62178284106585,10.0,55.0,-6.0,0.0
bounded,final_radial_910040_negative,2586.715553,2440.189415,-146.52613800000017,-5.664563226910024,True,True,-181.52613757803465,11.0,60.0,-36.0,0.0
bounded,final_reception_edge_910041_spatial_hash,4122.13283,3472.37566,-649.7571699999994,-15.762645135333974,True,True,-649.7571698918296,3.0,30.0,-33.0,0.0
bounded,final_reception_edge_910041_smooth,4409.65228,3463.755066,-945.8972140000001,-21.450607756310436,True,True,-913.8972138839695,0.0,25.0,-57.0,0.0
bounded,final_reception_edge_910041_positive,3659.46198,3489.16121,-170.30076999999983,-4.653710598190175,True,True,-204.30076675726286,5.0,50.0,-21.0,0.0
bounded,final_reception_edge_910041_negative,4343.444106,3498.836824,-844.6072819999999,-19.44556580878446,True,True,-806.6072800113616,4.0,45.0,-87.0,0.0
bounded,final_uniform_910042_spatial_hash,4222.339713,3382.514649,-839.8250640000001,-19.890040145616293,True,True,-854.8250645628077,9.0,75.0,-69.0,0.0
bounded,final_uniform_910042_smooth,3773.290307,3315.742761,-457.54754600000024,-12.12595662600313,True,True,-465.5475436673919,8.0,75.0,-75.0,0.0
bounded,final_uniform_910042_positive,4362.122605,3237.805126,-1124.3174789999994,-25.77455016306217,True,True,-1176.3174754647257,8.0,65.0,-21.0,0.0
bounded,final_uniform_910042_negative,3699.563045,3370.108406,-329.45463900000004,-8.905231104123546,True,True,-290.4546338568666,8.0,70.0,-117.0,0.0
bounded,final_outer_910043_spatial_hash,3291.00066,3680.266836,389.26617599999963,11.828201091883095,True,True,216.2661741091033,26.0,165.0,-18.0,0.0
bounded,final_outer_910043_smooth,3950.561827,3669.943014,-280.61881300000005,-7.103263416411276,True,True,-319.61881347457165,9.0,75.0,-45.0,0.0
bounded,final_outer_910043_positive,3275.591627,3679.007245,403.415618,12.31580929303675,True,True,232.4156175551584,25.0,155.0,-9.0,0.0
bounded,final_outer_910043_negative,4091.584833,3664.623713,-426.96111999999994,-10.435103692740666,True,True,-408.96112099334823,9.0,75.0,-102.0,0.0
bounded,final_cluster_910044_spatial_hash,2161.366109,2088.289992,-73.07611700000007,-3.381015215132166,True,True,-115.07611760858777,10.0,50.0,-18.0,0.0
bounded,final_cluster_910044_smooth,2191.09706,2113.840827,-77.25623300000007,-3.5259155977325873,True,True,-110.25623380917068,10.0,50.0,-27.0,0.0
bounded,final_cluster_910044_positive,2100.923427,2057.477792,-43.44563500000004,-2.0679304367621776,True,True,-103.445634984859,10.0,50.0,0.0,0.0
bounded,final_cluster_910044_negative,2250.355345,2080.856792,-169.4985529999999,-7.532079472542142,True,True,-169.49855333854634,10.0,50.0,-60.0,0.0
bounded,final_min_radius_910045_spatial_hash,3363.658947,3453.13017,89.47122300000001,2.6599374196304426,True,True,48.471222773047884,5.0,45.0,-9.0,0.0
bounded,final_min_radius_910045_smooth,3632.284736,3417.395934,-214.88880199999994,-5.916078105612477,True,True,-262.8887995916116,4.0,50.0,-6.0,0.0
bounded,final_min_radius_910045_positive,3767.319651,3412.511441,-354.8082099999997,-9.418054289760603,True,True,-381.8082094102165,1.0,35.0,-9.0,0.0
bounded,final_min_radius_910045_negative,3676.082882,3397.002967,-279.07991500000026,-7.591774286878017,True,True,-303.07991190032635,4.0,50.0,-30.0,0.0
bounded,final_radial_910046_spatial_hash,1392.854128,1112.622114,-280.23201399999994,-20.119265066355887,True,True,-340.23201849684904,15.0,75.0,-30.0,0.0
bounded,final_radial_910046_smooth,1208.457616,1287.65081,79.19319400000018,6.553245471870994,True,True,34.19319649772399,11.0,55.0,-21.0,0.0
bounded,final_radial_910046_positive,1225.192873,1190.051627,-35.14124599999991,-2.868221548983818,True,True,-98.14124616911135,12.0,60.0,-9.0,0.0
bounded,final_radial_910046_negative,1317.375876,1062.580932,-254.794944,-19.34109684577221,True,True,-284.7949466969129,12.0,60.0,-42.0,0.0
bounded,final_reception_edge_910047_spatial_hash,3929.524458,3604.093633,-325.4308249999999,-8.281684679108315,True,True,-315.43082364788916,0.0,35.0,-45.0,0.0
bounded,final_reception_edge_910047_smooth,3910.368014,3583.917162,-326.45085199999994,-8.348340893522865,True,True,-341.45085548819634,2.0,55.0,-42.0,0.0
bounded,final_reception_edge_910047_positive,3855.120026,3472.257914,-382.86211200000025,-9.931263084362406,True,True,-425.86211153826525,4.0,60.0,-21.0,0.0
bounded,final_reception_edge_910047_negative,4012.676919,3656.235308,-356.4416110000002,-8.882888360940589,True,True,-388.441607907248,7.0,85.0,-60.0,0.0
bounded,final_uniform_910048_spatial_hash,3611.197862,3706.694931,95.49706900000001,2.644470689487788,True,True,107.49706745751973,0.0,15.0,-27.0,0.0
bounded,final_uniform_910048_smooth,3723.642675,3640.784826,-82.85784899999999,-2.225182602946718,True,True,-64.85785342080726,2.0,25.0,-45.0,0.0
bounded,final_uniform_910048_positive,3805.656817,3381.366663,-424.29015400000026,-11.148933663820692,True,True,-503.2901561704566,11.0,80.0,-12.0,0.0
bounded,final_uniform_910048_negative,4016.895321,3219.399304,-797.4960169999999,-19.853542431906458,True,True,-769.4960199368643,4.0,40.0,-72.0,0.0
bounded,final_outer_910049_spatial_hash,2498.568793,2365.084426,-133.48436700000002,-5.342433131077695,True,True,-211.48436824591158,18.0,90.0,-30.0,0.0
bounded,final_outer_910049_smooth,2604.157278,2345.309567,-258.84771100000034,-9.939787937800592,True,True,-312.84770695134443,16.0,80.0,-42.0,0.0
bounded,final_outer_910049_positive,2463.048604,2340.981237,-122.0673670000001,-4.955946334220207,True,True,-197.0673698134135,14.0,70.0,-9.0,0.0
bounded,final_outer_910049_negative,2750.59089,2336.305562,-414.28532799999994,-15.061684727676816,True,True,-384.2853303529207,15.0,75.0,-120.0,0.0
bounded,final_cluster_910050_spatial_hash,644.362675,639.580708,-4.781967000000009,-0.7421235253888714,True,True,-61.781966502088835,10.0,50.0,-3.0,0.0
bounded,final_cluster_910050_smooth,652.027884,630.937952,-21.089931999999976,-3.234513817203555,True,True,-81.08992999652594,10.0,50.0,0.0,0.0
bounded,final_cluster_910050_positive,643.916935,627.832087,-16.084847999999965,-2.497969400354405,True,True,-70.08484903559054,9.0,45.0,0.0,0.0
bounded,final_cluster_910050_negative,667.753494,653.006136,-14.747358000000077,-2.2085033073597216,True,True,-68.74735859082818,11.0,55.0,-12.0,0.0
bounded,final_min_radius_910051_spatial_hash,4209.978161,3650.813637,-559.1645239999998,-13.28188657081254,True,True,-609.1645243609692,7.0,55.0,-12.0,0.0
bounded,final_min_radius_910051_smooth,4315.494745,3699.711933,-615.7828119999999,-14.26911277585161,True,True,-631.78281074385,1.0,30.0,-15.0,0.0
bounded,final_min_radius_910051_positive,3831.381381,3524.427126,-306.9542550000001,-8.011581841531113,True,True,-315.95425338580117,-3.0,15.0,-3.0,0.0
bounded,final_min_radius_910051_negative,3924.752933,3688.731037,-236.0218960000002,-6.013675256230455,True,True,-217.0218988438969,-1.0,30.0,-48.0,0.0
bounded,final_radial_910052_spatial_hash,1610.681659,2863.640937,1252.959278,77.79062181523233,True,True,996.9592751592006,47.0,245.0,-36.0,0.0
bounded,final_radial_910052_smooth,1635.565323,1569.568997,-65.99632599999995,-4.03507735655263,True,True,-118.99631947223793,14.0,75.0,-36.0,0.0
bounded,final_radial_910052_positive,1560.345199,2774.240394,1213.8951949999998,77.79657961443182,True,True,947.8951931770084,46.0,250.0,-30.0,0.0
bounded,final_radial_910052_negative,1662.948415,2760.937003,1097.988588,66.02661742817801,True,True,869.9885836556823,47.0,250.0,-69.0,0.0
bounded,final_reception_edge_910053_spatial_hash,4751.257112,3386.040822,-1365.2162900000003,-28.733791032944634,True,True,-1394.2162888702815,3.0,65.0,-39.0,0.0
bounded,final_reception_edge_910053_smooth,4437.010438,3592.260712,-844.7497260000005,-19.038713967523925,True,True,-842.749721253509,4.0,60.0,-66.0,0.0
bounded,final_reception_edge_910053_positive,4411.712068,3399.034807,-1012.6772609999998,-22.954291789470428,True,True,-1091.6772622805092,8.0,95.0,-24.0,0.0
bounded,final_reception_edge_910053_negative,4640.812728,3822.590195,-818.2225329999997,-17.631018120238174,True,True,-787.222531622112,-1.0,60.0,-90.0,0.0
bounded,final_uniform_910054_spatial_hash,3791.017389,3628.337408,-162.67998100000023,-4.291195853441132,True,True,-259.6799776948578,7.0,105.0,-15.0,0.0
bounded,final_uniform_910054_smooth,3921.97915,3554.888308,-367.09084200000007,-9.359836652879705,True,True,-453.0908419053412,9.0,110.0,-33.0,0.0
bounded,final_uniform_910054_positive,3847.246409,3631.087402,-216.15900699999975,-5.618538144433149,True,True,-325.1590032331801,7.0,105.0,-3.0,0.0
bounded,final_uniform_910054_negative,4200.228177,3527.029193,-673.1989840000001,-16.02767648877663,True,True,-790.1989856306441,18.0,135.0,-36.0,0.0
bounded,final_outer_910055_spatial_hash,3926.84633,3475.678451,-451.16787899999963,-11.489318427186824,True,True,-495.1678752468779,8.0,75.0,-39.0,0.0
bounded,final_outer_910055_smooth,3602.573284,3557.918766,-44.65451800000028,-1.2395172694563361,True,True,-91.65451808441321,9.0,80.0,-42.0,0.0
bounded,final_outer_910055_positive,3490.8661,3489.907581,-0.9585190000002513,-0.027457913667905398,True,True,-56.95852055370051,8.0,60.0,-12.0,0.0
bounded,final_outer_910055_negative,3718.163448,3440.456045,-277.7074029999999,-7.468940160481075,True,True,-281.7074050707174,6.0,55.0,-57.0,0.0
bounded,final_cluster_910056_spatial_hash,2059.556082,2234.506981,174.95089899999994,8.494592622605746,True,True,88.9508994938833,14.0,75.0,-3.0,0.0
bounded,final_cluster_910056_smooth,2114.255447,2274.586552,160.3311050000002,7.583336499262683,True,True,77.3311041164402,14.0,75.0,-6.0,0.0
bounded,final_cluster_910056_positive,2059.578633,2266.257431,206.67879799999992,10.035003990061298,True,True,111.67879759903644,15.0,80.0,0.0,0.0
bounded,final_cluster_910056_negative,2175.449455,2300.338642,124.88918700000022,5.7408452636285245,True,True,58.88919150824927,16.0,80.0,-30.0,0.0
bounded,final_min_radius_910057_spatial_hash,4318.774802,3697.858443,-620.9163589999998,-14.377141376124936,True,True,-621.9163608147983,-2.0,15.0,-12.0,0.0
bounded,final_min_radius_910057_smooth,4484.448469,3718.777003,-765.6714659999998,-17.073927179516435,True,True,-765.6714679302586,-2.0,20.0,-18.0,0.0
bounded,final_min_radius_910057_positive,4369.852302,3757.850732,-612.0015700000004,-14.005085932078265,True,True,-616.0015732958018,-2.0,15.0,-9.0,0.0
bounded,final_min_radius_910057_negative,3994.136256,3747.294295,-246.84196099999963,-6.18010866878147,True,True,-302.84196370246536,7.0,70.0,-21.0,0.0
bounded,final_radial_910058_spatial_hash,1195.888953,1849.578274,653.6893210000001,54.66137297783034,True,True,476.6893207811586,32.0,160.0,-15.0,0.0
bounded,final_radial_910058_smooth,1223.680289,1910.830989,687.1507000000001,56.15443071012809,True,True,508.15069862304233,32.0,165.0,-18.0,0.0
bounded,final_radial_910058_positive,1312.392313,1890.550694,578.158381,44.05377685262317,True,True,398.1583823978349,32.0,160.0,-12.0,0.0
bounded,final_radial_910058_negative,1352.512775,1873.769505,521.2567300000001,38.539874789722425,True,True,401.2567273622228,32.0,160.0,-72.0,0.0
bounded,final_reception_edge_910059_spatial_hash,4585.396853,3927.569346,-657.827507,-14.346141197563211,True,True,-652.8275059802318,-4.0,50.0,-51.0,0.0
bounded,final_reception_edge_910059_smooth,4831.447549,3903.361217,-928.0863320000003,-19.209280916070238,True,True,-980.0863300316009,1.0,75.0,-24.0,0.0
bounded,final_reception_edge_910059_positive,4565.085426,3969.499681,-595.5857449999999,-13.04654107035762,True,True,-598.5857422542585,-9.0,30.0,-18.0,0.0
bounded,final_reception_edge_910059_negative,4726.483605,3939.490409,-786.9931960000004,-16.650712490940723,True,True,-784.9931986512252,-1.0,80.0,-81.0,0.0
bounded,final_uniform_910060_spatial_hash,4616.067923,3847.374847,-768.6930759999996,-16.652551236733604,True,True,-826.6930813115919,8.0,95.0,-45.0,0.0
bounded,final_uniform_910060_smooth,4212.588079,3662.084742,-550.5033370000001,-13.068055235314645,True,True,-595.5033399521008,4.0,80.0,-39.0,0.0
bounded,final_uniform_910060_positive,4238.041134,3860.162679,-377.87845500000003,-8.916347035153628,True,True,-450.87845525685907,8.0,80.0,-15.0,0.0
bounded,final_uniform_910060_negative,4819.014526,3659.941821,-1159.072705,-24.052069126300868,True,True,-1180.0727049068591,10.0,95.0,-84.0,0.0
bounded,final_outer_910061_spatial_hash,2870.915079,2784.778208,-86.1368709999997,-3.0003280706583313,True,True,-139.13687423332294,15.0,80.0,-42.0,0.0
bounded,final_outer_910061_smooth,2887.015864,2786.066432,-100.94943199999989,-3.4966704983786623,True,True,-135.94943485016825,14.0,75.0,-54.0,0.0
bounded,final_outer_910061_positive,2767.334076,2786.244218,18.910141999999723,0.6833342661444419,True,True,-40.0898546015942,13.0,70.0,-24.0,0.0
bounded,final_outer_910061_negative,3039.143083,2785.405706,-253.73737699999992,-8.348977658186818,True,True,-219.7373732268179,14.0,75.0,-123.0,0.0
bounded,final_cluster_910062_spatial_hash,2116.785396,2013.788152,-102.99724400000014,-4.8657385956379695,True,True,-132.99724492576638,5.0,25.0,0.0,0.0
bounded,final_cluster_910062_smooth,2113.660217,2008.178522,-105.48169500000017,-4.990475486628332,True,True,-135.48169494373496,5.0,25.0,0.0,0.0
bounded,final_cluster_910062_positive,2108.808822,2010.647863,-98.16095900000005,-4.654805972734122,True,True,-128.16095825992556,5.0,25.0,0.0,0.0
bounded,final_cluster_910062_negative,2295.120052,2040.911453,-254.20859900000028,-11.076048016681273,True,True,-290.20859720544445,6.0,30.0,0.0,0.0
bounded,final_min_radius_910063_spatial_hash,3818.258036,3322.098121,-496.1599150000002,-12.994405048637736,True,True,-551.1599154070755,5.0,50.0,0.0,0.0
bounded,final_min_radius_910063_smooth,3947.634785,3284.635409,-662.9993760000002,-16.794850894495806,True,True,-695.9993767389396,3.0,45.0,-15.0,0.0
bounded,final_min_radius_910063_positive,4051.181788,3354.052163,-697.129625,-17.20805585829218,True,True,-784.1296196128801,11.0,85.0,-9.0,0.0
bounded,final_min_radius_910063_negative,3933.298277,3252.217811,-681.0804659999999,-17.31575939670339,True,True,-715.080462850287,3.0,40.0,-9.0,0.0
bounded,final_radial_910064_spatial_hash,2913.658248,2682.791205,-230.8670430000002,-7.923614348335894,True,True,-278.86704205320257,11.0,70.0,-33.0,0.0
bounded,final_radial_910064_smooth,2828.798367,2635.875708,-192.92265899999984,-6.819950875629155,True,True,-251.9226618221319,14.0,75.0,-30.0,0.0
bounded,final_radial_910064_positive,2687.853877,2674.132664,-13.721212999999807,-0.5104895439968837,True,True,-85.72121224081775,11.0,70.0,-9.0,0.0
bounded,final_radial_910064_negative,2765.384647,2654.588482,-110.79616499999975,-4.006537214278527,True,True,-176.79616458597548,14.0,85.0,-33.0,0.0
bounded,final_reception_edge_910065_spatial_hash,4220.609184,3944.572313,-276.0368709999998,-6.54021395883878,True,True,-344.03687447359835,9.0,95.0,-36.0,0.0
bounded,final_reception_edge_910065_smooth,4525.909046,3601.161693,-924.7473529999997,-20.432300861575904,True,True,-1004.7473489516783,16.0,115.0,-51.0,0.0
bounded,final_reception_edge_910065_positive,4675.592634,4025.954626,-649.6380079999994,-13.894238845274032,True,True,-681.6380057348238,0.0,50.0,-18.0,0.0
bounded,final_reception_edge_910065_negative,4291.159086,3458.368024,-832.7910619999998,-19.40713558527809,True,True,-885.7910580003918,13.0,115.0,-75.0,0.0
bounded,final_uniform_910066_spatial_hash,4252.421587,3488.374235,-764.0473519999996,-17.967347224831954,True,True,-808.0473507365741,9.0,80.0,-45.0,0.0
bounded,final_uniform_910066_smooth,4197.904432,3530.737201,-667.1672310000004,-15.892863732539597,True,True,-731.167229590872,7.0,75.0,-18.0,0.0
bounded,final_uniform_910066_positive,4357.600683,3568.61224,-788.9884429999997,-18.106028991550893,True,True,-843.9884394945211,5.0,65.0,-15.0,0.0
bounded,final_uniform_910066_negative,4517.208737,3445.269922,-1071.938815,-23.730114710437388,True,True,-1066.9388150128516,5.0,50.0,-60.0,0.0
bounded,final_outer_910067_spatial_hash,3753.084889,3466.326845,-286.75804400000015,-7.640595736069433,True,True,-261.7580433853486,-4.0,0.0,-21.0,0.0
bounded,final_outer_910067_smooth,3694.638731,3438.613811,-256.02491999999984,-6.929633413189052,True,True,-300.0249150417594,8.0,60.0,-24.0,0.0
bounded,final_outer_910067_positive,3562.429013,3430.105318,-132.32369500000004,-3.7144233475846167,True,True,-96.32369201683514,-5.0,-10.0,-21.0,0.0
bounded,final_outer_910067_negative,3693.909636,3440.327045,-253.58259099999987,-6.864883442968983,True,True,-162.5825925432291,-5.0,-5.0,-81.0,0.0
bounded,final_cluster_910068_spatial_hash,2096.21697,2021.871896,-74.34507399999984,-3.546630671537776,True,True,-137.3450725460732,14.0,70.0,-21.0,0.0
bounded,final_cluster_910068_smooth,2120.777261,2029.940596,-90.83666500000027,-4.283177996597742,True,True,-150.83666580714907,14.0,70.0,-24.0,0.0
bounded,final_cluster_910068_positive,2033.521135,2003.270346,-30.25078899999994,-1.4876063237965753,True,True,-114.25078687533414,14.0,70.0,0.0,0.0
bounded,final_cluster_910068_negative,2281.202412,2017.935189,-263.26722300000006,-11.540721753366267,True,True,-263.26721684621566,14.0,70.0,-84.0,0.0
bounded,final_min_radius_910069_spatial_hash,3657.747965,3194.73092,-463.01704500000005,-12.658527854583879,True,True,-520.0170460580962,7.0,50.0,0.0,0.0
bounded,final_min_radius_910069_smooth,3499.70749,3199.207138,-300.50035199999957,-8.586441948609814,True,True,-335.50034881333295,3.0,35.0,-3.0,0.0
bounded,final_min_radius_910069_positive,3515.321986,3200.636323,-314.68566299999975,-8.951830422739537,True,True,-341.6856615770125,3.0,30.0,-6.0,0.0
bounded,final_min_radius_910069_negative,3680.901248,3176.362703,-504.53854500000034,-13.706929662243429,True,True,-522.5385441321823,3.0,30.0,-15.0,0.0
bounded,final_radial_910070_spatial_hash,2685.227591,2513.802589,-171.42500199999995,-6.384002703329883,True,True,-218.42500093323974,8.0,45.0,-6.0,0.0
bounded,final_radial_910070_smooth,2674.325123,2578.348735,-95.97638800000004,-3.5888077771312976,True,True,-140.97638817405937,9.0,45.0,-9.0,0.0
bounded,final_radial_910070_positive,2702.561672,2491.765517,-210.796155,-7.799864742550078,True,True,-247.79615519450795,6.0,40.0,-9.0,0.0
bounded,final_radial_910070_negative,2645.218543,2567.814672,-77.40387099999998,-2.9261805685141806,True,True,-106.40387110230358,8.0,45.0,-24.0,0.0
bounded,final_reception_edge_910071_spatial_hash,3767.160049,3404.379972,-362.7800769999999,-9.630068069348441,True,True,-345.7800794045679,-2.0,30.0,-45.0,0.0
bounded,final_reception_edge_910071_smooth,3793.535261,3432.565275,-360.96998600000006,-9.515398201540537,True,True,-412.96998537737954,4.0,75.0,-27.0,0.0
bounded,final_reception_edge_910071_positive,3693.617731,3381.510171,-312.1075599999999,-8.449915035346677,True,True,-360.1075561694788,4.0,65.0,-21.0,0.0
bounded,final_reception_edge_910071_negative,4031.33949,3402.082413,-629.2570769999998,-15.609131370873452,True,True,-594.2570787637874,-3.0,40.0,-72.0,0.0
bounded,final_uniform_910072_spatial_hash,4086.113334,3114.830028,-971.2833060000003,-23.770346698856404,True,True,-1041.28330774929,9.0,70.0,-9.0,0.0
bounded,final_uniform_910072_smooth,3926.060835,3114.749726,-811.3111090000002,-20.66476152807755,True,True,-815.3111087315501,1.0,30.0,-27.0,0.0
bounded,final_uniform_910072_positive,4013.688827,3094.661674,-919.027153,-22.897319463774167,True,True,-1017.0271489357592,14.0,90.0,-6.0,0.0
bounded,final_uniform_910072_negative,4156.578632,3230.217125,-926.3615069999996,-22.286634971085995,True,True,-985.3615066739594,13.0,85.0,-39.0,0.0
bounded,final_outer_910073_spatial_hash,3057.116004,2885.197462,-171.9185419999999,-5.623553106099266,True,True,-228.91853875529705,18.0,90.0,-51.0,0.0
bounded,final_outer_910073_smooth,3072.512479,2887.644773,-184.867706,-6.016825228978995,True,True,-208.86770340917337,17.0,85.0,-78.0,0.0
bounded,final_outer_910073_positive,2936.324443,2857.330045,-78.99439799999982,-2.690247604903373,True,True,-156.99439923446903,16.0,80.0,-18.0,0.0
bounded,final_outer_910073_negative,3109.498776,2862.46788,-247.03089599999976,-7.9443959877603,True,True,-259.03089821823005,17.0,85.0,-90.0,0.0
bounded,final_cluster_910074_spatial_hash,2129.812628,2074.064824,-55.74780400000009,-2.6174980496922906,True,True,-133.74780476510227,13.0,65.0,0.0,0.0
bounded,final_cluster_910074_smooth,2142.591652,2070.382412,-72.20924000000014,-3.370182084514173,True,True,-138.2092388458591,13.0,65.0,-12.0,0.0
bounded,final_cluster_910074_positive,2088.030096,2068.769741,-19.26035499999989,-0.9224174994841627,True,True,-97.260357345594,13.0,65.0,0.0,0.0
bounded,final_cluster_910074_negative,2216.631911,2117.800518,-98.83139299999993,-4.458628990656988,True,True,-146.8313927997674,15.0,75.0,-42.0,0.0
bounded,final_min_radius_910075_spatial_hash,4020.812886,4062.415288,41.602401999999984,1.034676399512513,True,True,-21.397597193256388,4.0,65.0,-6.0,0.0
bounded,final_min_radius_910075_smooth,4099.078122,4064.228395,-34.8497269999998,-0.8501845039975975,True,True,-33.849729099839806,-1.0,30.0,-30.0,0.0
bounded,final_min_radius_910075_positive,4037.810943,3933.91364,-103.89730299999974,-2.5731096494281736,True,True,-116.89730320049057,-1.0,20.0,-6.0,0.0
bounded,final_min_radius_910075_negative,3959.149953,3959.703159,0.5532060000000456,0.013972847873078287,True,True,-38.44679224888523,4.0,50.0,-15.0,0.0
bounded,final_radial_910076_spatial_hash,2471.201266,2615.324181,144.12291499999992,5.832099432082427,True,True,16.122917094990953,22.0,115.0,-9.0,0.0
bounded,final_radial_910076_smooth,2503.930383,2605.099176,101.16879300000028,4.04039959285083,True,True,16.16879124834486,16.0,90.0,-21.0,0.0
bounded,final_radial_910076_positive,2486.143819,2605.439932,119.29611300000033,4.7984397398210366,True,True,-8.70388534405788,22.0,115.0,-9.0,0.0
bounded,final_radial_910076_negative,2723.931404,2609.388116,-114.54328799999985,-4.205072412315413,True,True,-132.5432890925465,16.0,80.0,-78.0,0.0
bounded,final_reception_edge_910077_spatial_hash,4110.059836,3651.405284,-458.6545520000004,-11.1593156864201,True,True,-558.6545509143816,12.0,115.0,-27.0,0.0
bounded,final_reception_edge_910077_smooth,4256.427843,3596.558771,-659.8690720000004,-15.50288402246034,True,True,-761.8690740486477,13.0,125.0,-36.0,0.0
bounded,final_reception_edge_910077_positive,3916.587954,3628.074515,-288.5134390000003,-7.366448612633414,True,True,-345.51343805350325,5.0,70.0,-18.0,0.0
bounded,final_reception_edge_910077_negative,4318.683725,3618.211611,-700.4721139999997,-16.219574263915327,True,True,-719.4721157110093,5.0,80.0,-66.0,0.0
bounded,final_uniform_910078_spatial_hash,3481.899313,3055.45715,-426.4421629999997,-12.247400762217264,True,True,-470.4421651812786,5.0,45.0,-6.0,0.0
bounded,final_uniform_910078_smooth,3564.144367,3078.721956,-485.422411,-13.6196057458971,True,True,-523.4224090240327,5.0,45.0,-12.0,0.0
bounded,final_uniform_910078_positive,3477.085851,3090.077188,-387.0086629999996,-11.130259061296888,True,True,-431.00866402863085,5.0,45.0,-6.0,0.0
bounded,final_uniform_910078_negative,3579.411502,3042.761309,-536.650193,-14.992693427401294,True,True,-535.6501935578817,5.0,45.0,-51.0,0.0
bounded,final_outer_910079_spatial_hash,4028.008441,3293.184883,-734.823558,-18.24285049952804,True,True,-811.8235556505365,12.0,95.0,-30.0,0.0
bounded,final_outer_910079_smooth,4083.576269,3315.8107,-767.7655690000001,-18.801303524765878,True,True,-839.7655713957647,12.0,90.0,-30.0,0.0
bounded,final_outer_910079_positive,3857.032996,3277.688685,-579.3443109999998,-15.020465513279724,True,True,-652.3443108328929,10.0,75.0,-12.0,0.0
bounded,final_outer_910079_negative,4371.417674,3271.439462,-1099.9782120000004,-25.16296300265176,True,True,-1121.9782128082338,12.0,85.0,-75.0,0.0
bounded,final_cluster_910080_spatial_hash,1133.792771,1027.210306,-106.58246499999996,-9.400524304454215,True,True,-183.58246140156518,18.0,95.0,-36.0,0.0
bounded,final_cluster_910080_smooth,1452.118891,1020.376098,-431.7427930000001,-29.73191766017732,True,True,-494.7427882104354,18.0,90.0,-45.0,0.0
bounded,final_cluster_910080_positive,1083.575744,1046.13774,-37.43800400000009,-3.455042640747785,True,True,-121.43800558187058,18.0,90.0,-24.0,0.0
bounded,final_cluster_910080_negative,1372.893619,1052.374977,-320.518642,-23.346211065753376,True,True,-296.5186454509386,19.0,95.0,-138.0,0.0
bounded,final_min_radius_910081_spatial_hash,3687.286913,3054.239379,-633.0475339999998,-17.16838284995155,True,True,-665.0475336100826,0.0,35.0,-3.0,0.0
bounded,final_min_radius_910081_smooth,3701.821067,3226.067829,-475.7532379999998,-12.851870184680648,True,True,-476.7532401489648,-2.0,15.0,-12.0,0.0
bounded,final_min_radius_910081_positive,3835.292625,3197.361248,-637.9313769999999,-16.633186548575285,True,True,-644.9313767500644,-2.0,15.0,-6.0,0.0
bounded,final_min_radius_910081_negative,3771.97287,3038.304465,-733.6684049999999,-19.450521790205766,True,True,-736.6684057374018,0.0,30.0,-27.0,0.0
bounded,final_radial_910082_spatial_hash,2733.445622,2493.683771,-239.7618510000002,-8.771414696172808,True,True,-290.76185147902356,11.0,55.0,-15.0,0.0
bounded,final_radial_910082_smooth,2746.150866,2503.995966,-242.1549,-8.817975115574006,True,True,-290.1549026018647,11.0,55.0,-18.0,0.0
bounded,final_radial_910082_positive,2590.086233,2477.080528,-113.00570500000003,-4.363009368576498,True,True,-157.00570448601684,8.0,45.0,-9.0,0.0
bounded,final_radial_910082_negative,2655.124382,2549.5184,-105.60598200000004,-3.977440104725005,True,True,-133.60598090439044,9.0,55.0,-36.0,0.0
bounded,final_reception_edge_910083_spatial_hash,3660.736459,3421.399526,-239.33693300000004,-6.537944910281235,True,True,-386.33693428236165,22.0,140.0,-15.0,0.0
bounded,final_reception_edge_910083_smooth,3719.035172,3406.892334,-312.14283799999976,-8.39311336311287,True,True,-429.14283591009826,21.0,120.0,-24.0,0.0
bounded,final_reception_edge_910083_positive,3785.913654,3424.000455,-361.9131990000001,-9.559467861017412,True,True,-479.91319547949706,20.0,125.0,-27.0,0.0
bounded,final_reception_edge_910083_negative,3759.60271,3426.495725,-333.1069849999999,-8.860164509244118,True,True,-417.1069823408616,20.0,130.0,-66.0,0.0
bounded,final_uniform_910084_spatial_hash,4288.703057,3553.319128,-735.3839289999996,-17.14700036878771,True,True,-754.3839295886537,3.0,70.0,-54.0,0.0
bounded,final_uniform_910084_smooth,4311.355064,3570.081257,-741.2738070000005,-17.193522593155652,True,True,-770.2738050395651,2.0,75.0,-48.0,0.0
bounded,final_uniform_910084_positive,4179.394903,3599.726054,-579.6688490000001,-13.86968358945716,True,True,-631.6688499640663,2.0,65.0,-15.0,0.0
bounded,final_uniform_910084_negative,3837.361906,3485.402135,-351.9597710000003,-9.171920179060644,True,True,-279.959769397165,0.0,30.0,-102.0,0.0
bounded,final_outer_910085_spatial_hash,2703.906093,2580.982175,-122.92391799999996,-4.546160767869534,True,True,-162.923919403931,8.0,50.0,-18.0,0.0
bounded,final_outer_910085_smooth,2730.260945,2623.147898,-107.11304699999982,-3.923179840965707,True,True,-160.11304587087875,10.0,55.0,-12.0,0.0
bounded,final_outer_910085_positive,2719.645768,2584.767203,-134.87856499999998,-4.959416648558179,True,True,-188.87856588054365,10.0,50.0,-6.0,0.0
bounded,final_outer_910085_negative,2766.43904,2578.330733,-188.10830700000042,-6.79965487329156,True,True,-205.108304063295,8.0,45.0,-36.0,0.0
bounded,final_cluster_910086_spatial_hash,2201.93819,2185.0955,-16.842689999999948,-0.7649029421666009,True,True,-79.84268633593547,11.0,55.0,-3.0,0.0
bounded,final_cluster_910086_smooth,2156.573036,2175.759455,19.186419000000114,0.8896716540417682,True,True,-46.813581764514765,11.0,55.0,0.0,0.0
bounded,final_cluster_910086_positive,2202.701086,2174.918435,-27.782650999999987,-1.26129919200485,True,True,-93.78264975977072,11.0,55.0,0.0,0.0
bounded,final_cluster_910086_negative,2211.922926,2175.18566,-36.73726600000009,-1.6608745977616413,True,True,-90.73726754103313,11.0,55.0,-12.0,0.0
bounded,final_min_radius_910087_spatial_hash,4158.207286,3260.719808,-897.487478,-21.583519441700094,True,True,-945.4874798368974,2.0,55.0,-9.0,0.0
bounded,final_min_radius_910087_smooth,4469.265697,3232.820924,-1236.4447729999997,-27.665501601973787,True,True,-1275.444770911327,1.0,50.0,-12.0,0.0
bounded,final_min_radius_910087_positive,3956.665362,3272.989344,-683.6760180000001,-17.27909629573572,True,True,-654.6760149164129,-10.0,-10.0,-9.0,0.0
bounded,final_min_radius_910087_negative,3838.114948,3171.025248,-667.0897,-17.380659751934036,True,True,-610.0897005789107,-10.0,-20.0,-27.0,0.0
bounded,final_radial_910088_spatial_hash,2810.419999,2481.037435,-329.382564,-11.720047683876444,True,True,-419.38256542466183,21.0,105.0,-36.0,0.0
bounded,final_radial_910088_smooth,3028.132411,2481.273357,-546.859054,-18.059284726568713,True,True,-639.8590551580726,21.0,105.0,-33.0,0.0
bounded,final_radial_910088_positive,3011.033236,2541.642618,-469.39061800000036,-15.589021482325494,True,True,-516.390614432652,11.0,60.0,-24.0,0.0
bounded,final_radial_910088_negative,2963.648243,2488.669418,-474.97882500000014,-16.026828626571255,True,True,-534.9788244722636,22.0,110.0,-72.0,0.0
bounded,final_reception_edge_910089_spatial_hash,4905.88793,3484.867337,-1421.0205929999997,-28.96561465072032,True,True,-1458.0205940668184,3.0,70.0,-36.0,0.0
bounded,final_reception_edge_910089_smooth,4379.640457,3462.432893,-917.2075640000003,-20.94253108229519,True,True,-947.2075632430328,4.0,65.0,-39.0,0.0
bounded,final_reception_edge_910089_positive,4016.63794,3464.705333,-551.9326070000002,-13.741159030131556,True,True,-605.9326065612295,5.0,70.0,-21.0,0.0
bounded,final_reception_edge_910089_negative,4165.754923,3393.83323,-771.9216930000002,-18.53017537681009,True,True,-808.9216914912813,10.0,90.0,-63.0,0.0
bounded,final_uniform_910090_spatial_hash,4637.083765,3662.25058,-974.8331850000004,-21.0225485327199,True,True,-1043.8331841344207,9.0,90.0,-30.0,0.0
bounded,final_uniform_910090_smooth,4577.648855,3631.027263,-946.6215920000004,-20.679209392962505,True,True,-992.6215896856024,9.0,85.0,-48.0,0.0
bounded,final_uniform_910090_positive,4492.366205,3861.942343,-630.4238620000001,-14.033225103027858,True,True,-777.4238618589079,19.0,140.0,-12.0,0.0
bounded,final_uniform_910090_negative,4685.294797,3699.583783,-985.7110139999995,-21.038399005995345,True,True,-1006.7110205357931,7.0,95.0,-81.0,0.0
bounded,final_outer_910091_spatial_hash,3847.515719,3335.135615,-512.3801039999998,-13.317167268992247,True,True,-582.3801084248244,6.0,70.0,-6.0,0.0
bounded,final_outer_910091_smooth,3505.03854,3325.348838,-179.68970200000012,-5.126611303965866,True,True,-233.6897015726977,6.0,75.0,-27.0,0.0
bounded,final_outer_910091_positive,3589.60049,3309.091121,-280.5093689999999,-7.814501078363733,True,True,-340.5093675120738,6.0,60.0,-6.0,0.0
bounded,final_outer_910091_negative,3955.45162,3282.259213,-673.192407,-17.019356363660943,True,True,-713.1924037657354,5.0,65.0,-30.0,0.0
bounded,final_cluster_910092_spatial_hash,2135.014087,2048.887055,-86.12703199999987,-4.034026404060908,True,True,-137.12703337281027,9.0,45.0,-3.0,0.0
bounded,final_cluster_910092_smooth,2141.945581,2052.450005,-89.4955759999998,-4.178237616952785,True,True,-125.49557452490058,9.0,45.0,-18.0,0.0
bounded,final_cluster_910092_positive,2111.556803,2042.981253,-68.57555000000002,-3.2476298957513805,True,True,-122.57555062285883,9.0,45.0,0.0,0.0
bounded,final_cluster_910092_negative,2240.750789,2036.537323,-204.21346600000015,-9.113617944596875,True,True,-207.21346348769384,9.0,45.0,-51.0,0.0
bounded,final_min_radius_910093_spatial_hash,4351.400756,3735.610495,-615.7902610000001,-14.15154097564807,True,True,-638.7902633455301,-6.0,35.0,-6.0,0.0
bounded,final_min_radius_910093_smooth,4374.491797,3718.654866,-655.8369309999998,-14.99229993869845,True,True,-662.8369275575369,-6.0,25.0,-12.0,0.0
bounded,final_min_radius_910093_positive,4355.193342,3787.500613,-567.6927289999994,-13.034845629592706,True,True,-572.6927293338235,-6.0,20.0,-9.0,0.0
bounded,final_min_radius_910093_negative,4406.759257,3708.169146,-698.5901109999995,-15.852695149849882,True,True,-687.5901083692611,-6.0,25.0,-30.0,0.0
bounded,final_radial_910094_spatial_hash,2909.457817,3115.528486,206.07066900000018,7.082785933376545,True,True,167.0706734061173,10.0,65.0,-36.0,0.0
bounded,final_radial_910094_smooth,2857.532939,2911.204514,53.67157499999985,1.878248690241957,True,True,-64.32842660521328,23.0,125.0,-30.0,0.0
bounded,final_radial_910094_positive,2793.145309,3019.3714,226.226091,8.099331254663333,True,True,181.22608855607177,9.0,60.0,-24.0,0.0
bounded,final_radial_910094_negative,2920.073824,3123.137104,203.06327999999985,6.954046104280942,True,True,100.06328016300859,24.0,130.0,-51.0,0.0
bounded,final_reception_edge_910095_spatial_hash,4544.527622,3469.80411,-1074.7235119999996,-23.648739789747943,True,True,-1169.7235129710884,10.0,115.0,-30.0,0.0
bounded,final_reception_edge_910095_smooth,3923.950623,3424.375684,-499.5749390000001,-12.731427762413006,True,True,-569.5749400499835,7.0,90.0,-27.0,0.0
bounded,final_reception_edge_910095_positive,4547.904863,3411.315245,-1136.589618,-24.991499431900056,True,True,-1245.5896183640743,10.0,120.0,-21.0,0.0
bounded,final_reception_edge_910095_negative,3939.126487,3456.869022,-482.25746500000014,-12.242751447346457,True,True,-524.2574639431255,7.0,95.0,-60.0,0.0
bounded,final_uniform_910096_spatial_hash,4056.374748,3508.138405,-548.236343,-13.515426385846341,True,True,-616.2363449418208,11.0,90.0,-33.0,0.0
bounded,final_uniform_910096_smooth,4101.283011,3504.69912,-596.5838910000002,-14.546274651125268,True,True,-642.5838912814115,9.0,85.0,-48.0,0.0
bounded,final_uniform_910096_positive,4167.648526,3489.00141,-678.6471160000001,-16.28369359283154,True,True,-673.64711734101,-4.0,20.0,-21.0,0.0
bounded,final_uniform_910096_negative,4365.361305,3487.530572,-877.8307330000002,-20.10900522700263,True,True,-845.830728051068,6.0,70.0,-108.0,0.0
bounded,final_outer_910097_spatial_hash,2510.677764,2283.614077,-227.06368699999985,-9.043919942885982,True,True,-284.0636869640912,13.0,65.0,-21.0,0.0
bounded,final_outer_910097_smooth,2319.53281,2302.268742,-17.264067999999952,-0.7442907436174595,True,True,-92.26406681549474,14.0,70.0,-9.0,0.0
bounded,final_outer_910097_positive,2402.186035,2274.168341,-128.01769400000012,-5.329216477607246,True,True,-197.01769458801186,13.0,65.0,-9.0,0.0
bounded,final_outer_910097_negative,2314.652988,2294.069784,-20.583204000000023,-0.8892565800018737,True,True,-83.58320636694816,13.0,65.0,-15.0,0.0
bounded,final_cluster_910098_spatial_hash,2478.035894,2154.493835,-323.5420589999999,-13.056391143622392,True,True,-425.5420613468225,27.0,135.0,-60.0,0.0
bounded,final_cluster_910098_smooth,2486.13349,2205.417919,-280.7155710000002,-11.291250937615594,True,True,-370.715568109546,24.0,120.0,-54.0,0.0
bounded,final_cluster_910098_positive,2394.286711,2174.216337,-220.07037400000036,-9.191479574644823,True,True,-325.07037548101493,23.0,115.0,-33.0,0.0
bounded,final_cluster_910098_negative,2648.378563,2164.231584,-484.1469790000001,-18.28088271684142,True,True,-508.14697877120716,25.0,125.0,-126.0,0.0
bounded,final_min_radius_910099_spatial_hash,4206.606942,3279.957592,-926.6493500000001,-22.028427252093863,True,True,-939.649349579975,-2.0,15.0,0.0,0.0
bounded,final_min_radius_910099_smooth,4243.188657,3312.682831,-930.5058259999996,-21.929400298168254,True,True,-931.5058260900441,-2.0,15.0,-12.0,0.0
bounded,final_min_radius_910099_positive,4419.21853,3259.384038,-1159.834492,-26.24523960800825,True,True,-1156.8344917967388,-5.0,5.0,-3.0,0.0
bounded,final_min_radius_910099_negative,4143.195243,3352.010138,-791.185105,-19.09601306713028,True,True,-796.1851083869378,-2.0,25.0,-18.0,0.0
bounded,final_radial_910100_spatial_hash,2883.836749,2773.13729,-110.69945899999993,-3.838617391861243,True,True,-172.69945680149158,14.0,75.0,-27.0,0.0
bounded,final_radial_910100_smooth,2702.211364,2755.284684,53.07332000000042,1.964069898715759,True,True,-7.926682825695025,12.0,70.0,-21.0,0.0
bounded,final_radial_910100_positive,2678.006102,2783.139714,105.13361200000008,3.9258167455811233,True,True,47.1336105602054,10.0,60.0,-12.0,0.0
bounded,final_radial_910100_negative,2858.313858,2751.538273,-106.77558499999986,-3.735614432304235,True,True,-92.77558976884848,8.0,50.0,-72.0,0.0
bounded,final_reception_edge_910101_spatial_hash,4006.955528,3480.686622,-526.2689059999998,-13.133884374870453,True,True,-527.2689052712881,-3.0,40.0,-36.0,0.0
bounded,final_reception_edge_910101_smooth,4037.924566,3508.182344,-529.7422220000003,-13.119170834951166,True,True,-566.7422253154664,7.0,75.0,-45.0,0.0
bounded,final_reception_edge_910101_positive,3972.296187,3473.70326,-498.59292700000015,-12.551756050611951,True,True,-556.5929270024903,7.0,75.0,-24.0,0.0
bounded,final_reception_edge_910101_negative,4149.112211,3760.786518,-388.3256929999998,-9.359247792105563,True,True,-379.325692077095,-1.0,70.0,-78.0,0.0
bounded,final_uniform_910102_spatial_hash,3575.465937,3486.60985,-88.85608700000012,-2.485161054968821,True,True,-167.8560907000524,10.0,105.0,-36.0,0.0
bounded,final_uniform_910102_smooth,3550.95669,3349.008782,-201.9479080000001,-5.687140836403726,True,True,-256.9479065893606,5.0,80.0,-30.0,0.0
bounded,final_uniform_910102_positive,3630.238089,3497.32287,-132.91521899999998,-3.6613361366778396,True,True,-267.91521984467954,18.0,135.0,-18.0,0.0
bounded,final_uniform_910102_negative,3676.931306,3446.556514,-230.37479200000007,-6.265409191193627,True,True,-319.3747930676118,19.0,145.0,-75.0,0.0
bounded,final_outer_910103_spatial_hash,3971.306187,3730.931002,-240.37518500000033,-6.052799096349315,True,True,-306.3751855163696,5.0,70.0,-9.0,0.0
bounded,final_outer_910103_smooth,4000.454991,3689.598988,-310.8560029999999,-7.77051619626633,True,True,-360.85600467364384,6.0,65.0,-21.0,0.0
bounded,final_outer_910103_positive,4119.284943,3682.934241,-436.3507019999997,-10.59287492945835,True,True,-480.3507006666141,6.0,50.0,-12.0,0.0
bounded,final_outer_910103_negative,4212.200351,3644.476452,-567.7238990000005,-13.478083939317365,True,True,-594.723900716257,8.0,70.0,-51.0,0.0
bounded,final_cluster_910104_spatial_hash,2133.056624,2036.457093,-96.59953099999984,-4.528690420737735,True,True,-96.59953154023515,0.0,0.0,0.0,0.0
bounded,final_cluster_910104_smooth,2144.908445,2046.560331,-98.34811400000012,-4.585189369236698,True,True,-98.34811141541945,0.0,0.0,0.0,0.0
bounded,final_cluster_910104_positive,2120.197978,2037.566352,-82.6316260000001,-3.89735424981148,True,True,-82.63162608093603,0.0,0.0,0.0,0.0
bounded,final_cluster_910104_negative,2116.881795,2043.629699,-73.25209599999971,-3.4603772479416928,True,True,-73.25209431386952,0.0,0.0,0.0,0.0
bounded,final_min_radius_910105_spatial_hash,4747.996708,3803.748701,-944.2480069999997,-19.88729279043131,True,True,-947.248005604948,-6.0,15.0,-6.0,0.0
bounded,final_min_radius_910105_smooth,4546.403071,3813.21288,-733.1901909999997,-16.12681892806155,True,True,-715.1901909017406,-8.0,5.0,-15.0,0.0
bounded,final_min_radius_910105_positive,4470.061815,3845.08858,-624.9732349999999,-13.981310793126022,True,True,-634.9732368065443,-4.0,20.0,-6.0,0.0
bounded,final_min_radius_910105_negative,4274.093731,3791.510759,-482.58297200000015,-11.290884158665637,True,True,-485.58297191534075,-3.0,30.0,-24.0,0.0
bounded,final_radial_910106_spatial_hash,2503.331548,2336.076144,-167.255404,-6.681312514661764,True,True,-209.2554023506491,9.0,45.0,-12.0,0.0
bounded,final_radial_910106_smooth,2363.298322,2426.614387,63.31606499999998,2.6791397603336486,True,True,28.316065201913943,8.0,45.0,-18.0,0.0
bounded,final_radial_910106_positive,2513.693676,2418.034393,-95.65928299999996,-3.805526660361458,True,True,-134.65928229854808,9.0,45.0,-15.0,0.0
bounded,final_radial_910106_negative,2521.790812,2366.393017,-155.39779500000031,-6.162200062770329,True,True,-179.39779448204695,8.0,40.0,-24.0,0.0
bounded,final_reception_edge_910107_spatial_hash,4196.284329,3611.054428,-585.2299010000002,-13.946383398177975,True,True,-668.2298981601239,12.0,110.0,-39.0,0.0
bounded,final_reception_edge_910107_smooth,4173.243094,3677.269996,-495.9730980000004,-11.884596387712854,True,True,-567.9730970679698,11.0,100.0,-39.0,0.0
bounded,final_reception_edge_910107_positive,4203.98322,3732.236461,-471.7467590000001,-11.221423452779621,True,True,-562.7467592708836,11.0,110.0,-30.0,0.0
bounded,final_reception_edge_910107_negative,4360.830393,3594.986874,-765.843519,-17.56187354200547,True,True,-782.8435127858866,9.0,80.0,-72.0,0.0
bounded,final_uniform_910108_spatial_hash,3830.317118,3610.353747,-219.96337099999982,-5.742693469590677,True,True,-271.9633773003675,6.0,55.0,-9.0,0.0
bounded,final_uniform_910108_smooth,3852.345327,3629.826172,-222.51915499999996,-5.776199590426801,True,True,-278.51915828539995,5.0,60.0,-9.0,0.0
bounded,final_uniform_910108_positive,3931.030086,3568.976533,-362.0535530000002,-9.210144544286758,True,True,-352.05355862271244,-3.0,5.0,-12.0,0.0
bounded,final_uniform_910108_negative,4042.918551,3641.813426,-401.10512500000004,-9.921177484537457,True,True,-377.1051232164068,-1.0,25.0,-48.0,0.0
bounded,final_outer_910109_spatial_hash,2887.476271,2687.455619,-200.02065200000015,-6.92717907360424,True,True,-239.02065162188705,10.0,50.0,-21.0,0.0
bounded,final_outer_910109_smooth,2915.308324,2705.184823,-210.12350100000003,-7.207591021168436,True,True,-255.1235003220986,12.0,60.0,-27.0,0.0
bounded,final_outer_910109_positive,2880.474603,2692.936691,-187.53791200000023,-6.510660146237024,True,True,-223.5379154582356,10.0,50.0,-24.0,0.0
bounded,final_outer_910109_negative,3075.244911,2706.329688,-368.91522299999997,-11.996287569826015,True,True,-353.9152229580277,12.0,60.0,-87.0,0.0
bounded,final_cluster_910110_spatial_hash,2068.26878,2012.165413,-56.103366999999935,-2.7125762155535638,True,True,-104.1033698549104,9.0,45.0,-6.0,0.0
bounded,final_cluster_910110_smooth,2102.242395,2027.189348,-75.0530470000001,-3.5701423954967004,True,True,-114.05304514858562,10.0,50.0,-21.0,0.0
bounded,final_cluster_910110_positive,2050.524499,2025.679833,-24.84466600000019,-1.2116249287495218,True,True,-96.84466709195635,12.0,60.0,0.0,0.0
bounded,final_cluster_910110_negative,2200.068044,2008.660517,-191.40752700000007,-8.700073051013323,True,True,-188.40752908152695,9.0,45.0,-57.0,0.0
bounded,final_min_radius_910111_spatial_hash,4068.184294,3583.266945,-484.9173490000003,-11.91974881067176,True,True,-536.9173499253657,7.0,60.0,-15.0,0.0
bounded,final_min_radius_910111_smooth,4092.344767,3600.029672,-492.3150949999999,-12.030147092443155,True,True,-535.3150919829,7.0,60.0,-24.0,0.0
bounded,final_min_radius_910111_positive,3715.62495,3539.641427,-175.98352299999988,-4.736310186527303,True,True,-231.98352356957867,7.0,55.0,-6.0,0.0
bounded,final_min_radius_910111_negative,4136.675479,3605.51815,-531.1573290000006,-12.840198166291794,True,True,-564.1573313847184,7.0,65.0,-39.0,0.0
bounded,final_radial_910112_spatial_hash,2656.533543,2660.032127,3.498583999999937,0.1316973395355303,True,True,-39.50141618503244,6.0,40.0,-3.0,0.0
bounded,final_radial_910112_smooth,2710.52589,2771.770567,61.24467700000014,2.259512710280731,True,True,37.244673301453076,6.0,45.0,-27.0,0.0
bounded,final_radial_910112_positive,2592.309456,2808.126038,215.81658199999993,8.325263077696388,True,True,177.81657992712917,7.0,40.0,-9.0,0.0
bounded,final_radial_910112_negative,2780.467262,2772.300827,-8.166435000000092,-0.2937072883974934,True,True,-30.166433344696543,6.0,40.0,-24.0,0.0
bounded,final_reception_edge_910113_spatial_hash,3473.729892,3328.07879,-145.6511019999998,-4.192931129603206,True,True,-188.65110334969404,4.0,75.0,-36.0,0.0
bounded,final_reception_edge_910113_smooth,3572.561363,3341.586559,-230.97480399999995,-6.4652438553509555,True,True,-254.97480245007955,5.0,70.0,-51.0,0.0
bounded,final_reception_edge_910113_positive,3742.395099,3350.030663,-392.36443599999984,-10.484313537735312,True,True,-474.3644330326383,7.0,90.0,-15.0,0.0
bounded,final_reception_edge_910113_negative,3853.634952,3316.169051,-537.465901,-13.946985318914562,True,True,-523.4658967726741,4.0,60.0,-78.0,0.0
bounded,final_uniform_910114_spatial_hash,3864.820469,3082.857283,-781.963186,-20.232846319051102,True,True,-787.9631820571776,3.0,45.0,-42.0,0.0
bounded,final_uniform_910114_smooth,3754.078345,3008.093373,-745.9849719999997,-19.87132135890467,True,True,-742.9849737976674,9.0,60.0,-72.0,0.0
bounded,final_uniform_910114_positive,3674.802738,3037.939768,-636.8629699999997,-17.330534872372784,True,True,-714.8629712938018,12.0,75.0,-9.0,0.0
bounded,final_uniform_910114_negative,3941.077307,3132.221162,-808.8561450000002,-20.52373201518628,True,True,-767.8561416854559,4.0,45.0,-90.0,0.0
bounded,final_outer_910115_spatial_hash,3530.811671,3578.349665,47.53799400000025,1.3463758033442907,True,True,-9.461999623430984,6.0,75.0,-24.0,0.0
bounded,final_outer_910115_smooth,4145.529187,3557.837919,-587.691268,-14.17650778682119,True,True,-517.6912665453583,-9.0,5.0,-66.0,0.0
bounded,final_outer_910115_positive,4326.085941,3570.770955,-755.3149860000003,-17.459546488468625,True,True,-822.3149856885325,6.0,70.0,-9.0,0.0
bounded,final_outer_910115_negative,4518.860104,3533.222756,-985.6373480000002,-21.811636680842028,True,True,-1004.6373456797014,6.0,70.0,-57.0,0.0
bounded,final_cluster_910116_spatial_hash,2139.58666,2146.749677,7.163016999999854,0.33478508414330754,True,True,-34.83698192892075,7.0,35.0,0.0,0.0
bounded,final_cluster_910116_smooth,2143.864155,2138.637301,-5.226854000000003,-0.24380527972398536,True,True,-47.226851525008215,7.0,35.0,0.0,0.0
bounded,final_cluster_910116_positive,2149.324483,2134.782148,-14.542335000000094,-0.6766002581286457,True,True,-74.54233503901787,10.0,50.0,0.0,0.0
bounded,final_cluster_910116_negative,2182.919289,2152.591448,-30.327840999999808,-1.3893248895103683,True,True,-57.32783998222703,7.0,35.0,-15.0,0.0
bounded,final_min_radius_910117_spatial_hash,4021.636125,3565.045302,-456.590823,-11.353359896527193,True,True,-498.59082116952186,1.0,50.0,-9.0,0.0
bounded,final_min_radius_910117_smooth,4070.597523,3569.98584,-500.6116830000001,-12.29823582831282,True,True,-529.6116847273429,-1.0,45.0,-15.0,0.0
bounded,final_min_radius_910117_positive,4028.581705,3468.346884,-560.234821,-13.906502636018892,True,True,-616.2348214357462,2.0,60.0,-6.0,0.0
bounded,final_min_radius_910117_negative,4231.570029,3362.359947,-869.2100820000005,-20.541077567973296,True,True,-896.2100826989044,2.0,55.0,-30.0,0.0
bounded,final_radial_910118_spatial_hash,2924.328945,2514.468937,-409.8600080000001,-14.015523414381148,True,True,-502.8600042280266,22.0,110.0,-39.0,0.0
bounded,final_radial_910118_smooth,2652.730019,2462.334954,-190.39506500000016,-7.177325383145227,True,True,-286.39506578300234,20.0,100.0,-24.0,0.0
bounded,final_radial_910118_positive,2856.786825,2393.991392,-462.79543300000023,-16.199858839659843,True,True,-506.79543422085817,10.0,55.0,-21.0,0.0
bounded,final_radial_910118_negative,2695.782226,2507.790258,-187.99196799999982,-6.9735591468359175,True,True,-259.9919667718332,21.0,105.0,-54.0,0.0
bounded,final_reception_edge_910119_spatial_hash,4081.096863,3613.502912,-467.5939510000003,-11.457555816410437,True,True,-543.5939505496576,11.0,110.0,-45.0,0.0
bounded,final_reception_edge_910119_smooth,4320.486965,3428.098421,-892.3885439999999,-20.654813941789087,True,True,-960.3885442937617,9.0,95.0,-36.0,0.0
bounded,final_reception_edge_910119_positive,4028.73862,3622.266025,-406.4725950000002,-10.089326544594746,True,True,-489.4725983419339,12.0,95.0,-24.0,0.0
bounded,final_reception_edge_910119_negative,4651.043089,3632.820843,-1018.2222459999998,-21.892341707350717,True,True,-1052.2222481788517,10.0,105.0,-81.0,0.0
pre_round_stress,final_uniform_910000_spatial_hash,3426.434355,3307.069673,-119.3646819999999,-3.4836412910061454,True,True,-150.3646829553295,3.0,55.0,-27.0,0.0
pre_round_stress,final_uniform_910000_smooth,3450.895631,3145.408852,-305.48677899999984,-8.852391137412518,True,True,-310.48677732376973,4.0,40.0,-39.0,0.0
pre_round_stress,final_uniform_910000_positive,3513.03055,3293.935926,-219.09462399999984,-6.236627347291357,True,True,-276.0946271154253,6.0,60.0,-9.0,0.0
pre_round_stress,final_uniform_910000_negative,3505.872911,3345.268366,-160.60454500000014,-4.58101445993917,True,True,-154.60454216319386,4.0,50.0,-60.0,0.0
pre_round_stress,final_outer_910001_spatial_hash,2801.233452,2692.520286,-108.713166,-3.8809034613799143,True,True,-163.71316543797684,9.0,55.0,-9.0,0.0
pre_round_stress,final_outer_910001_smooth,2806.640831,2696.372243,-110.26858800000036,-3.9288457141383515,True,True,-169.26858827658543,10.0,55.0,-6.0,0.0
pre_round_stress,final_outer_910001_positive,2793.65369,2690.567508,-103.08618200000001,-3.6900129163826345,True,True,-161.08618154047485,9.0,55.0,-6.0,0.0
pre_round_stress,final_outer_910001_negative,2888.761154,2682.762864,-205.99829,-7.131025343329577,True,True,-236.99828892498203,9.0,55.0,-33.0,0.0
pre_round_stress,final_cluster_910002_spatial_hash,2137.923221,1976.429583,-161.49363799999992,-7.553762287331455,True,True,-161.49363818059646,0.0,0.0,0.0,0.0
pre_round_stress,final_cluster_910002_smooth,2123.094271,1982.014041,-141.08023000000003,-6.6450289997509016,True,True,-141.08022909028318,0.0,0.0,0.0,0.0
pre_round_stress,final_cluster_910002_positive,2123.889448,1976.883292,-147.00615599999992,-6.921554045029554,True,True,-147.00615578086035,0.0,0.0,0.0,0.0
pre_round_stress,final_cluster_910002_negative,2112.270957,2007.88393,-104.38702700000022,-4.941933545697097,True,True,-122.3870270353716,3.0,15.0,0.0,0.0
pre_round_stress,final_min_radius_910003_spatial_hash,3785.065564,3622.11273,-162.95283400000017,-4.305152215852082,True,True,-190.95283070468167,0.0,40.0,-12.0,0.0
pre_round_stress,final_min_radius_910003_smooth,3993.235203,3629.145932,-364.0892710000003,-9.11765154044697,True,True,-379.08927167650245,-2.0,35.0,-18.0,0.0
pre_round_stress,final_min_radius_910003_positive,3827.705669,3591.812278,-235.89339100000007,-6.1627881399153654,True,True,-261.8933883831792,0.0,35.0,-9.0,0.0
pre_round_stress,final_min_radius_910003_negative,3886.742831,3727.239033,-159.5037980000002,-4.103790884434777,True,True,-158.5037971104407,-1.0,45.0,-45.0,0.0
pre_round_stress,final_radial_910004_spatial_hash,2343.255175,2322.071142,-21.184033,-0.9040429410339446,True,True,-57.18403156495765,7.0,35.0,-6.0,0.0
pre_round_stress,final_radial_910004_smooth,2325.685299,2292.91177,-32.77352900000005,-1.4091987860133992,True,True,-53.77352887021971,6.0,30.0,-15.0,0.0
pre_round_stress,final_radial_910004_positive,2360.310654,2317.172536,-43.13811799999985,-1.8276457773426569,True,True,-85.13811533330136,7.0,35.0,0.0,0.0
pre_round_stress,final_radial_910004_negative,2373.521386,2305.491903,-68.0294829999998,-2.8661836965643284,True,True,-83.0294852994084,6.0,30.0,-21.0,0.0
pre_round_stress,final_reception_edge_910005_spatial_hash,4210.756642,3655.869075,-554.8875670000002,-13.177858854755453,True,True,-614.8875643371944,2.0,85.0,-27.0,0.0
pre_round_stress,final_reception_edge_910005_smooth,4165.412285,3677.961444,-487.4508410000003,-11.70234319314205,True,True,-476.4508397871041,-7.0,20.0,-24.0,0.0
pre_round_stress,final_reception_edge_910005_positive,4174.724192,3631.680473,-543.0437189999998,-13.007894510507578,True,True,-604.0437197248316,5.0,65.0,-9.0,0.0
pre_round_stress,final_reception_edge_910005_negative,4302.442309,3661.305991,-641.1363179999998,-14.90168308959886,True,True,-653.1363143462659,2.0,70.0,-60.0,0.0
pre_round_stress,final_uniform_910006_spatial_hash,3603.298551,3263.660138,-339.6384129999997,-9.425763871432247,True,True,-402.6384121004585,7.0,80.0,-24.0,0.0
pre_round_stress,final_uniform_910006_smooth,3726.174273,3318.396056,-407.77821700000004,-10.943616350817953,True,True,-457.77821971800995,6.0,80.0,-36.0,0.0
pre_round_stress,final_uniform_910006_positive,3549.1364,3220.625761,-328.5106390000001,-9.256072519500801,True,True,-411.51063810393316,9.0,80.0,-6.0,0.0
pre_round_stress,final_uniform_910006_negative,3645.284534,3567.449226,-77.83530799999971,-2.1352327170628405,True,True,-93.83530931178893,4.0,75.0,-63.0,0.0
pre_round_stress,final_outer_910007_spatial_hash,3659.12982,3372.342948,-286.78687200000013,-7.837570299705854,True,True,-342.78687126262,10.0,85.0,-39.0,0.0
pre_round_stress,final_outer_910007_smooth,3950.841663,3353.026369,-597.815294,-15.131340230579116,True,True,-626.8152876397526,6.0,65.0,-42.0,0.0
pre_round_stress,final_outer_910007_positive,3496.755302,3393.317983,-103.43731900000012,-2.958094292181046,True,True,-164.43731830762226,6.0,70.0,-15.0,0.0
pre_round_stress,final_outer_910007_negative,3620.826592,3353.339395,-267.4871969999999,-7.387462232822662,True,True,-255.48719413490016,9.0,75.0,-96.0,0.0
pre_round_stress,final_cluster_910008_spatial_hash,2433.623846,2288.888932,-144.73491400000012,-5.9473001235541005,True,True,-147.7349111529336,0.0,15.0,-12.0,0.0
pre_round_stress,final_cluster_910008_smooth,2391.936417,2294.429451,-97.50696599999992,-4.076486536473012,True,True,-107.50696466450313,0.0,10.0,0.0,0.0
pre_round_stress,final_cluster_910008_positive,2469.556006,2275.695791,-193.8602149999997,-7.850002774952236,True,True,-192.86021198456183,0.0,5.0,-6.0,0.0
pre_round_stress,final_cluster_910008_negative,2443.532439,2285.771238,-157.76120100000026,-6.456276105937963,True,True,-149.7612011285928,0.0,10.0,-18.0,0.0
pre_round_stress,final_min_radius_910009_spatial_hash,4024.391695,3427.154875,-597.2368199999996,-14.840424721629875,True,True,-646.2368203955316,7.0,45.0,-3.0,0.0
pre_round_stress,final_min_radius_910009_smooth,3857.069854,3448.858508,-408.21134600000005,-10.583457428873421,True,True,-435.2113459473885,4.0,35.0,-12.0,0.0
pre_round_stress,final_min_radius_910009_positive,3553.692991,2975.320211,-578.3727799999997,-16.275260172017482,True,True,-622.3727773253854,5.0,45.0,-6.0,0.0
pre_round_stress,final_min_radius_910009_negative,3473.257241,3431.681975,-41.57526599999983,-1.1970108493325915,True,True,-71.57526707711713,6.0,45.0,-21.0,0.0
pre_round_stress,final_radial_910010_spatial_hash,2579.029242,2440.798027,-138.23121500000025,-5.359815730232043,True,True,-195.231214303029,11.0,55.0,-9.0,0.0
pre_round_stress,final_radial_910010_smooth,2594.481201,2441.850689,-152.63051200000018,-5.882891421266468,True,True,-206.63050996467769,11.0,55.0,-12.0,0.0
pre_round_stress,final_radial_910010_positive,2611.776329,2438.851536,-172.92479299999968,-6.620964861344358,True,True,-211.92479503899085,10.0,50.0,-21.0,0.0
pre_round_stress,final_radial_910010_negative,2595.066786,2445.566723,-149.50006299999995,-5.760933160045456,True,True,-197.50006106308774,11.0,55.0,-18.0,0.0
pre_round_stress,final_reception_edge_910011_spatial_hash,4504.736523,3479.914817,-1024.8217059999997,-22.749870070480917,True,True,-1071.821705858527,3.0,65.0,-21.0,0.0
pre_round_stress,final_reception_edge_910011_smooth,3825.605539,3489.364463,-336.24107600000025,-8.789224936345441,True,True,-391.24107511139755,8.0,95.0,-48.0,0.0
pre_round_stress,final_reception_edge_910011_positive,4056.586617,3456.181712,-600.4049049999999,-14.80074165023061,True,True,-658.4049037949253,3.0,70.0,-15.0,0.0
pre_round_stress,final_reception_edge_910011_negative,4418.273165,3412.930698,-1005.3424669999995,-22.75419444329444,True,True,-1014.342465089806,3.0,60.0,-54.0,0.0
pre_round_stress,final_uniform_910012_spatial_hash,3391.210771,2944.019431,-447.19133999999985,-13.186775172577436,True,True,-465.1913427639024,5.0,55.0,-42.0,0.0
pre_round_stress,final_uniform_910012_smooth,3270.963723,3035.772319,-235.1914039999997,-7.190278582004305,True,True,-252.19140552076396,3.0,50.0,-36.0,0.0
pre_round_stress,final_uniform_910012_positive,3202.149921,2694.981879,-507.16804200000024,-15.838360305179489,True,True,-512.1680416783902,1.0,25.0,-21.0,0.0
pre_round_stress,final_uniform_910012_negative,3187.555215,2872.629729,-314.92548599999964,-9.879844104912227,True,True,-258.9254824068371,1.0,30.0,-87.0,0.0
pre_round_stress,final_outer_910013_spatial_hash,2591.242421,2581.081829,-10.160591999999724,-0.3921127532358959,True,True,-61.160589674550465,12.0,60.0,-21.0,0.0
pre_round_stress,final_outer_910013_smooth,2571.170173,2577.000882,5.8307089999998425,0.22677258243068987,True,True,-51.169291838116806,13.0,65.0,-21.0,0.0
pre_round_stress,final_outer_910013_positive,2752.337555,2579.086416,-173.25113899999997,-6.294690805103665,True,True,-233.25113904756267,12.0,60.0,-12.0,0.0
pre_round_stress,final_outer_910013_negative,2919.490041,2579.210635,-340.2794060000001,-11.655439861800165,True,True,-295.2794035380207,14.0,70.0,-129.0,0.0
pre_round_stress,final_cluster_910014_spatial_hash,1063.056166,2058.362561,995.3063949999998,93.62688697296919,True,True,791.3063944742759,37.0,185.0,-18.0,0.0
pre_round_stress,final_cluster_910014_smooth,1196.954276,2195.468785,998.5145090000001,83.42127423086293,True,True,836.5145073501055,36.0,195.0,-69.0,0.0
pre_round_stress,final_cluster_910014_positive,1044.877322,905.106442,-139.77088000000003,-13.376774197038221,True,True,-239.77087857916587,18.0,85.0,-3.0,0.0
pre_round_stress,final_cluster_910014_negative,1306.506469,1015.238518,-291.2679509999999,-22.293647824257345,True,True,-277.2679522977555,15.0,85.0,-114.0,0.0
pre_round_stress,final_min_radius_910015_spatial_hash,3639.673375,3571.260253,-68.41312199999993,-1.8796500386521586,True,True,-96.41312207946703,1.0,30.0,-3.0,0.0
pre_round_stress,final_min_radius_910015_smooth,3731.040725,3601.554413,-129.486312,-3.4705145707033203,True,True,-156.48631380794723,4.0,35.0,-12.0,0.0
pre_round_stress,final_min_radius_910015_positive,3668.009312,3621.668756,-46.340556000000106,-1.263370729414337,True,True,-137.34055599272688,11.0,80.0,0.0,0.0
pre_round_stress,final_min_radius_910015_negative,3920.29741,3568.482134,-351.81527600000027,-8.974198618262497,True,True,-336.8152740626847,2.0,25.0,-42.0,0.0
pre_round_stress,final_radial_910016_spatial_hash,2787.542256,2542.048562,-245.49369400000023,-8.806815160257797,True,True,-251.49369680030486,8.0,40.0,-42.0,0.0
pre_round_stress,final_radial_910016_smooth,2745.822573,2532.211292,-213.61128099999996,-7.779500507442294,True,True,-237.61128628116876,10.0,50.0,-36.0,0.0
pre_round_stress,final_radial_910016_positive,2569.75676,2582.00709,12.250329999999849,0.4767116557755413,True,True,-20.749670574806714,8.0,40.0,-15.0,0.0
pre_round_stress,final_radial_910016_negative,2555.66387,2496.680446,-58.983424000000014,-2.3079492061684914,True,True,-68.9834223283915,10.0,60.0,-60.0,0.0
pre_round_stress,final_reception_edge_910017_spatial_hash,3600.598023,3111.352175,-489.245848,-13.587905255593146,True,True,-530.245850273282,6.0,65.0,-30.0,0.0
pre_round_stress,final_reception_edge_910017_smooth,3685.884262,3245.694876,-440.189386,-11.942572113242333,True,True,-484.1893844226347,4.0,70.0,-30.0,0.0
pre_round_stress,final_reception_edge_910017_positive,3863.868363,3235.792181,-628.0761820000002,-16.255113347400552,True,True,-663.0761816442223,0.0,50.0,-15.0,0.0
pre_round_stress,final_reception_edge_910017_negative,3649.53466,3099.880997,-549.6536629999996,-15.060924589218716,True,True,-569.6536609510586,6.0,65.0,-51.0,0.0
pre_round_stress,final_uniform_910018_spatial_hash,3785.538269,3695.206669,-90.33159999999998,-2.386228683506675,True,True,-173.33159952731876,14.0,105.0,-36.0,0.0
pre_round_stress,final_uniform_910018_smooth,3847.930998,3764.367552,-83.56344599999966,-2.171646166301644,True,True,-96.56344354390512,2.0,35.0,-24.0,0.0
pre_round_stress,final_uniform_910018_positive,3839.104636,4022.708241,183.6036049999998,4.782458995212435,True,True,110.60360455970749,8.0,80.0,-15.0,0.0
pre_round_stress,final_uniform_910018_negative,4073.119172,3689.322837,-383.796335,-9.4226640270765,True,True,-343.79633285534237,0.0,35.0,-75.0,0.0
pre_round_stress,final_outer_910019_spatial_hash,4455.689521,4050.294735,-405.3947860000003,-9.098362533774939,True,True,-468.3947841349586,9.0,90.0,-36.0,0.0
pre_round_stress,final_outer_910019_smooth,4027.243626,4049.166267,21.922641000000112,0.5443584504912113,True,True,-54.077357611334264,8.0,80.0,-12.0,0.0
pre_round_stress,final_outer_910019_positive,4349.529652,3981.472961,-368.0566910000002,-8.461988317076086,True,True,-411.05668630995433,7.0,60.0,-24.0,0.0
pre_round_stress,final_outer_910019_negative,4761.02037,3996.753336,-764.267034,-16.05258903775705,True,True,-767.2670358138057,9.0,75.0,-81.0,0.0
pre_round_stress,final_cluster_910020_spatial_hash,2473.936093,2330.385694,-143.55039899999974,-5.802510396536742,True,True,-199.55039924701964,15.0,80.0,-39.0,0.0
pre_round_stress,final_cluster_910020_smooth,2570.019698,2202.809228,-367.21047,-14.28823562269833,True,True,-412.210466172339,21.0,105.0,-81.0,0.0
pre_round_stress,final_cluster_910020_positive,2448.467905,2224.060055,-224.40785000000005,-9.165235514900495,True,True,-323.40784992829686,22.0,110.0,-33.0,0.0
pre_round_stress,final_cluster_910020_negative,2715.818034,2315.605846,-400.21218799999997,-14.736340321392827,True,True,-372.21218998275253,17.0,90.0,-135.0,0.0
pre_round_stress,final_min_radius_910021_spatial_hash,3891.841424,3269.55436,-622.2870640000001,-15.989527737757081,True,True,-687.2870591142464,10.0,70.0,-15.0,0.0
pre_round_stress,final_min_radius_910021_smooth,3929.323808,3274.91991,-654.403898,-16.654364210647408,True,True,-692.4038968447871,5.0,45.0,-12.0,0.0
pre_round_stress,final_min_radius_910021_positive,3796.103145,3238.884987,-557.2181580000001,-14.678688558131903,True,True,-605.2181595944076,7.0,50.0,-9.0,0.0
pre_round_stress,final_min_radius_910021_negative,4013.355107,3291.752776,-721.602331,-17.980026978958286,True,True,-733.6023285200149,5.0,40.0,-33.0,0.0
pre_round_stress,final_radial_910022_spatial_hash,2571.023361,2546.671825,-24.351536000000124,-0.9471534319520414,True,True,-72.35153856671991,10.0,50.0,-12.0,0.0
pre_round_stress,final_radial_910022_smooth,2707.417358,2548.432861,-158.98449700000037,-5.872182821397143,True,True,-184.98449613165508,8.0,45.0,-27.0,0.0
pre_round_stress,final_radial_910022_positive,2682.45008,2534.176104,-148.27397599999995,-5.52755770202441,True,True,-207.2739791216834,10.0,55.0,-6.0,0.0
pre_round_stress,final_radial_910022_negative,2726.709125,2544.276683,-182.4324419999998,-6.69057217461726,True,True,-217.43244316389087,10.0,55.0,-30.0,0.0
pre_round_stress,final_reception_edge_910023_spatial_hash,3282.829168,3263.335158,-19.494010000000344,-0.5938173752695342,True,True,-81.49400950439576,7.0,70.0,-15.0,0.0
pre_round_stress,final_reception_edge_910023_smooth,3573.233836,3262.314083,-310.9197529999997,-8.701354774700498,True,True,-371.919754853443,12.0,85.0,-36.0,0.0
pre_round_stress,final_reception_edge_910023_positive,4091.028449,3241.603562,-849.4248870000001,-20.763113666629017,True,True,-921.4248875678913,8.0,85.0,-21.0,0.0
pre_round_stress,final_reception_edge_910023_negative,3930.621829,3255.701293,-674.9205360000001,-17.170833658441985,True,True,-697.9205366372635,6.0,65.0,-48.0,0.0
pre_round_stress,final_uniform_910024_spatial_hash,5086.034551,4204.890634,-881.1439169999994,-17.32477253475897,True,True,-910.1439160199989,4.0,85.0,-60.0,0.0
pre_round_stress,final_uniform_910024_smooth,5038.924956,4208.821879,-830.1030769999998,-16.4738130503724,True,True,-862.1030790209347,-1.0,60.0,-27.0,0.0
pre_round_stress,final_uniform_910024_positive,4688.391931,4139.349071,-549.0428600000005,-11.710686053563224,True,True,-594.0428625018799,0.0,60.0,-15.0,0.0
pre_round_stress,final_uniform_910024_negative,4654.640892,4217.907226,-436.7336660000001,-9.38275747009013,True,True,-442.7336686160593,1.0,65.0,-60.0,0.0
pre_round_stress,final_outer_910025_spatial_hash,2285.498831,2307.495479,21.996648000000278,0.9624440713617011,True,True,-35.00334735870524,10.0,50.0,-3.0,0.0
pre_round_stress,final_outer_910025_smooth,2320.227753,2319.076636,-1.1511170000003403,-0.049612241665153434,True,True,-58.151117473480554,11.0,55.0,-9.0,0.0
pre_round_stress,final_outer_910025_positive,2488.220129,2317.311671,-170.90845799999988,-6.86870329550332,True,True,-227.90845467762938,10.0,50.0,-3.0,0.0
pre_round_stress,final_outer_910025_negative,2284.306676,2298.466337,14.159660999999687,0.6198669009186863,True,True,-36.84034011392578,10.0,50.0,-9.0,0.0
pre_round_stress,final_cluster_910026_spatial_hash,2118.455737,2015.767835,-102.68790200000012,-4.847299861238508,True,True,-101.68790175027425,-1.0,0.0,0.0,0.0
pre_round_stress,final_cluster_910026_smooth,2098.829925,2030.506471,-68.32345400000008,-3.2553115993903203,True,True,-68.32345167796575,0.0,0.0,0.0,0.0
pre_round_stress,final_cluster_910026_positive,2117.4949,2015.71283,-101.7820700000002,-4.80672090402674,True,True,-100.78206903344108,-1.0,0.0,0.0,0.0
pre_round_stress,final_cluster_910026_negative,2129.463801,2017.707724,-111.75607699999978,-5.248085313660599,True,True,-104.75607346544984,-1.0,0.0,-6.0,0.0
pre_round_stress,final_min_radius_910027_spatial_hash,4067.816593,3426.403737,-641.4128559999999,-15.767988583943515,True,True,-669.4128569814552,0.0,40.0,-12.0,0.0
pre_round_stress,final_min_radius_910027_smooth,4273.204852,3437.394003,-835.810849,-19.55934428485948,True,True,-841.8108488907828,-6.0,15.0,-3.0,0.0
pre_round_stress,final_min_radius_910027_positive,4116.00449,3471.638542,-644.3659480000001,-15.65513229068416,True,True,-669.3659480647939,-1.0,35.0,-9.0,0.0
pre_round_stress,final_min_radius_910027_negative,4252.438822,3393.887277,-858.5515450000003,-20.18962719835691,True,True,-848.5515447940488,-8.0,10.0,-12.0,0.0
pre_round_stress,final_radial_910028_spatial_hash,1415.680374,1257.173461,-158.50691299999994,-11.196518360436059,True,True,-195.50691093364526,9.0,55.0,-27.0,0.0
pre_round_stress,final_radial_910028_smooth,1421.700064,1154.166011,-267.5340530000001,-18.817896951293946,True,True,-302.5340488929305,9.0,50.0,-24.0,0.0
pre_round_stress,final_radial_910028_positive,1380.828193,1266.664699,-114.16349400000013,-8.26775514714596,True,True,-158.16349818483832,9.0,50.0,-15.0,0.0
pre_round_stress,final_radial_910028_negative,1482.75873,1304.204994,-178.55373600000007,-12.041995261090122,True,True,-195.5537362413031,10.0,55.0,-48.0,0.0
pre_round_stress,final_reception_edge_910029_spatial_hash,4340.222665,3530.60674,-809.6159250000001,-18.653787777498742,True,True,-900.6159227119679,12.0,115.0,-36.0,0.0
pre_round_stress,final_reception_edge_910029_smooth,4215.482877,3527.816025,-687.6668520000003,-16.312884480019207,True,True,-731.6668489345439,10.0,85.0,-51.0,0.0
pre_round_stress,final_reception_edge_910029_positive,3923.007336,3787.221149,-135.78618700000015,-3.4612779271132155,True,True,-295.786183012181,18.0,160.0,-18.0,0.0
pre_round_stress,final_reception_edge_910029_negative,4104.01212,3518.95007,-585.0620500000005,-14.255855803856655,True,True,-625.0620463066502,10.0,105.0,-75.0,0.0
pre_round_stress,final_uniform_910030_spatial_hash,3351.704064,2962.649071,-389.0549930000002,-11.607677335799538,True,True,-450.05499473846976,10.0,60.0,-9.0,0.0
pre_round_stress,final_uniform_910030_smooth,3391.749758,2976.781883,-414.9678749999998,-12.234625329337156,True,True,-531.9678765585354,19.0,110.0,-12.0,0.0
pre_round_stress,final_uniform_910030_positive,3359.367405,2987.974668,-371.3927370000001,-11.055436700589173,True,True,-495.39273906711605,20.0,110.0,-6.0,0.0
pre_round_stress,final_uniform_910030_negative,3682.827101,3118.493181,-564.33392,-15.32338892170002,True,True,-545.3339227553201,4.0,40.0,-63.0,0.0
pre_round_stress,final_outer_910031_spatial_hash,4059.946885,3161.885729,-898.0611559999998,-22.12002229186798,True,True,-1084.061156991358,29.0,160.0,-3.0,0.0
pre_round_stress,final_outer_910031_smooth,3582.997521,3161.713349,-421.28417199999967,-11.757869480256321,True,True,-588.2841700253657,30.0,155.0,-18.0,0.0
pre_round_stress,final_outer_910031_positive,4024.599606,3115.05362,-909.5459860000001,-22.59966394281856,True,True,-1069.5459864070885,26.0,140.0,-6.0,0.0
pre_round_stress,final_outer_910031_negative,3849.921744,3116.101395,-733.8203490000001,-19.06065623654921,True,True,-872.8203500583932,26.0,140.0,-27.0,0.0
pre_round_stress,final_cluster_910032_spatial_hash,2393.176128,2316.669794,-76.50633400000015,-3.1968534661900194,True,True,-123.50633257044387,10.0,55.0,-18.0,0.0
pre_round_stress,final_cluster_910032_smooth,2423.15415,2311.854103,-111.30004699999972,-4.5931888815245125,True,True,-146.30005068345463,10.0,55.0,-30.0,0.0
pre_round_stress,final_cluster_910032_positive,2390.081233,2337.653922,-52.42731099999992,-2.1935367834420294,True,True,-119.42730666983516,10.0,60.0,-3.0,0.0
pre_round_stress,final_cluster_910032_negative,2555.712252,2334.333496,-221.3787559999996,-8.662115847617713,True,True,-222.37875630073245,10.0,60.0,-69.0,0.0
pre_round_stress,final_min_radius_910033_spatial_hash,4105.288402,3294.452805,-810.8355970000002,-19.751002063703492,True,True,-798.835594059406,-7.0,-5.0,0.0,0.0
pre_round_stress,final_min_radius_910033_smooth,4126.546548,3292.785288,-833.7612600000002,-20.204818976393145,True,True,-815.7612586473056,-7.0,-5.0,-6.0,0.0
pre_round_stress,final_min_radius_910033_positive,4115.006505,3318.66834,-796.3381650000001,-19.35205118223744,True,True,-785.3381637471753,-5.0,0.0,-6.0,0.0
pre_round_stress,final_min_radius_910033_negative,4114.616802,3287.243649,-827.3731529999995,-20.10814597845021,True,True,-815.3731512652071,-6.0,0.0,-6.0,0.0
pre_round_stress,final_radial_910034_spatial_hash,2797.334711,2767.78216,-29.552550999999767,-1.0564538767488196,True,True,-85.5525520086826,12.0,65.0,-21.0,0.0
pre_round_stress,final_radial_910034_smooth,2809.379674,2767.24274,-42.136933999999655,-1.4998661231148236,True,True,-97.13693301612102,12.0,70.0,-27.0,0.0
pre_round_stress,final_radial_910034_positive,2850.105506,2736.691656,-113.41384999999991,-3.979286021561057,True,True,-165.41384715232834,10.0,60.0,-18.0,0.0
pre_round_stress,final_radial_910034_negative,2928.537521,2724.240651,-204.29687000000013,-6.976071453243304,True,True,-189.29687192280608,8.0,40.0,-63.0,0.0
pre_round_stress,final_reception_edge_910035_spatial_hash,4311.79236,3616.008433,-695.7839270000004,-16.13676793564337,True,True,-726.7839264449135,7.0,90.0,-66.0,0.0
pre_round_stress,final_reception_edge_910035_smooth,3924.349047,3296.545798,-627.803249,-15.997640410705294,True,True,-625.8032517806769,5.0,50.0,-57.0,0.0
pre_round_stress,final_reception_edge_910035_positive,3926.353174,3670.512673,-255.84050099999968,-6.515982889520878,True,True,-278.8405016216898,0.0,50.0,-27.0,0.0
pre_round_stress,final_reception_edge_910035_negative,4483.175089,3318.551445,-1164.6236440000002,-25.97765246460131,True,True,-1135.6236488806703,5.0,65.0,-99.0,0.0
pre_round_stress,final_uniform_910036_spatial_hash,3813.133746,3716.235189,-96.89855699999998,-2.541179078799616,True,True,-243.89855550003494,24.0,165.0,-42.0,0.0
pre_round_stress,final_uniform_910036_smooth,4208.986176,3791.49727,-417.4889060000005,-9.918989717299576,True,True,-481.48890514060304,8.0,80.0,-24.0,0.0
pre_round_stress,final_uniform_910036_positive,3423.609531,3794.394418,370.7848869999998,10.830232935228956,True,True,283.78489221237305,9.0,90.0,-12.0,0.0
pre_round_stress,final_uniform_910036_negative,4331.069207,3853.315558,-477.75364899999977,-11.030847722955816,True,True,-500.75364801817113,8.0,90.0,-75.0,0.0
pre_round_stress,final_outer_910037_spatial_hash,3053.432797,2877.749382,-175.68341499999997,-5.753636208159197,True,True,-199.68341166880373,16.0,80.0,-72.0,0.0
pre_round_stress,final_outer_910037_smooth,3241.040806,2919.166605,-321.8742010000001,-9.931198657052642,True,True,-338.87420683388154,17.0,90.0,-90.0,0.0
pre_round_stress,final_outer_910037_positive,2958.519383,2857.188478,-101.3309049999998,-3.4250546263870696,True,True,-146.3309075439995,13.0,65.0,-33.0,0.0
pre_round_stress,final_outer_910037_negative,3295.622517,2880.077381,-415.54513599999973,-12.609002816811365,True,True,-352.5451353886085,16.0,80.0,-159.0,0.0
pre_round_stress,final_cluster_910038_spatial_hash,2836.752263,2656.066787,-180.68547599999965,-6.369448554133383,True,True,-206.68547777600293,11.0,60.0,-45.0,0.0
pre_round_stress,final_cluster_910038_smooth,2741.663513,2640.884915,-100.77859799999987,-3.675819352817855,True,True,-135.77859653743553,11.0,60.0,-36.0,0.0
pre_round_stress,final_cluster_910038_positive,2652.8287,2641.320667,-11.508033000000069,-0.4338023408748559,True,True,-70.50803356487768,11.0,60.0,-12.0,0.0
pre_round_stress,final_cluster_910038_negative,2817.740565,2646.312392,-171.42817300000024,-6.083887747841688,True,True,-179.42816957517562,11.0,60.0,-63.0,0.0
pre_round_stress,final_min_radius_910039_spatial_hash,4208.010124,3356.993347,-851.0167770000003,-20.223734067232968,True,True,-932.0167764158855,12.0,75.0,-6.0,0.0
pre_round_stress,final_min_radius_910039_smooth,4466.92674,3367.685207,-1099.241533,-24.608452230850773,True,True,-1164.2415370136036,9.0,65.0,-9.0,0.0
pre_round_stress,final_min_radius_910039_positive,4387.491912,3395.374962,-992.1169500000005,-22.612393820864106,True,True,-1069.116948251481,11.0,75.0,-9.0,0.0
pre_round_stress,final_min_radius_910039_negative,3975.700425,3370.238622,-605.4618030000001,-15.229059996390449,True,True,-628.4618019673931,8.0,60.0,-45.0,0.0
pre_round_stress,final_radial_910040_spatial_hash,2424.83846,2537.788083,112.94962299999997,4.658026704178875,True,True,59.94962591514036,11.0,60.0,-18.0,0.0
pre_round_stress,final_radial_910040_smooth,2556.681368,2452.069889,-104.61147900000014,-4.091690122568304,True,True,-146.61147801688617,12.0,60.0,-30.0,0.0
pre_round_stress,final_radial_910040_positive,2519.053093,2422.531959,-96.52113400000007,-3.831643496050763,True,True,-155.52113198127404,10.0,55.0,-6.0,0.0
pre_round_stress,final_radial_910040_negative,2586.739829,2440.185116,-146.554713,-5.665614738558999,True,True,-181.55471290356854,11.0,60.0,-36.0,0.0
pre_round_stress,final_reception_edge_910041_spatial_hash,4122.13283,3472.37566,-649.7571699999994,-15.762645135333974,True,True,-649.7571698918296,3.0,30.0,-33.0,0.0
pre_round_stress,final_reception_edge_910041_smooth,4409.65228,3463.755066,-945.8972140000001,-21.450607756310436,True,True,-913.8972138839695,0.0,25.0,-57.0,0.0
pre_round_stress,final_reception_edge_910041_positive,3659.610264,3489.00474,-170.60552400000006,-4.66184953294797,True,True,-204.6055242036664,5.0,50.0,-21.0,0.0
pre_round_stress,final_reception_edge_910041_negative,3893.598073,3498.853821,-394.74425199999996,-10.138289689871637,True,True,-374.74424934609397,5.0,50.0,-75.0,0.0
pre_round_stress,final_uniform_910042_spatial_hash,4222.339713,3382.514649,-839.8250640000001,-19.890040145616293,True,True,-854.8250645628077,9.0,75.0,-69.0,0.0
pre_round_stress,final_uniform_910042_smooth,3773.290881,3315.74286,-457.54802100000006,-12.12596736986098,True,True,-465.54801929661016,8.0,75.0,-75.0,0.0
pre_round_stress,final_uniform_910042_positive,4094.268596,3247.352429,-846.9161669999999,-20.685408080637803,True,True,-856.9161708916072,-1.0,20.0,-9.0,0.0
pre_round_stress,final_uniform_910042_negative,3853.942273,3370.538202,-483.40407099999993,-12.54310616914629,True,True,-456.40406526449397,8.0,70.0,-105.0,0.0
pre_round_stress,final_outer_910043_spatial_hash,3291.00066,3680.266836,389.26617599999963,11.828201091883095,True,True,216.2661741091033,26.0,165.0,-18.0,0.0
pre_round_stress,final_outer_910043_smooth,3950.555188,3669.912536,-280.642652,-7.10387878778318,True,True,-319.6426525769625,9.0,75.0,-45.0,0.0
pre_round_stress,final_outer_910043_positive,3343.495498,3678.939487,335.4439889999999,10.032733383390369,True,True,164.44398617275965,25.0,155.0,-9.0,0.0
pre_round_stress,final_outer_910043_negative,4092.708996,3664.263947,-428.4450489999999,-10.468495302713677,True,True,-401.44504684043795,9.0,75.0,-111.0,0.0
pre_round_stress,final_cluster_910044_spatial_hash,2161.366109,2088.289992,-73.07611700000007,-3.381015215132166,True,True,-115.07611760858777,10.0,50.0,-18.0,0.0
pre_round_stress,final_cluster_910044_smooth,2191.09706,2113.840424,-77.25663600000007,-3.5259339903454645,True,True,-110.25663659399675,10.0,50.0,-27.0,0.0
pre_round_stress,final_cluster_910044_positive,2101.004272,2057.501931,-43.50234100000034,-2.070549859405535,True,True,-103.5023400239445,10.0,50.0,0.0,0.0
pre_round_stress,final_cluster_910044_negative,2250.432758,2081.147279,-169.28547900000012,-7.522352240839547,True,True,-169.28548223101643,10.0,50.0,-60.0,0.0
pre_round_stress,final_min_radius_910045_spatial_hash,3363.658947,3453.13017,89.47122300000001,2.6599374196304426,True,True,48.471222773047884,5.0,45.0,-9.0,0.0
pre_round_stress,final_min_radius_910045_smooth,3632.284736,3417.395934,-214.88880199999994,-5.916078105612477,True,True,-262.8887995916116,4.0,50.0,-6.0,0.0
pre_round_stress,final_min_radius_910045_positive,4173.913301,3412.377758,-761.5355429999995,-18.245121258689025,True,True,-809.5355410235925,4.0,50.0,-6.0,0.0
pre_round_stress,final_min_radius_910045_negative,3659.060285,3396.891841,-262.1684439999999,-7.164911851131195,True,True,-289.1684438711418,4.0,50.0,-27.0,0.0
pre_round_stress,final_radial_910046_spatial_hash,1392.854128,1112.622114,-280.23201399999994,-20.119265066355887,True,True,-340.23201849684904,15.0,75.0,-30.0,0.0
pre_round_stress,final_radial_910046_smooth,1208.460315,1287.652958,79.19264299999986,6.55318524050994,True,True,34.19264627313362,11.0,55.0,-21.0,0.0
pre_round_stress,final_radial_910046_positive,1343.14254,2576.788419,1233.645879,91.84772593086062,True,True,971.6458785070784,47.0,230.0,-15.0,0.0
pre_round_stress,final_radial_910046_negative,1480.960729,1062.563356,-418.3973729999998,-28.251753392712676,True,True,-428.39737088372226,13.0,60.0,-63.0,0.0
pre_round_stress,final_reception_edge_910047_spatial_hash,3929.524458,3604.093633,-325.4308249999999,-8.281684679108315,True,True,-315.43082364788916,0.0,35.0,-45.0,0.0
pre_round_stress,final_reception_edge_910047_smooth,3910.298686,3583.676257,-326.622429,-8.35287672958086,True,True,-341.622433266818,2.0,55.0,-42.0,0.0
pre_round_stress,final_reception_edge_910047_positive,3971.781467,3472.186115,-499.5953519999998,-12.578621360488862,True,True,-542.595349326305,4.0,60.0,-21.0,0.0
pre_round_stress,final_reception_edge_910047_negative,3886.453584,3656.413694,-230.03989,-5.9190180720810055,True,True,-214.03989535506525,0.0,50.0,-66.0,0.0
pre_round_stress,final_uniform_910048_spatial_hash,3611.197862,3706.694931,95.49706900000001,2.644470689487788,True,True,107.49706745751973,0.0,15.0,-27.0,0.0
pre_round_stress,final_uniform_910048_smooth,3723.642675,3640.784826,-82.85784899999999,-2.225182602946718,True,True,-64.85785342080726,2.0,25.0,-45.0,0.0
pre_round_stress,final_uniform_910048_positive,3754.163309,3381.053979,-373.1093300000002,-9.938548200754372,True,True,-416.1093297459538,5.0,50.0,-12.0,0.0
pre_round_stress,final_uniform_910048_negative,4016.872093,3219.291284,-797.580809,-19.855768133366848,True,True,-769.5808101453827,4.0,40.0,-72.0,0.0
pre_round_stress,final_outer_910049_spatial_hash,2498.568793,2365.088128,-133.48066500000004,-5.342284966255884,True,True,-211.4806658163493,18.0,90.0,-30.0,0.0
pre_round_stress,final_outer_910049_smooth,2600.069601,2345.290672,-254.77892900000006,-9.798927263409052,True,True,-308.77892728590723,16.0,80.0,-42.0,0.0
pre_round_stress,final_outer_910049_positive,2473.468419,2340.983195,-132.48522400000002,-5.356252903102055,True,True,-207.4852236426102,14.0,70.0,-9.0,0.0
pre_round_stress,final_outer_910049_negative,2755.963192,2336.133593,-419.82959900000014,-15.233498045934724,True,True,-389.82960309942723,15.0,75.0,-120.0,0.0
pre_round_stress,final_cluster_910050_spatial_hash,644.362675,639.580708,-4.781967000000009,-0.7421235253888714,True,True,-61.781966502088835,10.0,50.0,-3.0,0.0
pre_round_stress,final_cluster_910050_smooth,652.058593,630.937952,-21.120640999999978,-3.2390710323788263,True,True,-81.12063869513582,10.0,50.0,0.0,0.0
pre_round_stress,final_cluster_910050_positive,669.031145,627.817736,-41.21340900000007,-6.160162992113028,True,True,-83.21340842498643,9.0,45.0,-12.0,0.0
pre_round_stress,final_cluster_910050_negative,665.283033,653.066245,-12.216788000000065,-1.8363294107938022,True,True,-66.21678658629452,11.0,55.0,-12.0,0.0
pre_round_stress,final_min_radius_910051_spatial_hash,4209.978161,3650.813637,-559.1645239999998,-13.28188657081254,True,True,-609.1645243609692,7.0,55.0,-12.0,0.0
pre_round_stress,final_min_radius_910051_smooth,4315.494745,3699.711933,-615.7828119999999,-14.26911277585161,True,True,-631.78281074385,1.0,30.0,-15.0,0.0
pre_round_stress,final_min_radius_910051_positive,3834.566845,3524.544381,-310.0224639999997,-8.084940921143325,True,True,-319.0224664164193,-3.0,15.0,-3.0,0.0
pre_round_stress,final_min_radius_910051_negative,4162.280895,3688.734818,-473.54607699999997,-11.377081195285355,True,True,-496.54607908023354,5.0,60.0,-42.0,0.0
pre_round_stress,final_radial_910052_spatial_hash,1702.993479,2863.643995,1160.650516,68.15355022272517,True,True,905.6505157445442,46.0,245.0,-36.0,0.0
pre_round_stress,final_radial_910052_smooth,1635.565323,1569.569787,-65.99553600000013,-4.035029055210659,True,True,-118.99552847188511,14.0,75.0,-36.0,0.0
pre_round_stress,final_radial_910052_positive,1560.570789,2774.431535,1213.860746,77.7831261840952,True,True,947.8607421449751,46.0,250.0,-30.0,0.0
pre_round_stress,final_radial_910052_negative,1771.231688,2761.51937,990.2876819999999,55.909550891006866,True,True,746.2876841158068,48.0,250.0,-54.0,0.0
pre_round_stress,final_reception_edge_910053_spatial_hash,4751.257112,3386.040822,-1365.2162900000003,-28.733791032944634,True,True,-1394.2162888702815,3.0,65.0,-39.0,0.0
pre_round_stress,final_reception_edge_910053_smooth,4436.969351,3592.381203,-844.5881479999998,-19.035248639020853,True,True,-842.5881449911417,4.0,60.0,-66.0,0.0
pre_round_stress,final_reception_edge_910053_positive,4363.802527,3399.24656,-964.5559669999998,-22.103565893095233,True,True,-992.5559663169665,0.0,55.0,-27.0,0.0
pre_round_stress,final_reception_edge_910053_negative,4635.120987,3822.359645,-812.7613420000002,-17.53484632395854,True,True,-784.761343517272,-1.0,60.0,-87.0,0.0
pre_round_stress,final_uniform_910054_spatial_hash,3791.017389,3628.337408,-162.67998100000023,-4.291195853441132,True,True,-259.6799776948578,7.0,105.0,-15.0,0.0
pre_round_stress,final_uniform_910054_smooth,3878.395723,3554.768566,-323.6271569999999,-8.344356278055843,True,True,-413.62715812180977,10.0,110.0,-30.0,0.0
pre_round_stress,final_uniform_910054_positive,3842.00405,3630.818691,-211.18535900000006,-5.4967500359610515,True,True,-319.1853572282603,6.0,105.0,-3.0,0.0
pre_round_stress,final_uniform_910054_negative,3951.085775,3526.821842,-424.2639330000002,-10.737907430015238,True,True,-511.2639346438041,12.0,105.0,-30.0,0.0
pre_round_stress,final_outer_910055_spatial_hash,3926.84633,3475.678451,-451.16787899999963,-11.489318427186824,True,True,-495.1678752468779,8.0,75.0,-39.0,0.0
pre_round_stress,final_outer_910055_smooth,3602.573666,3557.918766,-44.6549,-1.2395277415543027,True,True,-91.65490052108316,9.0,80.0,-42.0,0.0
pre_round_stress,final_outer_910055_positive,3487.073285,3489.674702,2.6014169999998558,0.07460173008666526,True,True,-56.39858390169593,8.0,60.0,-9.0,0.0
pre_round_stress,final_outer_910055_negative,3736.295644,3440.366514,-295.92913,-7.920388486259733,True,True,-299.92913109233723,6.0,55.0,-57.0,0.0
pre_round_stress,final_cluster_910056_spatial_hash,2059.556082,2234.506981,174.95089899999994,8.494592622605746,True,True,88.9508994938833,14.0,75.0,-3.0,0.0
pre_round_stress,final_cluster_910056_smooth,2114.255447,2274.576734,160.3212870000002,7.58287212775004,True,True,77.32128731141165,14.0,75.0,-6.0,0.0
pre_round_stress,final_cluster_910056_positive,2059.540057,2266.360007,206.81995000000006,10.042045518709708,True,True,111.81994940493246,15.0,80.0,0.0,0.0
pre_round_stress,final_cluster_910056_negative,2304.901523,2300.578499,-4.323023999999805,-0.18755786123014762,True,True,-94.32302489472022,16.0,80.0,-6.0,0.0
pre_round_stress,final_min_radius_910057_spatial_hash,4318.774802,3697.858443,-620.9163589999998,-14.377141376124936,True,True,-621.9163608147983,-2.0,15.0,-12.0,0.0
pre_round_stress,final_min_radius_910057_smooth,4484.448469,3718.807853,-765.6406160000001,-17.07323924653621,True,True,-765.6406173878868,-2.0,20.0,-18.0,0.0
pre_round_stress,final_min_radius_910057_positive,4326.44008,3757.80827,-568.6318100000003,-13.143180062255722,True,True,-572.6318068485243,-2.0,15.0,-9.0,0.0
pre_round_stress,final_min_radius_910057_negative,4003.598263,3747.147251,-256.451012,-6.405513119786265,True,True,-312.4510075189319,7.0,70.0,-21.0,0.0
pre_round_stress,final_radial_910058_spatial_hash,1195.888953,1849.578274,653.6893210000001,54.66137297783034,True,True,476.6893207811586,32.0,160.0,-15.0,0.0
pre_round_stress,final_radial_910058_smooth,1223.680289,1910.830956,687.1506670000001,56.154428013345246,True,True,508.15066663596247,32.0,165.0,-18.0,0.0
pre_round_stress,final_radial_910058_positive,1388.662291,1915.079574,526.417283,37.90822912177716,True,True,370.4172815661991,28.0,140.0,-12.0,0.0
pre_round_stress,final_radial_910058_negative,1350.412629,1873.643494,523.230865,38.74599909417762,True,True,403.2308627646204,32.0,160.0,-72.0,0.0
pre_round_stress,final_reception_edge_910059_spatial_hash,4585.396853,3927.569346,-657.827507,-14.346141197563211,True,True,-652.8275059802318,-4.0,50.0,-51.0,0.0
pre_round_stress,final_reception_edge_910059_smooth,4831.447549,3903.361217,-928.0863320000003,-19.209280916070238,True,True,-980.0863300316009,1.0,75.0,-24.0,0.0
pre_round_stress,final_reception_edge_910059_positive,4565.24894,3968.701239,-596.5477010000004,-13.067145052554363,True,True,-599.5476995428353,-9.0,30.0,-18.0,0.0
pre_round_stress,final_reception_edge_910059_negative,5003.486528,3939.559212,-1063.9273160000002,-21.263719009657745,True,True,-1067.927318256065,1.0,90.0,-87.0,0.0
pre_round_stress,final_uniform_910060_spatial_hash,4616.067923,3847.374847,-768.6930759999996,-16.652551236733604,True,True,-826.6930813115919,8.0,95.0,-45.0,0.0
pre_round_stress,final_uniform_910060_smooth,4212.602188,3662.090263,-550.5119249999998,-13.068215331800992,True,True,-595.5119247883986,4.0,80.0,-39.0,0.0
pre_round_stress,final_uniform_910060_positive,3986.42239,3860.157054,-126.26533600000039,-3.167384778811666,True,True,-179.2653352520706,6.0,65.0,-18.0,0.0
pre_round_stress,final_uniform_910060_negative,4819.050457,3659.765419,-1159.2850380000004,-24.056295910246373,True,True,-1180.2850369221724,10.0,95.0,-84.0,0.0
pre_round_stress,final_outer_910061_spatial_hash,2870.915079,2784.778208,-86.1368709999997,-3.0003280706583313,True,True,-139.13687423332294,15.0,80.0,-42.0,0.0
pre_round_stress,final_outer_910061_smooth,2886.987793,2786.065303,-100.92248999999993,-3.495771275677162,True,True,-135.9224907874907,14.0,75.0,-54.0,0.0
pre_round_stress,final_outer_910061_positive,2781.91108,2786.352429,4.441349000000173,0.1596510050925204,True,True,-63.55865329597805,13.0,70.0,-15.0,0.0
pre_round_stress,final_outer_910061_negative,3032.550017,2784.376842,-248.1731749999999,-8.183646555169076,True,True,-217.173179672096,14.0,75.0,-120.0,0.0
pre_round_stress,final_cluster_910062_spatial_hash,2116.785396,2013.788152,-102.99724400000014,-4.8657385956379695,True,True,-132.99724492576638,5.0,25.0,0.0,0.0
pre_round_stress,final_cluster_910062_smooth,2113.67536,2008.169247,-105.50611300000014,-4.99159497227617,True,True,-135.50611454039245,5.0,25.0,0.0,0.0
pre_round_stress,final_cluster_910062_positive,2108.830581,2010.699361,-98.13122000000021,-4.6533477313984495,True,True,-128.13121863080733,5.0,25.0,0.0,0.0
pre_round_stress,final_cluster_910062_negative,2295.070053,2041.012524,-254.05752899999993,-11.069706942840751,True,True,-290.05752974126403,6.0,30.0,0.0,0.0
pre_round_stress,final_min_radius_910063_spatial_hash,3818.258036,3322.097813,-496.1602230000003,-12.994413115143388,True,True,-551.1602227525386,5.0,50.0,0.0,0.0
pre_round_stress,final_min_radius_910063_smooth,3947.634785,3284.635409,-662.9993760000002,-16.794850894495806,True,True,-695.9993767389396,3.0,45.0,-15.0,0.0
pre_round_stress,final_min_radius_910063_positive,3753.706241,3354.314068,-399.39217299999973,-10.63994216269839,True,True,-453.3921740915375,5.0,55.0,-6.0,0.0
pre_round_stress,final_min_radius_910063_negative,3936.184148,3252.152377,-684.0317709999999,-17.378042928900083,True,True,-715.0317692844505,3.0,40.0,-12.0,0.0
pre_round_stress,final_radial_910064_spatial_hash,2913.658248,2682.791205,-230.8670430000002,-7.923614348335894,True,True,-278.86704205320257,11.0,70.0,-33.0,0.0
pre_round_stress,final_radial_910064_smooth,2828.824976,2635.874607,-192.95036899999968,-6.820866283245075,True,True,-251.9503728902373,14.0,75.0,-30.0,0.0
pre_round_stress,final_radial_910064_positive,2849.236703,2674.392448,-174.84425499999998,-6.1365296472526865,True,True,-228.84425317239402,11.0,70.0,-27.0,0.0
pre_round_stress,final_radial_910064_negative,2732.196511,2654.363959,-77.8325520000003,-2.8487172019524,True,True,-143.8325515905235,14.0,85.0,-33.0,0.0
pre_round_stress,final_reception_edge_910065_spatial_hash,4220.609184,3944.572313,-276.0368709999998,-6.54021395883878,True,True,-344.03687447359835,9.0,95.0,-36.0,0.0
pre_round_stress,final_reception_edge_910065_smooth,4525.892294,3601.172826,-924.7194680000002,-20.43176036747286,True,True,-1004.7194662099855,16.0,115.0,-51.0,0.0
pre_round_stress,final_reception_edge_910065_positive,4274.95344,4025.996176,-248.95726400000012,-5.8236251574239395,True,True,-289.9572640074739,2.0,60.0,-21.0,0.0
pre_round_stress,final_reception_edge_910065_negative,4222.084873,3458.462199,-763.6226739999997,-18.08638852533081,True,True,-759.622673704238,6.0,80.0,-90.0,0.0
pre_round_stress,final_uniform_910066_spatial_hash,4252.421587,3488.374235,-764.0473519999996,-17.967347224831954,True,True,-808.0473507365741,9.0,80.0,-45.0,0.0
pre_round_stress,final_uniform_910066_smooth,4197.904432,3530.737201,-667.1672310000004,-15.892863732539597,True,True,-731.167229590872,7.0,75.0,-18.0,0.0
pre_round_stress,final_uniform_910066_positive,4184.988902,3568.983621,-616.0052810000002,-14.719400586835773,True,True,-680.00528000339,6.0,70.0,-12.0,0.0
pre_round_stress,final_uniform_910066_negative,4353.949569,3445.154868,-908.7947010000003,-20.872880739606934,True,True,-904.794699441728,7.0,55.0,-66.0,0.0
pre_round_stress,final_outer_910067_spatial_hash,3753.084889,3466.326845,-286.75804400000015,-7.640595736069433,True,True,-261.7580433853486,-4.0,0.0,-21.0,0.0
pre_round_stress,final_outer_910067_smooth,3694.607513,3438.615162,-255.99235099999987,-6.928810437895083,True,True,-299.9923455949056,8.0,60.0,-24.0,0.0
pre_round_stress,final_outer_910067_positive,3548.62047,3430.099497,-118.52097299999969,-3.339916849434166,True,True,-85.52097509217629,-5.0,-10.0,-18.0,0.0
pre_round_stress,final_outer_910067_negative,3689.064072,3440.24579,-248.81828200000018,-6.744753605352949,True,True,-160.81828096955496,-5.0,-5.0,-78.0,0.0
pre_round_stress,final_cluster_910068_spatial_hash,2096.21697,2021.871896,-74.34507399999984,-3.546630671537776,True,True,-137.3450725460732,14.0,70.0,-21.0,0.0
pre_round_stress,final_cluster_910068_smooth,2120.777261,2029.940596,-90.83666500000027,-4.283177996597742,True,True,-150.83666580714907,14.0,70.0,-24.0,0.0
pre_round_stress,final_cluster_910068_positive,2048.451949,2003.306738,-45.14521099999979,-2.203869659819868,True,True,-129.14521161890798,14.0,70.0,0.0,0.0
pre_round_stress,final_cluster_910068_negative,2281.220667,2017.928802,-263.29186500000014,-11.541709612259975,True,True,-263.29186488281994,14.0,70.0,-84.0,0.0
pre_round_stress,final_min_radius_910069_spatial_hash,3657.747965,3194.73092,-463.01704500000005,-12.658527854583879,True,True,-520.0170460580962,7.0,50.0,0.0,0.0
pre_round_stress,final_min_radius_910069_smooth,3499.70749,3199.207138,-300.50035199999957,-8.586441948609814,True,True,-335.50034881333295,3.0,35.0,-3.0,0.0
pre_round_stress,final_min_radius_910069_positive,3696.26898,3200.536762,-495.73221799999965,-13.411692186968482,True,True,-522.7322194141261,3.0,30.0,-6.0,0.0
pre_round_stress,final_min_radius_910069_negative,3764.647661,3176.237996,-588.4096650000001,-15.629873443287956,True,True,-624.4096656490592,6.0,45.0,-15.0,0.0
pre_round_stress,final_radial_910070_spatial_hash,2685.234591,2513.587683,-171.6469079999997,-6.392249994667221,True,True,-218.6469068574802,8.0,45.0,-6.0,0.0
pre_round_stress,final_radial_910070_smooth,2674.325123,2578.348735,-95.97638800000004,-3.5888077771312976,True,True,-140.97638817405937,9.0,45.0,-9.0,0.0
pre_round_stress,final_radial_910070_positive,2492.77578,2491.676005,-1.099775000000136,-0.044118488667288513,True,True,-38.09977295501267,6.0,40.0,-9.0,0.0
pre_round_stress,final_radial_910070_negative,2651.864825,2567.966079,-83.8987460000003,-3.163764050454576,True,True,-109.89874808689183,8.0,45.0,-27.0,0.0
pre_round_stress,final_reception_edge_910071_spatial_hash,3767.160049,3404.379972,-362.7800769999999,-9.630068069348441,True,True,-345.7800794045679,-2.0,30.0,-45.0,0.0
pre_round_stress,final_reception_edge_910071_smooth,3793.535261,3432.565275,-360.96998600000006,-9.515398201540537,True,True,-412.96998537737954,4.0,75.0,-27.0,0.0
pre_round_stress,final_reception_edge_910071_positive,3693.701814,3381.547829,-312.1539849999999,-8.45097955164823,True,True,-360.1539812036044,4.0,65.0,-21.0,0.0
pre_round_stress,final_reception_edge_910071_negative,3765.552797,3401.948364,-363.604433,-9.656070505496084,True,True,-379.6044301275315,3.0,70.0,-57.0,0.0
pre_round_stress,final_uniform_910072_spatial_hash,4086.113334,3114.830028,-971.2833060000003,-23.770346698856404,True,True,-1041.28330774929,9.0,70.0,-9.0,0.0
pre_round_stress,final_uniform_910072_smooth,3924.458468,3114.867228,-809.5912399999997,-20.62937464114857,True,True,-816.5912392802206,1.0,30.0,-24.0,0.0
pre_round_stress,final_uniform_910072_positive,4075.667007,3094.598392,-981.0686150000001,-24.07136336984853,True,True,-1082.0686144440056,14.0,90.0,-3.0,0.0
pre_round_stress,final_uniform_910072_negative,3901.422838,3230.231482,-671.1913559999998,-17.203758317672513,True,True,-721.1913552768983,13.0,85.0,-48.0,0.0
pre_round_stress,final_outer_910073_spatial_hash,3057.116004,2885.192052,-171.9239520000001,-5.623730070270505,True,True,-228.92394884987925,18.0,90.0,-51.0,0.0
pre_round_stress,final_outer_910073_smooth,3072.512479,2887.644773,-184.867706,-6.016825228978995,True,True,-208.86770340917337,17.0,85.0,-78.0,0.0
pre_round_stress,final_outer_910073_positive,2986.701109,2857.394842,-129.30626699999993,-4.329400977230491,True,True,-207.3062708932082,16.0,80.0,-18.0,0.0
pre_round_stress,final_outer_910073_negative,3089.955602,2862.494986,-227.46061599999985,-7.361290752940719,True,True,-233.46061481781976,17.0,85.0,-96.0,0.0
pre_round_stress,final_cluster_910074_spatial_hash,2129.812628,2074.064824,-55.74780400000009,-2.6174980496922906,True,True,-133.74780476510227,13.0,65.0,0.0,0.0
pre_round_stress,final_cluster_910074_smooth,2142.592323,2070.415462,-72.17686099999992,-3.368669822308512,True,True,-138.17686033464383,13.0,65.0,-12.0,0.0
pre_round_stress,final_cluster_910074_positive,2091.068485,2068.785718,-22.282766999999694,-1.0656163181570588,True,True,-100.28276648842052,13.0,65.0,0.0,0.0
pre_round_stress,final_cluster_910074_negative,2216.539637,2118.030828,-98.50880899999993,-4.444261106619674,True,True,-146.50880631169366,15.0,75.0,-42.0,0.0
pre_round_stress,final_min_radius_910075_spatial_hash,4017.116582,4062.422907,45.306325000000015,1.1278319679097537,True,True,-17.69367560051569,4.0,65.0,-6.0,0.0
pre_round_stress,final_min_radius_910075_smooth,4099.078122,4064.228395,-34.8497269999998,-0.8501845039975975,True,True,-33.849729099839806,-1.0,30.0,-30.0,0.0
pre_round_stress,final_min_radius_910075_positive,3934.416816,3933.928328,-0.4884879999999612,-0.012415766372630976,True,True,-45.48849033638544,4.0,50.0,-9.0,0.0
pre_round_stress,final_min_radius_910075_negative,3959.157402,3959.182919,0.025517000000036205,0.0006445058230664102,True,True,-38.974482168050145,4.0,50.0,-15.0,0.0
pre_round_stress,final_radial_910076_spatial_hash,2471.201266,2615.324181,144.12291499999992,5.832099432082427,True,True,16.122917094990953,22.0,115.0,-9.0,0.0
pre_round_stress,final_radial_910076_smooth,2503.930383,2605.099176,101.16879300000028,4.04039959285083,True,True,16.16879124834486,16.0,90.0,-21.0,0.0
pre_round_stress,final_radial_910076_positive,2447.864313,2647.114853,199.25054,8.139770613176145,True,True,101.25054074477544,17.0,90.0,-9.0,0.0
pre_round_stress,final_radial_910076_negative,2871.502577,2624.355905,-247.1466720000003,-8.606876204102399,True,True,-282.1466759881489,22.0,115.0,-102.0,0.0
pre_round_stress,final_reception_edge_910077_spatial_hash,4110.059836,3651.405284,-458.6545520000004,-11.1593156864201,True,True,-558.6545509143816,12.0,115.0,-27.0,0.0
pre_round_stress,final_reception_edge_910077_smooth,4256.427843,3596.558771,-659.8690720000004,-15.50288402246034,True,True,-761.8690740486477,13.0,125.0,-36.0,0.0
pre_round_stress,final_reception_edge_910077_positive,3910.518179,3627.983986,-282.53419299999996,-7.224980937750036,True,True,-340.53419354027847,6.0,70.0,-18.0,0.0
pre_round_stress,final_reception_edge_910077_negative,4228.559843,3618.038674,-610.5211690000001,-14.438040176034473,True,True,-659.5211615576809,11.0,110.0,-72.0,0.0
pre_round_stress,final_uniform_910078_spatial_hash,3481.899313,3055.45715,-426.4421629999997,-12.247400762217264,True,True,-470.4421651812786,5.0,45.0,-6.0,0.0
pre_round_stress,final_uniform_910078_smooth,3564.096603,3078.720073,-485.37653,-13.618500957337831,True,True,-523.3765264347867,5.0,45.0,-12.0,0.0
pre_round_stress,final_uniform_910078_positive,3469.362245,3090.170718,-379.19152699999995,-10.929718496432184,True,True,-423.19152659475367,5.0,45.0,-6.0,0.0
pre_round_stress,final_uniform_910078_negative,3579.344546,3042.733066,-536.61148,-14.991892317258914,True,True,-535.6114804034669,5.0,45.0,-51.0,0.0
pre_round_stress,final_outer_910079_spatial_hash,4028.008441,3293.184883,-734.823558,-18.24285049952804,True,True,-811.8235556505365,12.0,95.0,-30.0,0.0
pre_round_stress,final_outer_910079_smooth,4083.638788,3315.845569,-767.7932190000001,-18.80169277596744,True,True,-839.7932199543175,12.0,90.0,-30.0,0.0
pre_round_stress,final_outer_910079_positive,3857.184617,3277.995965,-579.1886519999998,-15.015839517955843,True,True,-652.1886577358041,10.0,75.0,-12.0,0.0
pre_round_stress,final_outer_910079_negative,4371.531118,3271.73308,-1099.798038,-25.158188477065302,True,True,-1121.7980437775554,12.0,85.0,-75.0,0.0
pre_round_stress,final_cluster_910080_spatial_hash,1133.795595,1027.210306,-106.5852890000001,-9.400749964988186,True,True,-183.5852856811349,18.0,95.0,-36.0,0.0
pre_round_stress,final_cluster_910080_smooth,1463.316544,1020.375482,-442.941062,-30.269668160056007,True,True,-505.94105748189315,18.0,90.0,-45.0,0.0
pre_round_stress,final_cluster_910080_positive,1086.140573,1046.469184,-39.67138899999986,-3.652509627775402,True,True,-123.67138991906597,18.0,90.0,-24.0,0.0
pre_round_stress,final_cluster_910080_negative,1372.992745,1052.199596,-320.7931490000001,-23.364518870782536,True,True,-296.7931523230917,19.0,95.0,-138.0,0.0
pre_round_stress,final_min_radius_910081_spatial_hash,3687.286913,3054.239379,-633.0475339999998,-17.16838284995155,True,True,-665.0475336100826,0.0,35.0,-3.0,0.0
pre_round_stress,final_min_radius_910081_smooth,3701.821067,3226.067829,-475.7532379999998,-12.851870184680648,True,True,-476.7532401489648,-2.0,15.0,-12.0,0.0
pre_round_stress,final_min_radius_910081_positive,3785.063514,3197.216992,-587.8465219999998,-15.530691092123107,True,True,-612.8465167078384,0.0,25.0,0.0,0.0
pre_round_stress,final_min_radius_910081_negative,3743.317152,3038.357178,-704.9599739999999,-18.832493891770564,True,True,-704.9599760584665,0.0,30.0,-30.0,0.0
pre_round_stress,final_radial_910082_spatial_hash,2733.445622,2493.683771,-239.7618510000002,-8.771414696172808,True,True,-290.76185147902356,11.0,55.0,-15.0,0.0
pre_round_stress,final_radial_910082_smooth,2746.150866,2504.12897,-242.02189599999974,-8.813131827404842,True,True,-290.02190089757687,11.0,55.0,-18.0,0.0
pre_round_stress,final_radial_910082_positive,2570.823091,2477.096631,-93.72646000000032,-3.645776340197049,True,True,-140.72646016596173,8.0,45.0,-6.0,0.0
pre_round_stress,final_radial_910082_negative,2797.201963,2549.969539,-247.2324239999998,-8.838561793902178,True,True,-272.2324230122649,9.0,55.0,-39.0,0.0
pre_round_stress,final_reception_edge_910083_spatial_hash,3660.736459,3421.399526,-239.33693300000004,-6.537944910281235,True,True,-386.33693428236165,22.0,140.0,-15.0,0.0
pre_round_stress,final_reception_edge_910083_smooth,3719.027963,3406.906447,-312.12151600000016,-8.392556310553346,True,True,-429.1215136230112,21.0,120.0,-24.0,0.0
pre_round_stress,final_reception_edge_910083_positive,3779.275242,3424.216194,-355.0590480000001,-9.39489783792784,True,True,-476.0590505036271,20.0,125.0,-24.0,0.0
pre_round_stress,final_reception_edge_910083_negative,3877.677432,3426.440691,-451.23674100000017,-11.63677868809383,True,True,-543.236739389552,21.0,140.0,-69.0,0.0
pre_round_stress,final_uniform_910084_spatial_hash,4288.703057,3553.319128,-735.3839289999996,-17.14700036878771,True,True,-754.3839295886537,3.0,70.0,-54.0,0.0
pre_round_stress,final_uniform_910084_smooth,4311.355064,3570.081257,-741.2738070000005,-17.193522593155652,True,True,-770.2738050395651,2.0,75.0,-48.0,0.0
pre_round_stress,final_uniform_910084_positive,4043.071793,3600.01401,-443.0577830000002,-10.958444610533292,True,True,-530.0577770525942,9.0,90.0,-12.0,0.0
pre_round_stress,final_uniform_910084_negative,4435.842282,3485.346995,-950.4952869999997,-21.42761682165687,True,True,-890.4952906549211,3.0,45.0,-108.0,0.0
pre_round_stress,final_outer_910085_spatial_hash,2703.906093,2580.982175,-122.92391799999996,-4.546160767869534,True,True,-162.923919403931,8.0,50.0,-18.0,0.0
pre_round_stress,final_outer_910085_smooth,2730.308654,2623.163161,-107.14549299999999,-3.9242996517272144,True,True,-160.1454941629072,10.0,55.0,-12.0,0.0
pre_round_stress,final_outer_910085_positive,2653.532745,2584.861235,-68.67151000000013,-2.5879277400814638,True,True,-113.67150900212914,10.0,50.0,-15.0,0.0
pre_round_stress,final_outer_910085_negative,2662.728583,2578.265635,-84.46294799999987,-3.1720449669278117,True,True,-101.46294507852713,8.0,45.0,-36.0,0.0
pre_round_stress,final_cluster_910086_spatial_hash,2201.93819,2185.0955,-16.842689999999948,-0.7649029421666009,True,True,-79.84268633593547,11.0,55.0,-3.0,0.0
pre_round_stress,final_cluster_910086_smooth,2156.573036,2175.759455,19.186419000000114,0.8896716540417682,True,True,-46.813581764514765,11.0,55.0,0.0,0.0
pre_round_stress,final_cluster_910086_positive,2202.724386,2174.881743,-27.842642999999953,-1.2640093866014834,True,True,-93.84264291758132,11.0,55.0,0.0,0.0
pre_round_stress,final_cluster_910086_negative,2211.848769,2175.15098,-36.697789000000284,-1.6591454856378696,True,True,-90.69779249739304,11.0,55.0,-12.0,0.0
pre_round_stress,final_min_radius_910087_spatial_hash,4158.207286,3260.719808,-897.487478,-21.583519441700094,True,True,-945.4874798368974,2.0,55.0,-9.0,0.0
pre_round_stress,final_min_radius_910087_smooth,4469.265697,3232.807106,-1236.4585909999996,-27.6658107802804,True,True,-1275.4585889197506,1.0,50.0,-12.0,0.0
pre_round_stress,final_min_radius_910087_positive,4481.611033,3273.315117,-1208.295916,-26.961195585757114,True,True,-1248.2959137426915,1.0,45.0,-6.0,0.0
pre_round_stress,final_min_radius_910087_negative,3838.529699,3171.107875,-667.421824,-17.387434156726055,True,True,-610.4218291059369,-10.0,-20.0,-27.0,0.0
pre_round_stress,final_radial_910088_spatial_hash,2810.419999,2481.037435,-329.382564,-11.720047683876444,True,True,-419.38256542466183,21.0,105.0,-36.0,0.0
pre_round_stress,final_radial_910088_smooth,3028.134584,2544.123143,-484.0114410000001,-15.983815367963183,True,True,-515.0114419613992,9.0,55.0,-33.0,0.0
pre_round_stress,final_radial_910088_positive,2971.305693,2541.586239,-429.7194539999996,-14.462310458744154,True,True,-476.7194518327465,11.0,60.0,-24.0,0.0
pre_round_stress,final_radial_910088_negative,2828.666446,2615.848155,-212.81829100000004,-7.523626240942793,True,True,-221.81828665123294,11.0,70.0,-72.0,0.0
pre_round_stress,final_reception_edge_910089_spatial_hash,4905.88793,3484.867337,-1421.0205929999997,-28.96561465072032,True,True,-1458.0205940668184,3.0,70.0,-36.0,0.0
pre_round_stress,final_reception_edge_910089_smooth,4379.640457,3462.432893,-917.2075640000003,-20.94253108229519,True,True,-947.2075632430328,4.0,65.0,-39.0,0.0
pre_round_stress,final_reception_edge_910089_positive,4299.018983,3464.310869,-834.708114,-19.416246294811955,True,True,-873.708110566693,2.0,55.0,-18.0,0.0
pre_round_stress,final_reception_edge_910089_negative,4484.735955,3386.911313,-1097.824642,-24.47913663180199,True,True,-1096.8246380963596,7.0,70.0,-78.0,0.0
pre_round_stress,final_uniform_910090_spatial_hash,4637.083765,3662.25058,-974.8331850000004,-21.0225485327199,True,True,-1043.8331841344207,9.0,90.0,-30.0,0.0
pre_round_stress,final_uniform_910090_smooth,4577.648855,3631.14184,-946.5070150000006,-20.67670642684104,True,True,-992.5070136828767,9.0,85.0,-48.0,0.0
pre_round_stress,final_uniform_910090_positive,4043.519618,3862.467057,-181.05256099999997,-4.477598184364739,True,True,-281.052556661924,12.0,100.0,-12.0,0.0
pre_round_stress,final_uniform_910090_negative,4692.873744,3826.811485,-866.0622590000003,-18.454838255712513,True,True,-948.0622596928642,19.0,135.0,-72.0,0.0
pre_round_stress,final_outer_910091_spatial_hash,3847.515719,3335.135615,-512.3801039999998,-13.317167268992247,True,True,-582.3801084248244,6.0,70.0,-6.0,0.0
pre_round_stress,final_outer_910091_smooth,3888.012868,3325.421928,-562.5909399999996,-14.469883693810848,True,True,-618.5909413815189,5.0,75.0,-24.0,0.0
pre_round_stress,final_outer_910091_positive,3589.59886,3309.41093,-280.18793000000005,-7.805549893672525,True,True,-340.1879272991214,6.0,60.0,-6.0,0.0
pre_round_stress,final_outer_910091_negative,3858.144173,3282.320542,-575.8236310000002,-14.92488629714046,True,True,-600.8236282144408,5.0,65.0,-45.0,0.0
pre_round_stress,final_cluster_910092_spatial_hash,2135.014087,2048.887055,-86.12703199999987,-4.034026404060908,True,True,-137.12703337281027,9.0,45.0,-3.0,0.0
pre_round_stress,final_cluster_910092_smooth,2141.901942,2052.442518,-89.45942400000013,-4.1766348984429875,True,True,-125.45942071967511,9.0,45.0,-18.0,0.0
pre_round_stress,final_cluster_910092_positive,2121.224443,2046.426275,-74.79816800000003,-3.5261788655525095,True,True,-134.7981656378006,10.0,50.0,0.0,0.0
pre_round_stress,final_cluster_910092_negative,2240.811292,2048.798005,-192.01328699999976,-8.568918216608123,True,True,-195.0132854476558,9.0,45.0,-51.0,0.0
pre_round_stress,final_min_radius_910093_spatial_hash,4351.400756,3735.610495,-615.7902610000001,-14.15154097564807,True,True,-638.7902633455301,-6.0,35.0,-6.0,0.0
pre_round_stress,final_min_radius_910093_smooth,4374.491797,3718.654866,-655.8369309999998,-14.99229993869845,True,True,-662.8369275575369,-6.0,25.0,-12.0,0.0
pre_round_stress,final_min_radius_910093_positive,4341.620051,3787.645074,-553.9749769999999,-12.75963742779388,True,True,-561.9749767698117,-6.0,20.0,-6.0,0.0
pre_round_stress,final_min_radius_910093_negative,4406.700695,3708.006494,-698.6942010000002,-15.85526790582269,True,True,-687.6942022650296,-6.0,25.0,-30.0,0.0
pre_round_stress,final_radial_910094_spatial_hash,2909.457817,3115.528486,206.07066900000018,7.082785933376545,True,True,167.0706734061173,10.0,65.0,-36.0,0.0
pre_round_stress,final_radial_910094_smooth,2857.548646,2911.27248,53.7238339999999,1.8800671713919082,True,True,-64.27616921413755,23.0,125.0,-30.0,0.0
pre_round_stress,final_radial_910094_positive,2867.766325,3090.770437,223.00411200000008,7.776230233821435,True,True,100.00411164959269,21.0,120.0,-18.0,0.0
pre_round_stress,final_radial_910094_negative,2920.230345,3052.273095,132.04275000000007,4.521655294284677,True,True,101.04274931821055,12.0,70.0,-51.0,0.0
pre_round_stress,final_reception_edge_910095_spatial_hash,4544.527622,3469.80411,-1074.7235119999996,-23.648739789747943,True,True,-1169.7235129710884,10.0,115.0,-30.0,0.0
pre_round_stress,final_reception_edge_910095_smooth,3923.950623,3424.375684,-499.5749390000001,-12.731427762413006,True,True,-569.5749400499835,7.0,90.0,-27.0,0.0
pre_round_stress,final_reception_edge_910095_positive,4560.393093,3411.010483,-1149.3826099999997,-25.203586326017614,True,True,-1255.3826084977068,10.0,120.0,-24.0,0.0
pre_round_stress,final_reception_edge_910095_negative,4568.395456,3456.848473,-1111.5469830000002,-24.33123388081753,True,True,-1170.5469845042485,8.0,105.0,-54.0,0.0
pre_round_stress,final_uniform_910096_spatial_hash,4056.374748,3508.138405,-548.236343,-13.515426385846341,True,True,-616.2363449418208,11.0,90.0,-33.0,0.0
pre_round_stress,final_uniform_910096_smooth,4101.283011,3504.69912,-596.5838910000002,-14.546274651125268,True,True,-642.5838912814115,9.0,85.0,-48.0,0.0
pre_round_stress,final_uniform_910096_positive,3872.391243,3488.90636,-383.4848830000001,-9.90305108486168,True,True,-351.48488127360906,-9.0,-5.0,-18.0,0.0
pre_round_stress,final_uniform_910096_negative,4365.651151,3487.411464,-878.2396870000002,-20.117037679449712,True,True,-846.2396896043392,6.0,70.0,-108.0,0.0
pre_round_stress,final_outer_910097_spatial_hash,2510.677764,2283.614077,-227.06368699999985,-9.043919942885982,True,True,-284.0636869640912,13.0,65.0,-21.0,0.0
pre_round_stress,final_outer_910097_smooth,2319.53281,2302.277811,-17.254999000000225,-0.7438997597106756,True,True,-92.25499741479962,14.0,70.0,-9.0,0.0
pre_round_stress,final_outer_910097_positive,2403.036672,2274.059176,-128.97749599999997,-5.367271232388415,True,True,-191.97749423650725,13.0,65.0,-15.0,0.0
pre_round_stress,final_outer_910097_negative,2351.252585,2294.076597,-57.17598799999996,-2.431724620517539,True,True,-123.17598827754614,13.0,65.0,-12.0,0.0
pre_round_stress,final_cluster_910098_spatial_hash,2478.035894,2154.493835,-323.5420589999999,-13.056391143622392,True,True,-425.5420613468225,27.0,135.0,-60.0,0.0
pre_round_stress,final_cluster_910098_smooth,2486.13349,2205.418703,-280.71478700000034,-11.291219402703934,True,True,-370.7147849064993,24.0,120.0,-54.0,0.0
pre_round_stress,final_cluster_910098_positive,2382.457867,2174.108528,-208.34933899999987,-8.745142648098714,True,True,-322.34933836881623,23.0,115.0,-24.0,0.0
pre_round_stress,final_cluster_910098_negative,2648.401602,2187.234993,-461.1666089999999,-17.413016539928826,True,True,-485.16660711320014,25.0,125.0,-126.0,0.0
pre_round_stress,final_min_radius_910099_spatial_hash,4206.606942,3279.957592,-926.6493500000001,-22.028427252093863,True,True,-939.649349579975,-2.0,15.0,0.0,0.0
pre_round_stress,final_min_radius_910099_smooth,4243.188657,3312.698249,-930.4904079999997,-21.929036939353786,True,True,-931.4904075247309,-2.0,15.0,-12.0,0.0
pre_round_stress,final_min_radius_910099_positive,4408.621222,3259.249593,-1149.3716289999998,-26.07099977798909,True,True,-1143.371625911584,-5.0,5.0,-6.0,0.0
pre_round_stress,final_min_radius_910099_negative,4134.227435,3352.339898,-781.8875369999996,-18.912542894486396,True,True,-789.8875401771511,-2.0,25.0,-15.0,0.0
pre_round_stress,final_radial_910100_spatial_hash,2883.836749,2773.13729,-110.69945899999993,-3.838617391861243,True,True,-172.69945680149158,14.0,75.0,-27.0,0.0
pre_round_stress,final_radial_910100_smooth,2702.211364,2754.69243,52.48106600000028,1.9421525162381936,True,True,-8.518936919603675,12.0,70.0,-21.0,0.0
pre_round_stress,final_radial_910100_positive,2779.656331,2783.654706,3.998374999999669,0.14384422115094608,True,True,-54.0016242634797,10.0,60.0,-12.0,0.0
pre_round_stress,final_radial_910100_negative,2858.363505,2751.836048,-106.52745699999969,-3.7268687769647313,True,True,-92.52746059994342,8.0,50.0,-72.0,0.0
pre_round_stress,final_reception_edge_910101_spatial_hash,4006.955528,3480.686622,-526.2689059999998,-13.133884374870453,True,True,-527.2689052712881,-3.0,40.0,-36.0,0.0
pre_round_stress,final_reception_edge_910101_smooth,4037.924566,3508.18068,-529.7438860000002,-13.119212044240058,True,True,-566.7438885369934,7.0,75.0,-45.0,0.0
pre_round_stress,final_reception_edge_910101_positive,3725.507037,3473.579315,-251.9277219999999,-6.762239864210995,True,True,-339.92771934935536,12.0,100.0,-24.0,0.0
pre_round_stress,final_reception_edge_910101_negative,3947.929792,3760.903953,-187.0258389999999,-4.737314209056731,True,True,-211.02583767267515,5.0,100.0,-81.0,0.0
pre_round_stress,final_uniform_910102_spatial_hash,3575.465937,3486.60985,-88.85608700000012,-2.485161054968821,True,True,-167.8560907000524,10.0,105.0,-36.0,0.0
pre_round_stress,final_uniform_910102_smooth,3550.914662,3349.088645,-201.82601700000032,-5.6837754835348475,True,True,-256.82601540162386,5.0,80.0,-30.0,0.0
pre_round_stress,final_uniform_910102_positive,3574.082203,3497.615423,-76.46677999999974,-2.1394801702046884,True,True,-214.4667764710648,18.0,135.0,-15.0,0.0
pre_round_stress,final_uniform_910102_negative,3676.923332,3446.471681,-230.45165099999986,-6.2675130861281625,True,True,-319.45165048896024,19.0,145.0,-75.0,0.0
pre_round_stress,final_outer_910103_spatial_hash,3971.306187,3730.931002,-240.37518500000033,-6.052799096349315,True,True,-306.3751855163696,5.0,70.0,-9.0,0.0
pre_round_stress,final_outer_910103_smooth,4000.413275,3689.372918,-311.04035699999986,-7.775205600476365,True,True,-361.04035839475137,6.0,65.0,-21.0,0.0
pre_round_stress,final_outer_910103_positive,3836.360379,3683.007818,-153.35256100000015,-3.9973450314898074,True,True,-203.35255773501376,6.0,50.0,-6.0,0.0
pre_round_stress,final_outer_910103_negative,4080.742142,3644.664065,-436.0780770000001,-10.686244360107377,True,True,-463.078078628655,8.0,70.0,-51.0,0.0
pre_round_stress,final_cluster_910104_spatial_hash,2133.056624,2036.457093,-96.59953099999984,-4.528690420737735,True,True,-96.59953154023515,0.0,0.0,0.0,0.0
pre_round_stress,final_cluster_910104_smooth,2144.908445,2046.560331,-98.34811400000012,-4.585189369236698,True,True,-98.34811141541945,0.0,0.0,0.0,0.0
pre_round_stress,final_cluster_910104_positive,2120.22363,2037.577878,-82.6457519999999,-3.897973347273742,True,True,-82.6457484100631,0.0,0.0,0.0,0.0
pre_round_stress,final_cluster_910104_negative,2118.788679,2043.620413,-75.16826599999968,-3.5477000016573945,True,True,-75.1682653395992,0.0,0.0,0.0,0.0
pre_round_stress,final_min_radius_910105_spatial_hash,4747.996708,3803.748701,-944.2480069999997,-19.88729279043131,True,True,-947.248005604948,-6.0,15.0,-6.0,0.0
pre_round_stress,final_min_radius_910105_smooth,4655.89141,3813.288617,-842.602793,-18.097561106993254,True,True,-827.602793723699,-8.0,5.0,-12.0,0.0
pre_round_stress,final_min_radius_910105_positive,4689.107867,3845.228918,-843.8789489999999,-17.996577876548137,True,True,-845.8789510347206,-6.0,20.0,-12.0,0.0
pre_round_stress,final_min_radius_910105_negative,4206.761827,3791.508823,-415.25300400000015,-9.871084246671813,True,True,-421.2530071327715,-3.0,30.0,-21.0,0.0
pre_round_stress,final_radial_910106_spatial_hash,2503.331548,2336.076144,-167.255404,-6.681312514661764,True,True,-209.2554023506491,9.0,45.0,-12.0,0.0
pre_round_stress,final_radial_910106_smooth,2363.36041,2426.614387,63.253977000000305,2.676442269759449,True,True,28.25397767109689,8.0,45.0,-18.0,0.0
pre_round_stress,final_radial_910106_positive,2382.885578,2418.295524,35.40994600000022,1.486011175984392,True,True,-3.590052263273037,9.0,45.0,-15.0,0.0
pre_round_stress,final_radial_910106_negative,2493.680563,2366.604321,-127.0762420000001,-5.0959310460808265,True,True,-151.07624011668986,8.0,40.0,-24.0,0.0
pre_round_stress,final_reception_edge_910107_spatial_hash,4196.284329,3611.054428,-585.2299010000002,-13.946383398177975,True,True,-668.2298981601239,12.0,110.0,-39.0,0.0
pre_round_stress,final_reception_edge_910107_smooth,4173.101279,3676.866986,-496.23429300000043,-11.89125927753455,True,True,-568.2342928490712,11.0,100.0,-39.0,0.0
pre_round_stress,final_reception_edge_910107_positive,4197.094961,3732.54494,-464.55002099999956,-11.068370511429071,True,True,-558.5500228748956,10.0,105.0,-21.0,0.0
pre_round_stress,final_reception_edge_910107_negative,4360.713076,3593.779658,-766.9334180000001,-17.58733960784904,True,True,-783.9334143255032,9.0,80.0,-72.0,0.0
pre_round_stress,final_uniform_910108_spatial_hash,3830.317118,3610.353747,-219.96337099999982,-5.742693469590677,True,True,-271.9633773003675,6.0,55.0,-9.0,0.0
pre_round_stress,final_uniform_910108_smooth,3852.345327,3629.826172,-222.51915499999996,-5.776199590426801,True,True,-278.51915828539995,5.0,60.0,-9.0,0.0
pre_round_stress,final_uniform_910108_positive,3930.919345,3568.830961,-362.0883839999997,-9.211290088171465,True,True,-352.0883872885679,-3.0,5.0,-12.0,0.0
pre_round_stress,final_uniform_910108_negative,4039.50639,3642.163082,-397.343308,-9.83643221814534,True,True,-394.34330537848473,0.0,30.0,-33.0,0.0
pre_round_stress,final_outer_910109_spatial_hash,2887.476271,2697.67587,-189.80040099999997,-6.5732280783130985,True,True,-234.80039994850927,11.0,55.0,-21.0,0.0
pre_round_stress,final_outer_910109_smooth,2915.308324,2705.184823,-210.12350100000003,-7.207591021168436,True,True,-255.1235003220986,12.0,60.0,-27.0,0.0
pre_round_stress,final_outer_910109_positive,2860.777629,2692.969498,-167.80813100000023,-5.865822261014342,True,True,-209.8081347474067,10.0,50.0,-18.0,0.0
pre_round_stress,final_outer_910109_negative,3089.228973,2706.409365,-382.81960800000024,-12.392076189426582,True,True,-358.81961113041734,12.0,60.0,-96.0,0.0
pre_round_stress,final_cluster_910110_spatial_hash,2068.26878,2012.165413,-56.103366999999935,-2.7125762155535638,True,True,-104.1033698549104,9.0,45.0,-6.0,0.0
pre_round_stress,final_cluster_910110_smooth,2102.242395,2027.189348,-75.0530470000001,-3.5701423954967004,True,True,-114.05304514858562,10.0,50.0,-21.0,0.0
pre_round_stress,final_cluster_910110_positive,2050.607257,2025.654408,-24.952849000000015,-1.2168516869732304,True,True,-96.95284781677128,12.0,60.0,0.0,0.0
pre_round_stress,final_cluster_910110_negative,2206.324948,2008.683946,-197.64100199999984,-8.957928077600641,True,True,-188.64100045425585,9.0,45.0,-63.0,0.0
pre_round_stress,final_min_radius_910111_spatial_hash,4068.184294,3583.266945,-484.9173490000003,-11.91974881067176,True,True,-536.9173499253657,7.0,60.0,-15.0,0.0
pre_round_stress,final_min_radius_910111_smooth,4088.838675,3600.050627,-488.7880479999999,-11.954202326165387,True,True,-531.7880438924894,7.0,60.0,-24.0,0.0
pre_round_stress,final_min_radius_910111_positive,4138.711012,3548.565816,-590.1451959999999,-14.259154463525025,True,True,-651.1451948936028,7.0,60.0,-6.0,0.0
pre_round_stress,final_min_radius_910111_negative,4077.367781,3605.832139,-471.5356419999998,-11.564707118089624,True,True,-498.535639804159,7.0,65.0,-45.0,0.0
pre_round_stress,final_radial_910112_spatial_hash,2656.533543,2660.032127,3.498583999999937,0.1316973395355303,True,True,-39.50141618503244,6.0,40.0,-3.0,0.0
pre_round_stress,final_radial_910112_smooth,2710.52589,2771.770974,61.24508400000013,2.2595277258170787,True,True,37.24508069214244,6.0,45.0,-27.0,0.0
pre_round_stress,final_radial_910112_positive,2592.31258,2748.502996,156.19041600000037,6.0251382184782765,True,True,112.19041747403912,8.0,45.0,-9.0,0.0
pre_round_stress,final_radial_910112_negative,2716.361463,2666.684881,-49.67658200000005,-1.8287912958806385,True,True,-71.67658161879172,6.0,40.0,-24.0,0.0
pre_round_stress,final_reception_edge_910113_spatial_hash,3473.729892,3328.07879,-145.6511019999998,-4.192931129603206,True,True,-188.65110334969404,4.0,75.0,-36.0,0.0
pre_round_stress,final_reception_edge_910113_smooth,3572.561363,3341.586559,-230.97480399999995,-6.4652438553509555,True,True,-254.97480245007955,5.0,70.0,-51.0,0.0
pre_round_stress,final_reception_edge_910113_positive,4043.199707,3350.200146,-692.9995610000001,-17.139879581021155,True,True,-765.9995602965287,5.0,80.0,-12.0,0.0
pre_round_stress,final_reception_edge_910113_negative,3982.341526,3316.177974,-666.163552,-16.727936256866382,True,True,-655.1635471787467,4.0,60.0,-75.0,0.0
pre_round_stress,final_uniform_910114_spatial_hash,3864.820469,3082.857283,-781.963186,-20.232846319051102,True,True,-787.9631820571776,3.0,45.0,-42.0,0.0
pre_round_stress,final_uniform_910114_smooth,3754.078345,3008.071834,-746.006511,-19.871895108251934,True,True,-743.0065123637423,9.0,60.0,-72.0,0.0
pre_round_stress,final_uniform_910114_positive,3684.705578,3038.195196,-646.5103819999999,-17.545781292814056,True,True,-721.5103803435213,12.0,75.0,-12.0,0.0
pre_round_stress,final_uniform_910114_negative,3944.407104,3132.19006,-812.217044,-20.59161294929054,True,True,-768.2170420077741,4.0,45.0,-93.0,0.0
pre_round_stress,final_outer_910115_spatial_hash,3530.811671,3578.349665,47.53799400000025,1.3463758033442907,True,True,-9.461999623430984,6.0,75.0,-24.0,0.0
pre_round_stress,final_outer_910115_smooth,4145.529187,3557.841437,-587.68775,-14.176422924314103,True,True,-517.6877487647785,-9.0,5.0,-66.0,0.0
pre_round_stress,final_outer_910115_positive,4326.071932,3570.500475,-755.571457,-17.465531523205378,True,True,-822.5714565547755,6.0,70.0,-9.0,0.0
pre_round_stress,final_outer_910115_negative,4038.790286,3532.921069,-505.86921699999994,-12.525265764690408,True,True,-398.8692240894261,-9.0,-5.0,-93.0,0.0
pre_round_stress,final_cluster_910116_spatial_hash,2139.58666,2146.749677,7.163016999999854,0.33478508414330754,True,True,-34.83698192892075,7.0,35.0,0.0,0.0
pre_round_stress,final_cluster_910116_smooth,2143.874332,2138.639801,-5.234531000000061,-0.2441622123959486,True,True,-47.23452885209667,7.0,35.0,0.0,0.0
pre_round_stress,final_cluster_910116_positive,2390.319776,2134.724092,-255.5956839999999,-10.692949393897322,True,True,-288.5956845309561,10.0,50.0,-27.0,0.0
pre_round_stress,final_cluster_910116_negative,2182.927394,2152.729439,-30.197954999999638,-1.3833696477034363,True,True,-57.197956452292146,7.0,35.0,-15.0,0.0
pre_round_stress,final_min_radius_910117_spatial_hash,4021.636125,3565.045302,-456.590823,-11.353359896527193,True,True,-498.59082116952186,1.0,50.0,-9.0,0.0
pre_round_stress,final_min_radius_910117_smooth,4070.597523,3569.98584,-500.6116830000001,-12.29823582831282,True,True,-529.6116847273429,-1.0,45.0,-15.0,0.0
pre_round_stress,final_min_radius_910117_positive,4028.691016,3468.623997,-560.0670190000001,-13.901960134835022,True,True,-616.0670192405178,2.0,60.0,-6.0,0.0
pre_round_stress,final_min_radius_910117_negative,4296.584659,3362.33385,-934.2508090000001,-21.744033532378726,True,True,-962.2508070633312,1.0,45.0,-18.0,0.0
pre_round_stress,final_radial_910118_spatial_hash,2924.328945,2514.468937,-409.8600080000001,-14.015523414381148,True,True,-502.8600042280266,22.0,110.0,-39.0,0.0
pre_round_stress,final_radial_910118_smooth,2852.711555,2389.883686,-462.82786899999974,-16.224138335640447,True,True,-483.8278706688752,8.0,40.0,-27.0,0.0
pre_round_stress,final_radial_910118_positive,2696.746759,2393.905095,-302.84166400000004,-11.229888864770487,True,True,-346.8416647590707,10.0,55.0,-21.0,0.0
pre_round_stress,final_radial_910118_negative,2743.691185,2435.559471,-308.1317140000001,-11.230553776772812,True,True,-314.1317135215111,9.0,45.0,-48.0,0.0
pre_round_stress,final_reception_edge_910119_spatial_hash,4129.73104,3622.738961,-506.99207899999965,-12.276636761313142,True,True,-573.9920770303293,9.0,100.0,-42.0,0.0
pre_round_stress,final_reception_edge_910119_smooth,4320.490505,3428.098543,-892.3919619999997,-20.654876129625933,True,True,-960.3919611090146,9.0,95.0,-36.0,0.0
pre_round_stress,final_reception_edge_910119_positive,4188.255379,3622.021461,-566.2339180000004,-13.519565230886087,True,True,-631.2339164501536,9.0,80.0,-24.0,0.0
pre_round_stress,final_reception_edge_910119_negative,4379.24093,3632.409978,-746.8309519999998,-17.053890478686217,True,True,-780.8309500676237,10.0,105.0,-81.0,0.0
